-6.283622423324341,3.6803956526937185,-26.096105367554685,-14.237015019441513,6.337605053155555,38.53525184797845,31.12373606557047,-9.08641930944431,5.3866738470037285,6.711715270964997,-0.5178203457697417,14.391306970172597,6.045493568304991,17.89353617119369,24.887261681633245,12.670472491472042,-24.908724590245416,3.306048282629631,24.91244417103362,-7.706380611193037,2.3753953067988434,-13.08338202724803,38.955607127417345,14.256506686019268,-1.7472353547969293,19.153932098750168,-18.752785626169185,38.64836307875083,36.15279348254337,16.018091114788273,29.935768535466156,-18.50506456274848,-23.115410689769032,-1.365600795455775,25.915094248945756,-16.88670502745062,19.66416241111048,8.448796666829464,-1.7296243859507052,-15.787375104700098,1.88407110471468,-14.144424636071276,-26.517576471439973,7.444081194995858,-0.3228520669113033,11.509694031945303,33.08338045071382,35.11368682229066,-22.6946915449103,20.779257899144955
3.658844002114772,-2.442920232509974,3.981830036974243,3.1260659497602634,1.429776444430554,-1.7540338927097863,-6.20113879923547,4.1447012732280175,-1.7992757490484557,-1.2975770401750495,1.371475124713767,2.1460343683930776,2.5214587734320966,-1.7733841001356738,-4.956350681963905,-1.1918549056357297,3.3937951700208484,2.5752511315406146,1.1004182889415355,3.460360355141336,-0.28685265379577224,0.08446954086821186,-6.890672556584704,-4.635094861986099,0.25791279567071473,-2.767850159843938,3.1574004666467426,-4.995972102589861,-4.3923953430182126,-5.431771714130751,1.3745267683427007,3.4017990177534942,3.8333384352048037,-1.105477092224812,-4.216507187748672,1.6465763649165863,3.207944231058506,-3.707794450356376,-2.319853381460673,2.783984566477626,2.2660526526006066,1.645618505814463,5.645123356679121,2.20653986667949,0.30040604697902423,0.2888645581925948,-1.9940231984367052,-4.184268100040938,4.84673543753982,2.0348251953405128
-1.6700511736600139,1.0570192392608784,-2.4806198521169733,-1.7744633903427172,-0.5568556352891594,2.2991554009129618,3.259138691217817,-1.808357842088649,0.8376338878777714,0.49971203489782634,-0.22906737276813974,-0.04335819045698555,-0.9566968280959905,1.9031586031058059,2.4960804918154738,0.9792290120185471,-2.7739625851409238,-1.0947257644978052,0.9118327157332861,-1.7355825908622176,-0.3639237489909781,-0.7325785975048777,4.246356885184733,2.3176800756070643,-0.1764129141995138,1.7827979564700385,-2.272327490598594,3.4349014167567042,2.8495388150282137,2.8053459900825586,0.6328262737142579,-2.297548445092968,-2.406198023978753,0.24550766127207616,2.4698973928050143,-1.9257813142712048,-0.374050955137969,1.3249279033676389,0.6695130200965526,-1.577663014063964,-0.7911169971019485,-1.4865645050075356,-3.17870774395985,-0.4701750898381092,0.06646425504472561,-0.0060509513354318305,2.1505508516956504,2.8572343203883914,-2.791378886649908,0.1722886353971722
0.7080492203535291,-0.3147352170673634,0.6575776664972541,0.21743022595584244,0.15593720628265573,-0.007738580943405004,-1.1234947305279404,0.7702316203521367,-0.2567715663757708,-0.11446973835362279,0.24122082339291537,0.2985314906356261,0.4360801862198018,0.02768698072198453,-0.5211260894073123,-0.03655038166933327,0.3978240250313732,0.4693679387331143,0.25070015655972533,0.613823755814426,-0.08051569428459884,-0.12136965885228942,-1.0231590543518876,-0.6889719445032993,-0.09566057976576979,-0.26331146215793055,0.5647489347899927,-0.4866680573824026,-0.5901253191532545,-0.8015578980279644,0.30456051937795847,0.4162406222737358,0.6081235333436982,-0.18176742485960293,-0.5299943808807501,0.14094785370062285,0.5341514768436617,-0.3772095718300124,-0.34333997409243994,0.5829669562858003,0.3044435506003934,0.1356889006928171,0.7432008294735623,0.513246805339335,0.019863116639277575,-0.0348047448547763,-0.20803956302941565,-0.37486469770321545,0.7547730022465162,0.34994729310004435
-0.03565144635231267,-0.015415361031049367,-0.06234581396055075,-0.021684982701092332,-0.013750565076833081,0.014539804435719053,0.049408763208392686,-0.04087731535927708,0.010811427394170766,-0.008873073227007736,-0.017774907540760474,-0.01649422987016283,-0.031464422675843234,0.023444763805703882,0.011437901941760725,0.0077825684034234675,-0.05699392472480149,-0.006925929822962171,0.009549394694799769,-0.05438873074782222,-0.007113768431021206,-0.007668294019957419,0.06297500878225552,0.0353624407964081,-0.01024762541755909,0.012994157390047884,-0.05348107025364742,0.02357188990420993,0.02536345237750927,0.04364945692460489,-0.01722096974018329,-0.02882235789103186,-0.04480806843608369,-0.026135429389627235,0.009833173609428083,-0.06393213025561185,-0.01643227877469951,0.019719054970091274,0.006683127596685575,-0.03780850962022674,0.01076056065517296,-0.0469033373653636,-0.04163630016844711,-0.00879871168182412,0.019560824003674784,-0.007803283125633678,0.010103150549772916,0.020665692171734893,-0.0681354097511752,0.00042544383383204075
-0.0005582922287047159,-0.0002970170396845215,-0.0010405034768777716,0.002944996255068534,0.0008753909032669847,0.0030245912957460267,0.0010863611253864268,0.001447766997178575,0.0018100569965860632,0.0009674933438263456,0.001174148512783835,0.0014552474897701463,-0.0006850632587995482,0.002319726395348777,-0.0006963913147504707,0.0015666718028113718,-0.002552887723526852,0.0019804933184258576,0.0039857102784997146,0.0007943108790079867,-0.0006266638868926459,0.00129535825910312,0.005001576277609724,0.0015844329287366679,0.0008608109450945985,0.002119789495247423,-0.0016158222187687553,0.0014833587989450394,0.0036350846469732903,0.003981630163229283,0.002468204529325591,-0.0022959761585627982,-0.0004237296494204781,-0.0022581374193492614,-0.001633684332816665,-0.0023607123241030648,0.0007368670458307905,0.0004337289133064195,-0.0026551591627373633,0.001195405089622309,0.003800272041903914,-0.0016054680039843331,-0.0020822078361070365,0.0017540871999836406,0.0031554092969094966,0.0027108054656097744,0.0020152211786306318,0.0011241794883409483,-0.0009054896366328074,0.0018957233387638288
-9.01043474564929e-6,0.00030401210157914374,0.00045831869181996594,-9.027563829119858e-5,-0.00022933374244635157,-0.00012040654307803523,-0.0003329394131407994,0.00010037484680155016,-1.0636011052372245e-5,1.9884750565564935e-5,0.0002792905454911193,-4.3879602807561196e-5,-0.00013919491114802046,0.00019129235661289186,8.944190207577494e-5,0.0001225577363049682,0.00010240233851632433,-0.0003720391131197826,-6.477466853722692e-5,0.00026439890099001626,-0.00028288939136763555,4.035479962571394e-6,-0.00015054465898263134,5.4167636183663026e-5,8.468763714722777e-5,9.809006548599172e-5,0.00010904728741594482,6.767756758865126e-5,-0.00024770310188798746,0.00023470549620000837,-0.00012774081665854083,-0.00017989782305366552,0.00028960353693532464,0.00032444549131338475,0.00010995054961843813,0.0001487675763097382,-0.0003792265227514315,-0.00016181415552267385,0.00010800600257098056,0.0003433992566930769,-0.0004268829960248717,0.00025823811914164993,-1.1226894329823643e-5,-0.0001699213022842772,-0.00010329287454119655,-0.00030954713687609615,-1.4276492622081916e-5,-0.00010344573670551495,0.0002792678477954441,-0.00031976584636111705
-3.537059577848125e-5,3.8025860302687277e-6,-1.764686681832697e-5,-4.751174253693648e-5,-2.9267496420819158e-5,-2.794104689979359e-5,3.107580872943444e-5,-4.929556048854496e-5,-1.029621916326421e-5,-7.002357046840569e-6,-1.209135839308215e-5,-3.4149818531106435e-5,-2.9509233832438538e-5,-1.1544472671534493e-6,2.5205896584743054e-5,7.340771919871069e-6,-9.345456519107135e-6,-5.0867720617037877e-5,-2.4849641503391527e-5,-3.452363383575297e-5,-1.520547276993604e-5,-1.6188003405408854e-5,5.026416289030081e-6,2.7987635265793147e-5,-2.4682107617401076e-6,4.115659461325073e-6,-3.671172518337068e-5,1.6611151524950025e-5,-2.992593346252722e-5,2.3202756851311843e-5,-4.075101038874192e-5,-1.1955315084310354e-5,-1.2907701060167916e-5,2.9083128819174165e-5,3.256557953709957e-5,-5.623622711913869e-6,-4.805390236533256e-5,-2.2822450111851913e-6,4.1527144567096356e-5,-3.3282702840731033e-5,-5.8960014975213226e-5,3.990453408936874e-6,-2.642126820810463e-5,-4.590192272135457e-5,-2.200063972222293e-5,-3.308530176198976e-5,-1.0588812951674681e-5,1.7446290207571407e-6,-3.895255461493612e-5,-3.83488951043284e-5
-7.3023236218752065e-6,-2.8980247970315834e-6,-9.80621798629369e-7,1.815070882769849e-5,9.523894667185578e-6,-2.165195928874656e-6,6.851995843374358e-6,9.736472244283645e-6,2.627224246376514e-6,8.306418774047628e-6,-6.727732661630774e-6,6.9120385184186895e-6,7.851693760941847e-6,-7.271676193866047e-6,-1.540965997547093e-5,-1.2853130069056312e-5,6.965266666733843e-6,-7.282586098151182e-6,-4.817124093844123e-6,4.079848674340916e-6,4.2089323838132625e-6,-5.0576513388409734e-6,-9.014438774291603e-6,-4.47182556136946e-6,1.0422609695227622e-5,-6.290164846734669e-6,1.7608735850771875e-6,-4.511309607264798e-6,-8.620879463484668e-6,-1.0527814409695198e-5,1.3089128488447655e-6,9.74455937008047e-6,-5.233917460240291e-6,3.2047180118449202e-6,-9.306860143875893e-6,1.555384536174229e-5,9.730540331682795e-6,-7.8797476843457e-6,2.214419388633856e-6,2.1990467625939256e-6,1.8109001209529204e-6,1.4169516069808345e-5,4.404541677091061e-6,-6.046579678885311e-6,-3.753224781221132e-7,1.330515219256303e-5,-3.2212732229293307e-6,-1.6826623470110518e-5,9.49935367339188e-6,2.9926828958721526e-6
-2.80340231970587e-6,2.776935883855472e-6,2.936622017781414e-6,6.39249331702575e-6,2.0142444966686497e-6,-2.1461351998547314e-7,2.371739710108903e-7,5.1013137310042925e-6,2.5060581527517136e-6,4.150572483830857e-6,-5.076981159432384e-7,1.7285443502975925e-6,2.0206918941628345e-6,-3.4791620571177646e-7,-3.7977096552399416e-6,-4.16781362485194e-6,3.274896965926348e-6,-5.354791196640162e-6,-3.6922649711761624e-6,4.019756446361681e-6,6.554787171978906e-7,-1.3023003611907016e-6,-3.412108452083359e-6,-7.531971461590646e-7,4.264108924420359e-6,-7.024849666063524e-7,3.1517756808355573e-6,3.456653930763626e-8,-2.749350152061381e-6,-1.5098511926445907e-6,-6.919274231026848e-7,1.7496360787838061e-6,-8.584559791185074e-7,3.367113404126345e-6,-2.1670073588646715e-6,7.541456699521595e-6,4.525207269374044e-7,-1.6526824547727513e-6,1.8692114118884474e-6,4.734325440548498e-6,-2.0159552421586864e-6,7.09923672077314e-6,9.732010783459257e-7,-2.7645260980375434e-6,-6.75663257285933e-7,2.973397846709444e-6,-8.852730660910576e-7,-6.0861791834130665e-6,6.330649143409546e-6,-2.134422822878916e-6
-2.577640877045206e-7,7.661867498173051e-7,7.294038911219451e-7,1.1834460114832635e-6,2.669077513074761e-7,6.133999518577045e-7,-5.629414777676424e-7,1.025278477853545e-6,8.264178464005363e-7,4.207199066410479e-7,5.767629787760866e-7,2.5792872178186186e-7,-1.4018625858186769e-7,4.951340256690185e-7,-2.925339443365247e-7,4.619650943243886e-8,2.161488780071343e-7,-3.229158918302919e-7,-1.1314690709394662e-7,1.1508014918756058e-6,-3.2528488845053996e-8,3.273229893241705e-7,1.4048969336432007e-7,-6.894259654027696e-8,5.411476699521561e-7,4.2396430754629686e-7,6.283796005303743e-7,4.736995629664138e-8,5.064981423965113e-7,6.933767719311485e-7,2.1702480169035895e-7,-3.1905025150786396e-7,1.3094497292559625e-7,-3.8179524576699506e-8,-3.9047877426383984e-7,4.801866338460912e-7,-4.174169672933974e-7,1.2997219452746347e-7,-3.36970205436758e-7,1.2284398356367891e-6,2.5627572281686805e-7,5.98967661610339e-7,-5.1986708942193964e-9,1.43032273421295e-7,1.9226350374809744e-7,2.996852627964547e-7,2.9785002104385593e-7,-4.214195773960857e-7,1.0923139403887842e-6,-4.5463790335167724e-7
1.4747730116180455e-7,2.514287261435584e-7,2.3028009437657104e-7,-9.476129130917036e-8,-1.1543486037000642e-7,2.811773479290494e-7,-4.786562130913432e-7,1.1517954370123448e-7,1.4395109724485089e-7,-1.7682425665209443e-7,3.5207435864927276e-7,-4.4594857903083434e-8,-2.7370790838629024e-7,3.3900264838563036e-7,2.0442364626008122e-7,2.99940096914417e-7,-1.5739953649363138e-7,1.5629664277463742e-7,8.089542752127057e-8,2.2267292811809564e-7,-1.2974747405246866e-7,1.6228965435180785e-7,1.6038580436653042e-7,-5.8336920108794046e-8,-1.350310037975569e-7,2.219536766140478e-7,1.4804284132093001e-7,5.159146579093363e-9,3.248882048673494e-7,3.6515666772422704e-7,4.132903122295675e-8,-3.0382031446624013e-7,1.709915807864909e-7,-2.2792137506805277e-7,4.743742717180047e-8,-4.443938966626812e-7,-3.107268979858762e-7,1.969525592302117e-7,-2.4073327574417264e-7,2.813902432824225e-7,1.4404535854135786e-7,-2.957724306533884e-7,-1.209040366796952e-8,2.5820020516565405e-7,2.9107093440322574e-8,-3.3750352415201756e-7,1.745859089729154e-7,2.7412699467322224e-7,8.685081345511992e-8,-1.2519497124535215e-7
8.374627164811417e-8,1.0655085128817751e-7,7.847111666339402e-8,-1.53905745158864e-7,-1.0125231005141762e-7,1.1083507663711444e-7,-2.0693579118346276e-7,-2.062641981216772e-8,3.100353868942503e-8,-1.1517714205529571e-7,1.543474734116911e-7,-5.6956079775680936e-8,-1.4974910382519464e-7,1.6938067608621616e-7,1.632913732142739e-7,1.672785736716193e-7,-1.0888454793794416e-7,7.877853892399681e-8,3.9179412990091546e-8,3.5459005260296585e-8,-7.737780698906536e-8,6.770091155013546e-8,1.0058601286912383e-7,-1.414937459018421e-9,-1.1067893925018219e-7,1.076343649870691e-7,3.5065990073416284e-8,2.87331501955308e-8,1.497247658299872e-7,1.833553284368886e-7,-8.333385594366589e-9,-1.6503697332382592e-7,7.829063039896168e-8,-9.77850465505056e-8,7.495936643719823e-8,-2.6726690062921865e-7,-1.727528090822066e-7,1.136978514602583e-7,-8.462109229662828e-8,7.960382646582514e-8,2.886210793245875e-8,-1.9680804262485238e-7,-3.084883334460805e-8,1.1265644624156774e-7,1.7904077456541456e-9,-2.1986301959600066e-7,8.091229882385672e-8,1.907105851475214e-7,-3.2947917602669654e-8,-6.536748544353969e-8
4.4025462488669157e-8,2.1842518236266865e-8,1.8619051131978075e-8,-6.286845058742855e-8,-3.569360899603216e-8,4.492580558205776e-8,-7.806017315159823e-8,-1.4594656734261365e-8,5.096986876817563e-9,-5.3926017449967034e-8,5.818187868089968e-8,-1.7601841459556544e-8,-5.343485244087121e-8,6.071345491714978e-8,6.370561265208204e-8,7.31102002267379e-8,-4.890675568404351e-8,5.846934578368006e-8,3.628657331635136e-8,5.477762989090344e-9,-2.701829553966292e-8,3.2609949539971446e-8,4.834277222736199e-8,-4.217344268390776e-9,-5.1595088271042524e-8,3.894117952298522e-8,5.538090824532415e-9,4.225135306309492e-9,6.790940217917701e-8,6.83869441543377e-8,9.919546658750675e-9,-6.233908499834547e-8,3.364245147694247e-8,-5.545496180065391e-8,2.3146406054688856e-8,-1.213085484334261e-7,-5.354736514832292e-8,4.368494202961102e-8,-4.6169311495828435e-8,1.8178219785574843e-8,3.298994073891863e-8,-9.527066652566116e-8,-9.220986560382068e-9,5.7860845888478175e-8,1.0648917615738385e-8,-7.862957286152227e-8,3.5456329212767436e-8,8.540371326003792e-8,-2.6355281357328903e-8,-6.8222598746301265e-9
-0.004318241316780259,-0.2946158298368462,-0.38442156462131283,-0.7231211746258417,-0.36767045887054156,-0.3562901249170041,0.2147354353120441,-0.5769568018481845,-0.2580858225404323,-0.2736182729069254,-0.15558230272042714,-0.4017064100533055,-0.04959479622434394,-0.049029077579435164,0.15442982458979745,0.05047219061512211,-0.08460230531196898,-0.14053704805641795,-0.0763097361647394,-0.566496496771118,-0.08407793734110636,-0.1538302186011897,-0.11229255591971005,0.24288633383727867,-0.3726222017669062,-0.0824710468531479,-0.2832458463952374,0.16083668585299057,-0.3469937870611425,-0.15221859314069605,-0.398052750813245,0.06470129319580109,-0.21317120341391532,0.15681649428869127,0.2269197117010697,-0.21259805326682524,-0.09539638335552034,0.045179470079201076,0.39332546756578574,-0.4441072720129496,-0.4119032561901781,-0.22261880793295483,-0.04165326383697438,-0.18164061352100444,0.01551124943212606,-0.3239330207088792,-0.28244958743415816,0.061858497081144624,-0.5455812080314075,-0.13822763074782804
-0.025191653181819415,0.47884996047348805,0.6748181977284038,1.8274473154516173,0.6726785306543519,0.7063770231383931,-0.7883606636288779,1.437073397385593,0.6773233783600958,0.4909310822902902,0.27732318294370323,0.7244314100106102,-0.2591291229352965,0.4052721470598683,-0.936616292316529,-0.2003643876860842,-0.26665494141707746,0.4591360104629128,0.1414972343933998,0.9720460400883117,-0.047997608806483696,0.44508920339096997,0.38810969574544923,-0.5290051518570211,0.7143236671690031,0.042950129384281194,0.39223556501706225,-0.6624149917740987,0.6815140393982776,0.4106101428363209,0.5039583409610014,-0.15950310090714853,0.3423108261202665,-0.8993939735692945,-1.0418950463936583,-0.11458806817831133,0.14986818166596644,0.0008349361286624066,-1.14114295818999,1.0354663769585157,1.3933464063244205,-0.026368494065682136,0.05323722221107752,0.6517391705939289,0.3624928232282816,0.6641160636037063,0.2534542432550216,-0.3471910473450454,1.041067006659218,0.3180734193028948
0.029664292428602936,-0.010730496657484706,0.049846551128719614,-0.11769783764387928,0.09062242890651878,0.012100125769025232,0.3131226079875655,-0.2346494363870109,-0.12271442315126863,0.01170361524620675,0.09402812086538741,0.07187163539701263,0.18762155280487647,-0.27365489718441255,0.309751141715055,0.1693394240918835,0.2838665561382522,0.01193837813435973,0.22704442551077245,0.14523219601451118,0.13473259237475124,0.028818220399377672,0.04343106317699154,0.12172010996263644,0.07876817135606534,0.1520295461634791,-0.022559360637620783,0.19027066568735937,0.07325015185540966,0.01681022580384576,0.2997791368246746,-0.003358841275104301,0.12582558060326288,0.3364754600421881,0.32088117076557726,0.3533544699009025,0.10250134759231734,-0.14575279004426292,0.09344020655643522,-0.18137729340846465,-0.23351956598406787,0.3003995250543037,0.00474341761546797,-0.131938148109685,-0.1580075815278181,0.17400973444404738,0.20341180232498235,0.16122800397510223,-0.06901898372159967,0.08422510150910179
0.048497470766100295,0.050947348114160886,0.180056979351893,0.548024734108363,0.19202330651986438,0.19179344096915155,-0.2579484852067746,0.4135192525237084,0.19676230456724636,0.075824846456498,0.12225608225466796,0.1984903131375741,-0.030701852105164528,0.10270610181525096,-0.31676760897050293,-0.017510513803432555,-0.03552283127648862,0.21523483195439577,0.12468262339461018,0.2936217469521421,-0.014510796992712419,0.18399635262272993,0.08779961388904219,-0.15900642460652556,0.15803260634264563,0.008035227412836559,0.12872630266791918,-0.21926792392450878,0.20564841648229526,0.09004168473441382,0.16823071139755033,-0.006694044528074714,0.1027542632934884,-0.2915839319632468,-0.3654174047951933,-0.03312984227291434,0.08041983082152666,-0.02126566929509555,-0.35059302262941805,0.31290742559893814,0.45735565474640666,-0.03409568610199929,0.08579714204884055,0.242145975475824,0.19113176239419474,0.22652127744235423,0.05508069694257472,-0.13176253182283,0.30831031827408856,0.10695552060241595
-0.05256393592227765,0.0577957405612131,-0.03320613191669827,-0.06132596114708957,-0.008163737867784075,0.008762229745844757,0.06180102344051911,-0.06304552193982119,-0.005307799000901698,0.0028888137058533645,-0.02051653545127273,-0.005312933144497473,-0.025660311414331755,-0.014993855611936707,0.05935280765485704,-0.016122990338677076,-0.016427040195297594,-0.07871572858786276,-0.06599111217811152,-0.03778959033266296,0.01120382669937375,-0.041761047203193354,0.01340512475735095,0.011537743173049416,0.009773980009934484,0.002420351742854089,-0.02703995759946005,0.0380317105093063,0.015286979526950163,0.007941718102886219,-0.014484955231502459,-0.021832703974664486,-0.04789151678425712,0.04288974133474909,0.09637357840926532,-0.001345192914597174,-0.028504737128464398,0.012624808018730681,0.04596686658399142,-0.06474543847268278,-0.08276233837401847,0.011677386084583083,-0.04177252204460081,-0.05611056431745467,-0.07953986859401,-0.04727309112183245,0.02952139635499526,0.03828450776866772,-0.03709123739130233,-0.026560537891626417
0.008718371212506272,-0.012431739126416408,0.0009389032053470311,0.03148658059302291,0.019523589673512094,0.014211562945623573,-0.0004916750870602779,0.016686258734641777,0.005934025776980716,0.003319970470244879,0.006492302926419391,0.016614975217061904,0.011123663680389974,-0.005643501276932622,-0.014641653806205204,0.00755947884704549,0.005203645788034079,0.028853466652181345,0.02886451380597834,0.0185676204999206,0.007031117518926733,0.01268534200944901,0.010385294196132822,-0.005468843047544645,0.007178467677442454,0.004272315092759375,0.002215337220670159,-0.007430843795912715,0.018458723889289458,0.0024423274261803803,0.027600153558265898,0.004374878140440063,0.007299604106259737,-0.01607439673588531,-0.018839083398229248,0.003432277484427562,0.020621620171639623,-0.0062204496986807455,-0.02420988405628508,0.0066903784110617795,0.03350265521119874,0.0008281834039736275,0.006180077662970908,0.01819911748816651,0.01620963793489864,0.030743917371054308,0.009345629671035484,-0.0016751558890128573,0.008291325682932508,0.0216078266937005
0.0002535069752363868,0.0020305235100814413,0.0028659752862237233,-0.0005705027652709546,-0.0007382093353152996,-0.0006627636727451133,-0.0019000749563126693,0.0007833669510532697,-0.00027208054334959515,0.0002642588101929202,0.0013408649514462555,0.0001846644785895356,-3.513047116292846e-5,0.00029046902129405166,0.0010086871860555966,0.0001340711096763979,0.0014705583187366788,-0.0020177056758490805,-0.001065797387157444,0.0018950328479943616,-0.0008031704794834608,-0.0003267291128654464,-0.0018597763516986722,-0.0005789936093659622,0.0005679626189612168,0.0001495991272382579,0.0015798304110967395,0.00012730561977195042,-0.0014035237316886552,0.0002339026892983812,-0.0002942637033470941,-0.0004700580137305523,0.0017368338000349486,0.0021452497045347475,0.001085328978296977,0.0016524166543864776,-0.0016067483489129585,-0.0008733888815299927,0.0008204234343765543,0.0018030498992933398,-0.0026022282746466312,0.0021114653950757767,0.0005544685824992492,-0.0010731343046857787,-0.0015484482002940086,-0.0017752387718540576,0.0002337519852973775,-0.0004700137784488264,0.0023010521758538116,-0.0015914011615378717
-6.273720667102942e-5,9.914121728341396e-6,-3.8673250972216005e-5,-8.73867385724885e-5,1.769025179018506e-5,9.785710694360836e-6,0.00017634241573366544,-0.00013899510320116842,-1.7489980517217426e-5,1.0211993329962564e-5,1.3729128404807324e-5,-1.0236593792885165e-5,-1.7471785260483024e-5,-7.678977879478e-5,0.0002185669868877781,0.00012096122342567547,4.185292538990891e-5,5.805395423399329e-6,9.399995318390536e-5,1.2007776289746674e-5,3.5235447671524705e-5,1.7427081029598143e-5,0.0001335070219978112,6.944218131598969e-5,2.13664599503614e-5,9.06830440345051e-5,-7.647943655749694e-5,9.037185893120031e-5,9.112423113999792e-5,0.0001642928195993232,8.595596561301522e-5,-7.216955889123153e-5,3.960078693998425e-5,7.642388313103642e-5,0.00014419701389379436,1.0696639247333546e-5,-9.878393828633858e-5,4.0233174515876486e-6,3.0272317399772722e-5,-0.00012097107720490865,-7.156209380045455e-5,5.1092160137961564e-5,-0.00010220919513980808,-9.829527208812798e-5,-7.649476459185405e-5,2.8643723521566424e-5,0.0001280191705067547,0.00014115749670545903,-0.00010984051380775705,-8.73640431229798e-6
-2.1829516028767067e-5,-5.369404614823874e-5,-2.937490616213503e-5,0.00014989273404744058,9.855549605505914e-5,1.856843100060204e-5,6.233459857831966e-5,6.577742851772683e-5,2.2472549263558502e-5,4.814507255207504e-5,-4.001646210610021e-5,7.469540356028265e-5,7.440506155595038e-5,-6.60034960595859e-5,-9.390744753480318e-5,-5.2064895016047354e-5,4.2983645172602746e-5,3.772891714699586e-5,3.6962171096145216e-5,4.1297691267341594e-5,5.1168409331516404e-5,3.109202514976883e-7,-1.2132431176213457e-5,-3.61792979833782e-5,6.29003377170033e-5,-3.1525412228046654e-5,6.298536546688075e-6,-3.8898796446344354e-5,1.2112911530267354e-5,-5.302608162443079e-5,7.454235023171984e-5,6.503973313886694e-5,-2.4843881715915634e-5,-2.471714073046948e-5,-7.587222712358105e-5,8.217436357974551e-5,0.00010165193313412605,-4.556498256867647e-5,-3.749121144926259e-5,-1.9606027875890254e-8,8.633387119345279e-5,6.444442117040963e-5,2.8747556593840012e-5,5.5426000294859725e-6,2.824210475219996e-5,0.00013978812840635132,1.3280874832198504e-5,-7.56098209778902e-5,4.822812985888074e-5,7.186530122035267e-5
-1.8287091414058787e-5,1.7293760471812464e-5,1.4055609224796189e-5,3.3949287033339333e-5,1.2854252382449545e-5,-1.8534826029865568e-6,7.482932326720842e-6,2.727982148185665e-5,1.4150148685612088e-5,2.7806482355308125e-5,-7.846913781606067e-6,1.0297111761327403e-5,1.5976122471868104e-5,-4.730407128009539e-6,-1.709258706492981e-5,-2.654328724674832e-5,2.1407377788467217e-5,-3.463837977516949e-5,-2.621991167689071e-5,2.1502550332235056e-5,7.404027661565853e-6,-1.0756710490957056e-5,-2.1115896487721057e-5,-4.028162825823029e-6,2.5169403450439356e-5,-5.374530432919817e-6,1.9766215772436838e-5,3.892631955420218e-6,-1.5481616942565922e-5,-1.0736324437502116e-5,-3.722582074385306e-6,1.199426482184743e-5,-8.325237891853612e-6,2.3980130954965548e-5,-7.409987759261591e-6,5.012126690406639e-5,2.911425240498671e-6,-7.664392779396552e-6,1.6410503835053607e-5,2.5554912685190126e-5,-1.7395180382011227e-5,4.519059613689402e-5,3.2629374445133532e-6,-1.993996530493906e-5,-7.511787638370469e-6,1.7999320640118015e-5,-3.9134551817104995e-6,-3.455072830268933e-5,3.702503646538753e-5,-1.3944088390455105e-5
-1.8288893727323175e-6,4.884127120584667e-6,3.8786760504237096e-6,6.504843159302829e-6,1.959924337281198e-6,3.840786197361502e-6,-1.762292432304641e-6,5.6107052845703924e-6,5.014739797023106e-6,3.4327997117730445e-6,2.7660906071258356e-6,1.7597169816128077e-6,3.2550652933887127e-7,2.4158051428656004e-6,-1.0251093467135274e-7,3.3102077690838817e-7,2.0594594507543616e-6,-2.3551089084756626e-6,-9.65760459995853e-7,6.9517830032260015e-6,6.436859865108708e-7,1.6305575693734429e-6,1.1507984167724962e-6,-8.082939694968425e-9,3.362653000612028e-6,2.7452216580124903e-6,4.200179853824469e-6,1.538454720321977e-6,3.7634233938970577e-6,4.4014011245244686e-6,1.949298786326792e-6,-1.8024320164514433e-6,3.352632402836702e-7,9.695011106034743e-7,-1.0291927401853587e-6,4.508314346838077e-6,-2.529498015757935e-6,1.2185065779908895e-6,-9.375874701348354e-7,7.194155113319953e-6,3.7822505727407406e-7,4.682183888345873e-6,-7.309091695984182e-7,9.492226167764777e-8,6.635109685938283e-7,2.3580095245241465e-6,2.5603714897437207e-6,-1.9721779823310348e-6,6.645419102884942e-6,-2.9851999112272187e-6
9.237357203189835e-7,1.6892918087299414e-6,1.4218399120838101e-6,-8.202476539220814e-7,-6.861025398430672e-7,1.8072471013626352e-6,-2.776844710953949e-6,6.582445489898051e-7,8.784575587654418e-7,-9.215253211538657e-7,2.051747961949974e-6,-1.9702353694303965e-7,-1.453351560717816e-6,2.081071561965377e-6,1.714880523017317e-6,1.86363474829599e-6,-8.652026046916419e-7,8.692601762806226e-7,3.8564862750057414e-7,1.4039224029153112e-6,-6.834267630446321e-7,8.837625695998238e-7,9.982658636686971e-7,-3.618437792453042e-7,-8.53036411665708e-7,1.3918171401810892e-6,1.0912660061595814e-6,2.8852341692128385e-7,2.1449195102849087e-6,2.2913309684083733e-6,3.8241872857555227e-7,-1.9002353028407494e-6,1.0271997746007318e-6,-1.162043646381529e-6,6.187153068648752e-7,-2.5031064593682235e-6,-1.9783086093682996e-6,1.3324393749825733e-6,-1.2591294364038556e-6,1.7954442706838411e-6,6.028608949860371e-7,-1.6621346926240577e-6,-2.036352742825664e-7,1.4676925249817518e-6,5.66306699894318e-9,-2.145892855817501e-6,1.2956951245475145e-6,1.8829630104392178e-6,6.316361114691344e-7,-8.486869277653521e-7
5.110192840982943e-7,8.007185387348681e-7,5.882719914552762e-7,-1.067321940241846e-6,-6.727155877071349e-7,6.690940684537087e-7,-1.3283700029494753e-6,-9.108873994698283e-8,1.85569662160705e-7,-6.389801278688761e-7,9.381236507566243e-7,-3.6442235781133713e-7,-8.870759624747733e-7,1.0893541533026228e-6,1.145667066768557e-6,9.816084289101019e-7,-6.121311770652323e-7,3.2204247541468835e-7,7.476716158860383e-8,2.612533968273314e-7,-4.817418918370229e-7,3.2530779207778084e-7,5.037045338614136e-7,-3.509708894492063e-8,-6.798275388161161e-7,6.609631121462861e-7,3.401702027439135e-7,2.621761569165933e-7,8.503504419818002e-7,1.104361518673945e-6,-1.116678106422222e-7,-1.0323151596590517e-6,5.005395443653023e-7,-4.49525044950036e-7,5.854349416237623e-7,-1.5355415278222434e-6,-1.1539668700200181e-6,7.396775668484345e-7,-3.8728558683802073e-7,5.89486445439333e-7,-3.1143392926101774e-8,-1.1003664152242716e-6,-2.0645741102878085e-7,6.042663459091826e-7,-1.1897140281587222e-7,-1.4889288216044733e-6,5.144232457839386e-7,1.1851400469665405e-6,-8.865243649609388e-8,-5.179593060444088e-7
0.24755674898235183,-0.49641680696951773,-0.009135484606255405,-0.3772502097720454,-0.0249172906175089,-0.22423494334334715,0.5633100791225959,-0.5228518649537175,-0.25654218506963167,-0.11884783338694846,0.2212771458539479,-0.0913238954806672,0.5502493715184761,-0.4730254480976734,0.6205994838951343,0.5693788622273619,0.6615866964114608,0.31526550600756664,0.8248435967556703,0.21120441136677925,0.16765394210568024,0.24776854405731072,0.07347424454267425,0.3987197198856172,-0.13879910946810942,0.3111647272940667,-0.03865227419772181,0.40937487365831543,-0.0011998050117999655,0.14181946261479933,0.48815954009760204,0.07832487311220405,0.3369023496441021,0.615004224892407,0.3392015905815284,0.6589903812488198,0.10465792811559316,-0.2567809038171554,0.2707716454260391,-0.21742217563942776,-0.37495727913633453,0.4945616497579188,0.0934031520243791,-0.17122496230703374,0.16280170535808294,0.4222568410045228,0.219925648545559,0.2026270917052252,-0.23162127242178324,0.08599483026460414
-0.24581008633588902,0.3415486966862818,-0.5106616290108262,-0.9123722718096349,-0.4483280591294046,-0.17460101817083426,-0.4372867614337907,-0.19057783341391168,-0.12032237349634749,-0.22200750686726678,-0.6260441360433059,-0.3707480142495687,-0.5150255755192377,0.42723282350482095,-0.14284485691980264,-0.7610904417359117,-0.7828034795312206,-0.7078305698920473,-1.459644885038763,-1.050689489341783,-0.16444893159053345,-0.7774524792837018,-0.5927041788746098,-0.4233704439156161,-0.45849743658703146,-0.6266137227052913,-0.050333564771828376,-0.20051927878480702,-0.5044852565526543,-0.6596538197389096,-1.104782993702447,0.08327468656711191,-0.7746514202290296,-0.36692594971931425,0.2528322800073583,-1.018396140761189,-0.27428513033699503,0.49888269341399943,0.45009749496228557,-0.36835095075358515,-0.4358180508585388,-0.8188937366608037,-0.09587953802173493,-0.15405493129259332,-0.5750927376628925,-1.2928406370054748,-0.4926194649075692,-0.020705884847820804,-0.31178405563074707,-0.3613463137585429
0.05674389746960995,-0.3019665657742381,-0.01941943763127472,0.051968884119990996,0.12140948052182232,-0.110638733180456,0.5006433033462901,-0.26595634444325317,-0.11660069046703372,0.034685002784387534,0.10368548259000589,0.0433302724108781,0.3282022960594392,-0.37386011925970264,0.2190393743130232,0.30107184168084294,0.41125598762184473,0.1995563975888922,0.5767995977846501,0.18500759295141558,0.14102979939119165,0.19845567014780113,0.17373963505020779,0.29474807268150965,0.08688484114135629,0.20395992878944388,-0.10943524510560106,0.20797183549210257,0.05698281574492712,0.13579568849685175,0.3855254999561328,0.0654202053041582,0.19867430643073006,0.35953132189057135,0.11691253423142002,0.5230205791603424,0.16126942516869447,-0.24994780405613587,0.0723663789433232,-0.16514150968169805,-0.09934720643301725,0.4047608700211849,0.013558582918256321,-0.12800757023415305,0.1480561191497946,0.5082859529559952,0.14912699677903582,0.03904218887232891,-0.13755736049609496,0.1450888821555198
-0.025711920044081876,0.05586899615523116,-0.010632663315712894,-0.12629389285679246,-0.07144159402926571,-0.04434152324109204,-0.028866874228960657,-0.04880670545231528,-0.03348079025526328,-0.02998028144200339,-0.03308332530201764,-0.04753627951053829,-0.049789090031292,0.03654230393248015,0.024422042687403698,-0.06775098894190547,-0.044838897470458855,-0.11962299312610455,-0.14391884705473118,-0.0964906112911963,-0.03292086864176893,-0.08167330422359655,-0.07260241141628371,-0.014666730670351864,-0.03715096167913859,-0.04416175620838167,0.00026514987968877517,0.007105216773350745,-0.0885557782287646,-0.058403321641733036,-0.12401097252823155,-0.006117097279833837,-0.0506680623261133,0.03824608208661001,0.06393314760155352,-0.05945666403398846,-0.05080873675344661,0.01665187285391542,0.08869080073643375,-0.03210171730456808,-0.11536218821606055,-0.03525235230987743,0.0013679591342750195,-0.05865431064412577,-0.07723823688839361,-0.15477815068994918,-0.04306807352267754,-0.004206320600683911,-0.02905873047099244,-0.06458354350056322
0.006201098885482738,-0.011559995573144424,-0.003029022790434783,0.014046257491518006,0.009945308036101351,0.005910150764342416,0.0004583498370361886,0.006032876961327651,0.0009610305384370009,-0.0011417463661658983,0.001311168016098558,0.008151598954543274,0.006778380912051489,-0.004324355759055771,-0.008454593426877864,0.003948604464863541,0.0013480193125574324,0.018751720902732624,0.016723837411820507,0.005671489290994127,0.004011142147083381,0.006438765888820388,0.004807071353383416,-0.0036859238067246886,0.0011301882736896934,-1.1705916671696597e-6,-0.0007537168042658937,-0.0060483205977773956,0.00863981108825343,-0.001724629117192833,0.014065331710424615,0.004185296346315004,0.002910619650056597,-0.011212846073646934,-0.011023104665521952,-0.0017481453419065677,0.013060629071329185,-0.003725660714503652,-0.01292109133667193,-4.775196698690893e-5,0.019800749523680595,-0.0035374789556957553,0.004797301570213081,0.010972980547012023,0.009892053542940761,0.01555002859437296,0.0037854723499619243,-0.0005037966962048671,0.0007299851790716995,0.013613048075391668
-1.6109208274478062e-5,0.0011960625197283818,0.001647823819518601,-0.0006143850326919438,-0.0006145116411391589,-0.0007991933154504083,-0.0009804135456246421,0.00028252767084732666,-0.00033468939918632044,0.0001020071811119192,0.0006036307003669572,-4.384994975580778e-5,0.000114138705087959,1.4339021413401193e-5,0.000508858251741422,-0.0003615329671365009,0.0010929847632981788,-0.0017996784728494379,-0.0011611200057363381,0.0008415528315081235,-0.0004612691234794828,-0.0005524984956968763,-0.0016911024019786618,-0.00038591131979495745,0.00032400382093312016,-0.00018964733183512802,0.001021422218987294,6.890544181043145e-5,-0.0014962780592840555,-0.00038955122384219773,-0.0006351387378477453,-3.135930085212522e-5,0.0007966444222254477,0.001697452019387727,0.0007694636849191928,0.0013124637031942299,-0.0009301284848890093,-0.0007153408296866467,0.001061513571843877,0.0009272786190333854,-0.002134970334931835,0.0015817597744363701,0.0005685290434387071,-0.0010699410309870925,-0.0011756505088954244,-0.0013394701560911295,-0.00013626341604427089,-0.0006817270424822743,0.001409098126211722,-0.0012063077481095383
-5.015048051326118e-5,2.469222901361111e-5,-5.137473966105629e-6,-7.424511981669703e-5,-9.305033452520091e-6,-2.1289080299900364e-5,9.725955524436515e-5,-7.632032470069305e-5,-1.3665774501364986e-5,2.706950156466948e-6,7.633741870701111e-6,-2.8379081603493088e-5,7.493184222613669e-6,-4.20037249827934e-5,0.00012039743833055983,2.045438297032508e-5,6.500321244551463e-5,-7.636594834624853e-5,-1.1646209800063437e-5,3.898164781212198e-6,2.343388417675794e-5,-3.394022861980586e-5,-2.8300115999019265e-6,3.7539667323416504e-5,9.960713933689718e-6,4.042576858195541e-5,-3.7173790531840754e-6,6.803624507306999e-5,-2.244869999501322e-5,3.765031468689246e-5,-8.310748831710429e-6,-1.817650480340959e-5,-2.5897312016766556e-6,0.00010551364171066245,9.434332596521195e-5,5.483571095730442e-5,-5.99580223340787e-5,-1.2078959236313255e-5,9.000686558541197e-5,-4.983804333874591e-5,-0.00011443861514509867,8.432409089558557e-5,-1.860258145981642e-5,-0.00010225707684166578,-7.117895961828698e-5,-1.9751681840792965e-5,4.597401437562763e-5,2.8054704969598156e-5,-3.472674499147948e-5,-4.940480709946238e-5
-4.072943269258294e-6,-4.199214226384598e-5,-2.7239063895781737e-5,6.889865726480533e-5,5.3927221861276536e-5,1.2191871670129017e-5,3.342946912154199e-5,2.8452743493300784e-5,6.676161976858522e-6,1.7081351351764318e-5,-2.6380509190759847e-5,4.003316448988222e-5,4.5109906234812166e-5,-3.6661940707865236e-5,-4.43226175452266e-5,-2.5563165075565605e-5,1.9457157397784483e-5,3.4764583550742384e-5,2.4777807187768154e-5,1.2390314838731969e-5,3.22639888641182e-5,-2.9543836429083295e-6,-8.259981619689779e-6,-2.4938549100909203e-5,2.2816607750035708e-5,-2.0790464314192172e-5,3.1168893082472565e-6,-2.3553925405789538e-5,9.745168050752996e-6,-3.581687584250889e-5,4.289280519802065e-5,3.815199556759824e-5,-1.6596987485270087e-5,-2.385196481829164e-5,-4.01699277165383e-5,2.9110153705420978e-5,6.107580718875414e-5,-2.1125457900426833e-5,-2.0654988687976235e-5,-8.29438168365845e-6,5.470450867985584e-5,2.0306308322489263e-5,2.0366423465377382e-5,9.952420788206985e-6,1.735426791856035e-5,7.002640273736391e-5,9.910787002561385e-6,-3.344601197390623e-5,1.5894492657794392e-5,4.638231313779777e-5
-1.0745419444351437e-5,9.373328481302126e-6,4.912938678600687e-6,8.626971505890005e-6,3.3801653475366987e-6,-4.160624567662583e-6,6.582473091569759e-6,9.471114278820676e-6,4.7672213286999196e-6,1.499797382643829e-5,-8.287592424213309e-6,2.2959121121021867e-6,9.101421577722843e-6,-2.28570348337007e-6,-2.970625090613883e-6,-1.5496640563180348e-5,1.0861493338556997e-5,-2.306405477587134e-5,-1.9588018173865224e-5,5.7217840620836555e-6,4.164068729134178e-6,-1.0095093017071138e-5,-1.3758622328895696e-5,-1.1642156241287119e-6,1.067336310888282e-5,-4.458083066893194e-6,1.0197005781866785e-5,5.0902582260019855e-6,-1.2096788308180755e-5,-7.372323738747113e-6,-6.6691448625616435e-6,6.558897751914879e-6,-6.521549545294027e-6,1.6629814816364384e-5,1.4950753339212994e-6,2.668669387875671e-5,-1.6325663799699878e-6,-2.1753751127350813e-6,1.588570447169431e-5,1.082249038278882e-5,-1.7059377781525823e-5,2.367458265177e-5,-1.6778202482982232e-7,-1.494912123370493e-5,-7.638512336405402e-6,3.5614916604686235e-6,-3.1408504454436085e-6,-1.6688526691148126e-5,1.6492204098476605e-5,-1.0929421440616044e-5
-1.4390851004803874e-6,2.422145337040403e-6,1.366409148881618e-6,1.9580835568573015e-6,6.261429043557201e-7,1.27601658942284e-6,4.221797638700576e-7,1.8129711825797438e-6,2.1535228255378108e-6,2.2026037598242843e-6,4.263037182046567e-7,4.160396367616205e-7,6.556609052775198e-7,9.003230820857098e-7,1.1485846503064173e-6,-5.8950817741526286e-8,1.3359294944366836e-6,-2.2700675718565234e-6,-1.3420816041228397e-6,2.64996825370923e-6,5.620875893451754e-7,1.0959487760826209e-7,3.7542067819021595e-7,5.473651622571442e-7,1.5686780566066907e-6,1.2072914247862711e-6,1.9473996209223076e-6,1.6485643212075591e-6,1.3048306472544875e-6,2.124488034592369e-6,3.8539403002074256e-7,-7.134174278457999e-7,-3.345472600065372e-7,1.7159547911227753e-6,5.813389206225278e-7,3.2533631704875904e-6,-1.7999061109026276e-6,7.817847167023597e-7,1.1157780662669257e-6,3.078553552230784e-6,-1.5263771215855988e-6,3.009394089966566e-6,-9.719446219157328e-7,-1.1378350849505647e-6,-2.4523389917890997e-7,8.450056763949807e-7,1.226844931231062e-6,-9.035430753616146e-7,2.844260119564882e-6,-2.227758591750977e-6
3.870964329694136e-7,8.656784698829153e-7,6.537821968475292e-7,-7.101338135547402e-7,-4.218535573260856e-7,7.329470428838947e-7,-1.227811437116987e-6,1.7297069304852963e-7,3.2619786393129544e-7,-3.8429799777932273e-7,8.209913917106676e-7,-1.7395843067700217e-7,-5.957726852787744e-7,9.666659265971975e-7,1.0630648931805038e-6,8.099492675721422e-7,-3.2677363420576845e-7,1.5045561651520622e-7,-8.452858372245726e-8,5.43841412697296e-7,-3.050623767171016e-7,2.2456647681385777e-7,2.8339125660860953e-7,-1.6705570944133872e-7,-4.626540551333111e-7,5.866424783118261e-7,5.896581984526831e-7,2.682025902566693e-7,8.388666563799701e-7,9.913445960874495e-7,2.6113617679104915e-8,-8.514923901553419e-7,4.223877456909592e-7,-2.9676600250919595e-7,5.366453152130694e-7,-1.0281133123198883e-6,-1.0766199255085914e-6,6.596293061820074e-7,-2.6805757481939936e-7,8.199429432247021e-7,-1.1768978476456652e-7,-6.609085713485695e-7,-1.3890573436779894e-7,4.739150958368112e-7,-1.9442408615366055e-7,-1.2372423972093666e-6,5.992562496025456e-7,8.942117373207776e-7,3.0324156078134655e-7,-5.90506916000179e-7
0.39960233119530225,0.11890505721373701,0.15285671887094204,-0.5713223543428682,-0.1593798282214405,0.2042434927655205,-0.20418276957916942,-0.15788830384218167,-0.1998154253928895,0.027978884736434322,0.22006209173961833,-0.12157558376281229,-0.010619533791493293,0.17692250694688944,0.6317100023500255,0.3875136640009949,-0.01161700166124969,0.34656233523555563,0.2496278408939691,0.1179004916400914,0.14462128792085246,-0.012970317043975572,0.17380195686857083,0.16715030481044318,-0.22797601462924072,0.3605878714969956,0.1493417500426492,0.3542059126985068,0.206417916531561,0.20097413763356606,0.21899379764983082,-0.33849642263976404,0.36585087255685306,0.020067309374280702,0.4014335265267314,-0.194240495692109,0.02330015945204883,0.27676691325529984,-0.060239053591026034,0.037705344438872586,-0.01739608442079579,-0.15126943639073795,-0.11762791179854114,0.27355400829425874,-0.07875075711038017,-0.1755678221400774,0.1415418385610735,0.6241466247651258,-0.22875405520107978,0.138020579918877
-0.6979049686447172,-0.6111669830295511,-0.8702696489191355,0.9735423445676218,0.7109094185271851,-0.045597167106481935,0.9302603074856988,0.04686335482606642,0.21825616048870694,0.1846003616944257,-0.8388037005362985,0.2733636673365632,0.4337007512150825,-0.7123276819656964,-1.0290758328702954,-0.856209848346591,0.15389921835324252,-0.2844696391663268,-0.513883091786516,-0.3808370111294639,0.5005936760257047,-0.2773437921925988,-0.3787175770967211,-0.28048449505106826,0.45352818913422915,-0.5856124890406663,-0.29379423673963523,-0.4523110221458497,-0.20064762067066638,-0.8460427568977246,-0.01001044662247109,0.825166615356556,-0.9674372636632871,-0.1970492271394377,-0.4944325467259783,0.6307608290929717,0.6748258846326578,-0.2699057297148382,0.2268381538892674,-0.49204395202361434,0.2863001891930274,0.33437154157945415,0.23545771468516785,-0.3438359065768878,0.019845058053672184,0.8122491808592613,-0.20548266214313957,-0.9979267988344904,0.03173498418181296,0.20620579849551024
0.706205247448231,0.6294118393265195,1.0162341746834787,-0.5602698265253866,-0.6632025162316113,-0.006793448896623791,-1.106635342720388,0.20525708270840629,-0.1160546029514921,-0.19986422793844713,1.160403107932297,-0.10867592675083616,-0.49595374936411823,0.6216572401956381,0.6760161067245848,0.8785041338934403,-0.09031231180572134,0.4227269422032936,0.8384516037007707,0.6071887273428721,-0.6503173983616023,0.5456129700263066,0.4585625552309059,0.1945773548569467,-0.3599702470369618,0.6309290786639158,0.28016023604764534,0.3220195509843588,0.2650986881326129,1.0877031353830369,0.21661515989772057,-0.9133841045786328,1.1429842374769723,0.11248480747794128,0.17504449608131784,-0.7611048869524834,-0.6603661862782451,0.16668829285596493,-0.6177536644725975,0.6560497756569837,0.01726293501959628,-0.28349840308169827,-0.1930308015835919,0.38934483178477397,0.22442003909868805,-0.6675524746305508,0.19376916120177867,0.8148119751767351,0.1473342076976319,-0.014921720155370442
0.06169183529046328,-0.08794310478606955,0.053755295231433214,-0.09500689547840852,0.06425100131416162,0.068725768023734,-0.015408962982743283,-0.10332064160384048,0.04248701997698948,-0.15907460237103263,-0.21572016279563883,0.01559451211033584,0.07406885081154045,-0.017866692940414177,0.08357003024350597,0.11088265234896402,-0.0896474738770624,0.06777673048822547,-0.07852002857128565,-0.05401797543229514,-0.1545292045224934,0.11602657234494616,0.0019957513747803847,0.0027854104938392853,-0.08432628810632617,-0.1221215283343646,-0.020014477753222768,-0.12375552577119799,0.13700957265446734,-0.11083577501746017,-0.02114205597776199,0.22027871253675108,-0.06428714241101802,0.07591487202006353,0.11736369238280624,0.07842201448842959,-0.127682019572792,-0.01634405476671764,0.026692356412002006,0.04746479777992162,-0.18294692755739145,-0.14889883760536693,0.020444697002383355,0.0640257625737044,-0.052515583520589854,-0.1119399466253039,0.060738554986182164,0.016347323910623424,0.023212309846128928,-0.12621177982133167
0.001398253172984468,0.001779888087524903,-0.027060920004585202,-0.02234601477429919,-0.007576351902641798,-0.007056769697629535,0.0025926158463493516,-0.000886734762635316,-0.015839891600106633,0.009332639665890067,0.0003412362187048686,-0.004898673585455001,-0.0014616510227049284,0.001267789969991072,0.0050768066723573275,-0.023239497476220495,-0.0011639612991975867,5.732416726814943e-6,-0.011219224207521888,-0.021433991945567492,0.02517212750125853,-0.032611537821568476,-0.013451180508340295,-0.013617375679126811,-0.011167732146064776,-0.002464220001249729,0.005957602392132507,0.012261398336129884,-0.01699648200089742,-0.013969365499041646,-0.007909658621047182,-0.013074281493763,-0.009224703194815838,-0.01833884158066229,3.582342712767306e-5,-0.03151208431260684,0.022825143753971683,0.015219439582242339,0.00783300476874015,-0.024394385333953085,0.01719870287875125,-0.007054129508339758,0.00039827810720333015,-0.00334992778797761,-0.008192400619613863,-0.008955831954464007,-0.008265061668759748,0.012133591122416815,-0.01859437311291997,0.02060672291120846
6.646457395983766e-5,-2.512062632043857e-5,-4.308584567418131e-5,-0.00011368320801065798,2.2929220097807344e-5,2.2740291606208855e-5,2.3408743357327933e-5,-6.796348059723093e-6,-4.004202526088059e-5,6.553052560229875e-5,-3.790588348542646e-5,-1.9830227768927388e-5,9.289829775173764e-5,-4.615066486844214e-5,0.0001066460479395156,2.8318601246400973e-5,6.349411128110659e-5,7.922131760682771e-5,2.9210831068610373e-5,3.0526777115995956e-5,9.851125552315466e-5,-6.0960320058628884e-5,-4.565185400227945e-5,1.6559574277546233e-6,-5.674657893862868e-5,3.4693732207301275e-5,5.1991234777123724e-5,9.802981009968668e-5,6.542773500090589e-6,-5.264424693421445e-5,7.53581515010495e-5,2.0568895748979605e-5,1.8988169612169773e-5,2.5128951688371698e-5,8.010087337650254e-5,4.654874621750444e-5,8.624724617421905e-5,8.503640712771117e-5,1.2131177309695864e-5,-4.3349896547389024e-5,-1.724925456524015e-5,4.6590946457638045e-5,-3.2305602711964806e-5,3.374740358347459e-5,-5.117786772798329e-5,5.3770228642964095e-5,-1.8050828813900489e-6,9.442608209509188e-5,-3.5309363620747557e-5,7.465340329974416e-5
5.579957189404629e-6,-1.8599446698505513e-5,-4.744428709881652e-5,-6.0654638602508445e-5,-3.0821325297763568e-6,-6.846308165078182e-7,1.74652252346295e-5,-1.633003507127132e-5,-1.3203542265461328e-5,1.0179502463662381e-5,-3.655056990586827e-5,-1.6540623768357212e-5,2.5437707749948482e-5,-1.2449849546640393e-5,3.39188846159787e-5,-1.4481120433601115e-5,-4.3208478597304745e-7,1.021279146491544e-5,-2.2492440119004122e-5,-2.9710995363393753e-5,3.3371946436055445e-5,-3.8993730395540135e-5,-2.64584598925448e-5,-1.2716993585745863e-5,-3.1944177284447205e-5,-1.0578376341250409e-5,5.866613846427044e-6,2.52138452408795e-5,-9.859002422224003e-6,-3.794541282061102e-5,-2.6034199376251837e-7,1.3529578648644014e-5,-2.7390714214394468e-5,-6.697829837481735e-6,2.776430876108463e-5,-1.2390528192399105e-5,2.5032362097103888e-5,4.075586013166269e-5,2.2251085330822734e-5,-3.767008030008948e-5,-1.1729148129307107e-5,-9.425872346706287e-6,-1.2279237848825198e-5,7.926210407411869e-7,-2.7022171897201273e-5,-8.993715547434149e-6,-7.228639135428133e-6,2.8054812592655188e-5,-2.7212324425260568e-5,1.715254829147566e-5
-1.6625030973593712e-6,-9.39077651343992e-7,-2.156897432772925e-5,-3.8542113579734286e-5,-1.8470819054255667e-5,-8.408997288617841e-6,-1.7726483805374245e-5,-8.406928928418184e-6,-8.086493606073123e-6,-1.1549675524707335e-5,-1.3981045786732237e-5,-1.1108615390042421e-5,-1.3817913925931297e-5,1.0953506504570146e-5,4.3662700350573186e-6,-1.2637072368108062e-5,-2.5769823670540878e-5,-6.173438507183741e-6,-2.738801966926787e-5,-3.258237193292695e-5,-5.5910391215185665e-6,-2.0870599395464603e-5,-1.5718772412440325e-5,-1.967735547608265e-5,-2.221936420133381e-5,-1.9100648473355526e-5,-6.84920605374013e-6,-6.9974325072026785e-6,-1.3315507806828844e-5,-1.3660713460182157e-5,-2.2080161579593782e-5,-2.8951322354602605e-6,-1.5512222735675617e-5,-2.200523867210312e-5,6.2297339666669914e-6,-4.648293546089567e-5,-8.578512141464128e-6,1.8414022180596746e-5,4.887013350809261e-6,-1.910791549425718e-5,-4.537423719713033e-6,-3.396218972457535e-5,-6.2042725269902464e-6,6.970476928073877e-7,-1.554612468772163e-5,-4.1743397963815646e-5,-1.0006875291116834e-5,1.1425312253124334e-5,-1.4671857671876519e-5,-2.179129339313921e-6
6.753166589214815e-7,-4.086568862192961e-8,7.847363843379123e-7,-2.1410942037946113e-6,-1.2480707561684293e-6,-9.039487435551102e-7,-2.958302900620962e-7,-1.0356434736469343e-6,-5.608959031000586e-7,-5.507072380645537e-7,4.1755601403660984e-8,-7.240480139521086e-7,1.8110645154074078e-7,4.2559265462982393e-7,1.4658216572031783e-6,1.0515537354091269e-6,2.474256936271677e-8,-4.004506840438582e-7,3.315192457307367e-7,-3.508649829610006e-7,-1.254152693572796e-6,2.652635163411666e-7,-4.140049970726936e-8,9.66161301042958e-7,-9.451669787641771e-7,8.57356676762963e-8,-3.278367838047225e-8,7.16505328831731e-7,-6.27482431282225e-7,4.7648293599339547e-7,-6.945847095810858e-7,-5.762826460377347e-8,7.119672136098999e-7,1.5910070383105858e-6,1.1240946510103655e-6,2.7920857883587466e-7,-1.2862763159347329e-6,-1.7578149916768424e-7,9.405912461965714e-7,3.769748131012913e-7,-2.1529550753317224e-6,-1.2111599559678827e-8,-3.2476235945261437e-7,-4.2458578773075717e-7,2.0765617452046548e-8,-1.317850919111431e-6,-1.9193771052230314e-7,5.139099611865145e-7,-3.511310178851096e-7,-9.935325446265657e-7
4.3500244685740646e-8,-1.7450287756653752e-7,-1.304305640960096e-7,-1.0274507531790321e-7,8.021192564923619e-8,9.171651668561595e-9,2.8565908914228153e-7,-1.9097827954841266e-7,-7.023885675926864e-8,2.644344998968274e-8,-1.5548930576383644e-7,-6.009722790639723e-8,1.6271998179756834e-7,-9.618501580028593e-8,1.2635073484678078e-7,9.240419790482487e-8,9.487145898949921e-8,8.81255572638073e-8,1.1342496111403683e-7,-6.504678611637162e-8,1.1075691254900876e-7,-3.515211643040938e-8,6.936682354867889e-8,2.1307120653604956e-7,-4.684117301760362e-8,6.412504479313522e-8,-4.152044613144894e-8,1.4734832782925907e-7,2.123944867138317e-8,-6.115570974292634e-8,2.2484617268803063e-8,1.2228993251170384e-7,-5.832758624237096e-8,1.4697841282032597e-7,1.1647513035298213e-7,2.0255646775422276e-7,1.1462845242033543e-7,-2.912360133717995e-8,1.5326884418517515e-7,-1.1306315896102585e-7,-9.271816623658977e-8,8.472691675731474e-8,-1.5738811307413465e-8,-2.138853981785725e-8,5.6473755010764364e-8,2.0266659999625233e-7,-6.73942514595731e-9,3.423089872531682e-8,-2.038161630912261e-7,3.6170948007755536e-8
0.02877970008298891,-0.06468194276104576,0.17259862830830686,0.34726159678687224,0.10494070219120556,0.0546040338440849,0.11895293391284044,0.11676513425242432,0.10026543963207332,0.11019910705189233,0.19593843575732445,0.08170765773039146,0.110049191480396,-0.04462181321970251,-0.010955660415823883,0.20935703961629354,0.1957905053179491,0.15481473016833658,0.4108734240491071,0.32197249060394306,0.008657182640011469,0.25626439643081045,0.22982776972654048,0.17845813078345674,0.16410556063175435,0.21099729684035334,0.0160893809137388,0.08093327608305943,0.14937252701372164,0.2719349423594876,0.2602909740803288,-0.05689719284940419,0.20778813933257845,0.10386705790512865,-0.1458985220300857,0.31568846179790805,0.02447812530870981,-0.12479911569723481,-0.1226286359172156,0.20032975423632743,0.14541721214617714,0.2513395352748907,-0.008466636169095453,0.03686944203690077,0.24473672232430177,0.406760279497438,0.1127952870430214,-0.0486734039129369,0.12638331793460375,0.043942229165732295
0.0009081252740328723,0.0676604728783402,-0.15377241407341496,-0.35314791553769287,-0.14739361281362828,-0.025860857344613214,-0.22064457705525065,-0.059084994532197455,-0.06672498167355827,-0.1174939203364189,-0.1710518097551283,-0.11009206862881321,-0.15931771707996764,0.1470582474602413,0.0035966843707717316,-0.17799578158109722,-0.268233231990736,-0.10869984426585136,-0.3941929379160083,-0.3190143336030714,-0.05256094103969192,-0.2313717993833769,-0.19263397282286038,-0.18164620500228956,-0.203382957823268,-0.1923594901886874,-0.004454197174965048,-0.08716654485268516,-0.12574058660129067,-0.21217425740657567,-0.29269251421249987,0.011566916360580085,-0.18786685731422748,-0.18694442861855295,0.08457447977413515,-0.4228932654925727,-0.07214043971606407,0.18371221715717356,0.07697128928792214,-0.12503449977554984,-0.0765655300415958,-0.3418995590855251,-0.012275869237930993,0.029585721935121666,-0.1844208888314866,-0.45060040639316845,-0.1279136709126913,0.07414750478755511,-0.11725951182232396,-0.060914005264572545
0.0030434424391070124,-0.0007439948594281993,0.048582504181269186,0.056536148434401995,0.0018233085861382042,0.0029171694242459173,0.021544272521285674,0.032833748140106006,0.03132946225222997,0.04032852076201664,0.03437865149396936,-0.007619861623799994,0.027131614621798274,0.012213619102224443,0.013801054451555807,0.03721590217336186,0.04725066129127879,0.005459178384089659,0.058894903393291606,0.0669834863924988,-0.0021173268151924367,0.04979783965993095,0.03968260257471148,0.0555504826755686,0.02878686386226611,0.05194764452728727,0.022098504941931937,0.04092837303959062,0.014499917637056839,0.060659166348035434,0.023276909554367536,-0.01313952913596904,0.03896970854945144,0.04739167100720506,-0.028873344804863445,0.09462560579895081,-0.017193765397059486,-0.005220707998645629,0.007510737612679134,0.07270794953420727,-0.00027341875546818366,0.06796614331775652,-0.009768969714652565,-0.004128669531649677,0.056666767116816986,0.07581273923285553,0.007507488007014308,-0.018064662930881725,0.04014463430607089,-0.024940416106483756
0.006104433305519917,-0.014326518392125882,-0.00761086336374004,0.010992689005113748,0.009095616614738003,0.004049971876767762,-0.00015460306978158623,0.0061305862741373755,0.0005411631904568872,-0.0006404774157377963,-0.0030236487476217053,0.005900097948841388,0.007707768111577332,-0.004407529461859229,-0.009024443049176087,0.0011937215164440891,0.00020385990116978867,0.019592696517093732,0.012552694035406311,0.0013976145293764937,0.00591465723016805,0.003889605952507534,0.001526909083138564,-0.006304707759333459,-0.0018346325316697565,-0.003167210540507021,-0.00028791564924651156,-0.007026156827277813,0.006524077250970453,-0.00520114485093271,0.010976373671518139,0.0064202816602436106,-0.00015124249053105658,-0.014665230447531987,-0.012714820183471202,-0.0042797830922230344,0.013431494536354572,7.329742366530073e-5,-0.011099468128551998,-0.0018333351201891097,0.020943158192066,-0.006575322699664651,0.004506479708615546,0.011257340459916358,0.00976809194913397,0.01385303876052546,0.0007871036559982262,-0.001006775988726511,-0.0003914799639585461,0.013377255666796255
3.530787292251982e-5,0.001389976764992295,0.0011866429999552476,-0.001751398278215923,-0.0011891531827124685,-0.0006644542391312058,-0.0011315483732723584,-0.00028082347610456233,-0.000370182155448181,-0.0002630715814436332,0.0005563145321881706,-0.0005087232554382159,-0.0005162403704359333,0.0006052451729213895,0.0013453269463521028,-4.911802214027797e-5,0.00026429804124321945,-0.0016364087004667658,-0.0013985396105633237,5.260815091110046e-5,-0.0006521292967724489,-0.0005981956152168296,-0.001086738227636869,-0.0002755750729763771,-0.0003311594981392469,-6.583903621225564e-5,0.0007606719292928405,0.0003244895233782146,-0.00101999645495015,0.00017050891092567488,-0.0010941965644028823,-0.0006052745811650009,0.0005639647397355469,0.0011960606537230012,0.001212012237227578,-6.63400067927194e-5,-0.0015898099961145923,3.881980021649679e-5,0.0011234387441054923,0.0005650937541946244,-0.0021225128772489,0.00041114284401227156,7.252322516519432e-5,-0.0009120262623288944,-0.0012384982469141642,-0.002326737664287935,-4.765664983306433e-7,0.0002668739958120105,0.0006404763351619098,-0.0014364710562909818
2.287058685556355e-5,-0.0001177254048623777,-0.0001626564853261472,-0.00012808138299267446,-2.4827535784409888e-6,5.957152380293548e-5,0.00015393668238117985,-0.00016368200358404437,-2.7379225808051605e-5,-8.173359633892045e-5,1.0030011768696536e-5,-2.8723941880876498e-5,-4.659266395609613e-5,-4.660530702467484e-6,0.00019034758866049743,0.00015679783653805407,-9.960866748890799e-5,0.0002136835745136366,0.0002227791924378444,-0.00011173586325351044,2.758692603955937e-5,5.836117608498866e-5,0.00025160185365366745,7.4568607074338e-5,-9.483303574442819e-5,9.074713650678368e-5,-0.00013490792974941315,6.473613474749555e-5,0.00018188936517334143,0.00016434811608479665,9.12631635201217e-5,-9.62538071861539e-5,-8.682500349063396e-7,-0.00011963525120511239,4.833301215064607e-5,-0.00024788699882503424,-1.1266361786523154e-5,7.167013507744399e-5,-7.114759137683475e-5,-0.00018307466044912036,0.0001502246302244405,-0.00019392519192914262,-9.207101505799392e-5,5.041890329371786e-5,6.330733409776314e-5,3.2825955696777214e-5,0.00012187121529633928,0.00023694430919396955,-0.00025612098960230915,0.00011241027672029226
-1.3533687962936758e-5,-7.313028638454543e-5,-5.713839331287789e-5,7.876847461012086e-5,6.914724126053251e-5,-7.02728454561135e-6,7.090254077502928e-5,3.0592962106823803e-5,-1.6467053747715304e-6,4.113741279926005e-5,-7.045876702275725e-5,4.5986512649568585e-5,7.790461614427936e-5,-5.995819981100419e-5,-6.117446335820888e-5,-5.528839630822099e-5,2.783017181365396e-5,3.369551021072063e-5,1.5388080561878663e-5,-9.581337831579516e-6,4.9986273622849136e-5,-2.2533635182878635e-5,-2.39594017418226e-5,-2.8631222628742804e-5,2.8802535352682242e-5,-4.57447351469978e-5,-2.903961739086669e-6,-2.4706900846081762e-5,-1.4164611898101516e-5,-7.000414558868594e-5,4.12464284113778e-5,6.923855871198202e-5,-3.6310152879006834e-5,-1.94134152525195e-5,-5.4541305247703895e-5,6.0583511895571835e-5,9.163136158897558e-5,-2.5628701252779473e-5,-1.6509833272055113e-6,-2.5388648636185248e-5,5.6440613900161786e-5,3.755164895678892e-5,1.7692944879140038e-5,-4.450228766326038e-6,2.117355849602616e-5,0.00010322961201735606,-5.4015453675128435e-6,-5.666674034023163e-5,1.2027710311677022e-5,6.191807434298152e-5
-2.1509735629735238e-5,1.3933137249793963e-5,4.194595007754528e-6,1.1528792025920223e-5,3.6796435163345376e-6,-1.1553439697096649e-5,1.6511476822025747e-5,1.3033635043084715e-5,7.677038223577301e-6,2.875088842800972e-5,-2.027383005460688e-5,9.076496596493043e-7,1.7197402065182466e-5,-5.014961034144504e-6,-4.356744048732869e-6,-2.8193402999819407e-5,1.8078920379377484e-5,-4.3575508146328504e-5,-3.7430620567239664e-5,5.016825971600244e-6,7.2908620514787545e-6,-1.9046594866925376e-5,-2.388156040214685e-5,9.10917794359063e-7,1.7882909605427105e-5,-1.0040122680147103e-5,1.4771300604056802e-5,1.0798992976423877e-5,-2.3998458889566137e-5,-1.3141239450344134e-5,-1.5270250588943047e-5,1.3273481630706227e-5,-1.4472772865101168e-5,3.1268834140486236e-5,3.9291212057324115e-6,5.0305078889784815e-5,-4.754482948677589e-6,-2.2231777443891175e-6,3.26751621630795e-5,1.6319906050921357e-5,-3.468338873507757e-5,4.2269950450472684e-5,-4.286433014639361e-6,-2.948471847854094e-5,-1.298823669395533e-5,6.903283093735716e-6,-8.756451871806122e-6,-3.044849968952213e-5,2.617422023566908e-5,-2.20093906501598e-5
-2.9732332858252868e-6,4.599847792730593e-6,1.7388143136756493e-6,1.7319098875919452e-6,-9.726153007395834e-8,1.895669067148087e-6,4.827926725937891e-7,2.4868416873885605e-6,3.9398947664989744e-6,3.860104962673693e-6,3.253477178475183e-11,-3.500261598263474e-7,4.452372116549484e-7,2.58924157922173e-6,2.765379183189474e-6,-1.1116274722691112e-7,1.216710070122522e-6,-4.965619049769939e-6,-3.8097658102709296e-6,3.391888115410257e-6,5.074354841338875e-7,-2.1903099866134749e-7,7.969340180333683e-7,1.3887698275643686e-6,1.9897017635899867e-6,1.8874646490939437e-6,3.0863818940158187e-6,3.3794605443109467e-6,2.080291299404644e-6,4.249440574621774e-6,-7.923591737894026e-7,-1.6875894132214188e-6,-1.3546623165652819e-6,2.9153043770829228e-6,1.7040672952616213e-6,4.856088505278978e-6,-4.5970623795372616e-6,2.519603152215704e-6,2.9171693829544586e-6,5.432170260890608e-6,-3.8810938369882326e-6,4.307081217704862e-6,-2.7025053825271325e-6,-2.3047532052016895e-6,-5.943576580372398e-7,-1.3560254221819215e-7,1.600653852082806e-6,-1.2299630126904305e-6,4.395272059964717e-6,-5.210324353689102e-6
-0.22594110087816846,0.14447888307936746,-0.02520171475382489,-0.19797317971857176,-0.3744989541080625,-0.21519459802460036,-0.021179829093102343,-0.19153530441079056,0.05025717171957446,-0.19330866394488452,0.01468533904319253,-0.010000586530036968,-0.22712390709991348,0.1903097288691794,0.14941131938597446,-0.06919638597421979,-0.3448654442937457,-0.3633156704614853,-0.2576621540563643,-0.32889374675409516,-0.31099074989705416,0.10671917246050583,0.15126872564954041,-0.12217954421837933,0.0074592023983088935,-0.2530058158925169,-0.21842800313134741,-0.17051142282453388,0.01595907442914292,0.17609801368579903,-0.2088605826750155,-0.2182677382837719,-0.11573620256227458,-0.07160411778006336,0.09308704964592553,-0.2155733633896804,-0.42644600748487727,-0.0371904081612185,0.146324691545207,-0.07788506127138976,-0.24884781255625693,-0.2797943406485872,-0.1414840526651146,-0.17845006721189619,-0.08648307638394147,-0.5033682674242524,0.13134859017974437,0.08340790699777699,0.09706148999494149,-0.3634108490455394
-0.4063189573422953,-0.32905859918859554,-0.6657287357961454,0.3495978657333019,0.39836745202075924,0.011334975076607537,0.6742116772316257,-0.14785823432258172,0.06124411390161344,0.10158978655496151,-0.5741595749530478,-0.06067543992561307,0.13358136150738906,-0.3623464647557724,-0.5575084291751893,-0.4334013835542137,0.05978915781269942,-0.1846370174364024,-0.3237400816239326,-0.3062088871527829,0.3849190712920798,-0.3538463625096198,-0.18229543220627872,0.06925079224836587,0.1532345725905081,-0.2248127655213968,-0.2579033470789227,-0.08994148717364332,-0.17947927064336752,-0.5843397817669599,-0.20314124269800266,0.5151660185509248,-0.6901712513807232,-0.09959617517735461,-0.13541605843972374,0.30856623079912054,0.49839586736669955,-0.09465860442896652,0.2352803757778754,-0.5575805975861493,0.09435133521558073,0.19531458004787441,0.06712523629627294,-0.16134739540118284,-0.08609045067580061,0.5765371971969936,-0.26518418297550983,-0.43333377134706313,-0.3207792809677448,0.1293845763829079
-0.06545208464592475,0.07243216634207794,0.09165561343638302,0.08922150090797354,-0.03369783485841928,-0.07564976434794733,0.006246933818849007,0.10595639030326964,0.013669436680871195,0.09435828648931796,0.07217523769012216,0.0008995384136719148,0.021704321887799922,0.008579225997253522,-0.04117566097880252,-0.10484308423556245,0.11262594878408162,-0.16557330120478417,-0.05040977889849932,0.07827506299389407,0.011283491451755334,-0.05088328364668762,-0.09590309858377423,-0.014910808126355568,0.09484011207427377,0.014908561593063288,0.06809519243875477,0.04074340472626833,-0.15566665397541948,-0.011032617860487344,-0.04538251478788143,-0.028288341106731014,0.03416414968750468,0.10796659066520056,-0.06629706821921968,0.15429841404175945,-0.002951252447867831,-0.056933521095940916,0.08975328888591555,0.08472661502579483,-0.05978834704644511,0.1932498216206556,0.03663710532910389,-0.11680325586277465,-0.015925775480572734,0.03711573137283623,-0.02942245716297709,-0.1151055750462451,0.1352480607729823,-0.05746123481968539
-0.0016884797676656271,-0.0031351898126407898,-0.008624174213148955,-0.00017127417574376293,0.007947515034343185,0.0014653461790243708,0.009079060137599135,-0.0008669632971191167,-0.003440476181872063,0.005863808538416882,-0.005494709304156506,-0.0023987457430340448,0.0027295031074064877,-0.006094549328527804,-0.0014417514164533735,-0.005424178595354611,0.006773878931890618,0.0013420600554219751,-0.0016785928186761718,-0.0016842771091002263,0.011470115096984543,-0.011231076894556184,-0.004851813080771373,0.0025528249505998696,-0.00034386786586763354,0.0037611602833329994,0.0022721839637407097,0.00604523822492605,-0.005582621818850154,-0.005529925481473026,-0.0022984042510284125,0.004187281058773292,-0.00439584341476078,0.0013541552360662851,5.103584379586369e-5,-0.0002590588731889741,0.009113662347606544,0.0021206575680905396,0.004055451386830279,-0.007096355577108153,0.003645394899567132,0.006518687813083759,0.001375904215235964,-0.004008690822022122,-0.0022838862446664583,0.008405840892240881,-0.004315989260343174,-0.002764653708835915,-0.009765675938027971,0.0076924651441474005
-0.00012601892569254555,-0.0006933558876444747,-0.000963987269837169,-0.00024221611213993418,0.0002569040577828728,-6.366037989178918e-5,0.000996888254072382,-0.0006890157578372644,-0.00032461930165921584,-4.951790558320494e-5,-0.00047778458890846727,-9.441339928891887e-5,0.000185051340778886,-0.000528687805621631,-1.7688583568139328e-6,-0.0001395748488306243,-4.592993758792537e-5,0.0003547446996033103,0.00022094384984971033,-0.0007640968333739108,0.000483128994405753,-0.00021904888170540696,0.00025769580818592666,0.0002610011274467165,-0.0001368086543889809,-4.864897495030351e-6,-0.0005109999272287375,0.00017228332034193212,2.4952835626920596e-5,-0.0002615490392912567,8.159214553093996e-5,0.00020761720572625618,-0.0004520831917856768,-0.00012651458487783176,8.413215128671796e-5,-0.00023065001449451303,0.0005700455313128868,4.495811171742579e-5,0.00018135194848642618,-0.000915131681197347,0.0002998219870177144,-0.000265597412733383,-6.766009786691936e-5,-0.00015065332715799234,0.00016118455556172302,0.0004278521147128503,-8.595944176385597e-5,9.494727772797183e-5,-0.0009957758386777028,0.0005563229583702129
-6.399053882567841e-6,-4.193738593760933e-6,-6.56754100676649e-6,-8.364674644801783e-6,-3.804611454543732e-6,-6.614491505857901e-6,1.2284397361349147e-5,-8.255812116100349e-6,-1.1046202591746053e-6,2.6623629628902653e-6,-6.769256317199345e-6,-7.362174682550791e-6,1.7315578458422505e-6,-7.458345858907234e-6,1.7257036469801985e-6,-1.4894427729501537e-6,1.1763539696106778e-6,-7.078583393033141e-6,-2.700927664689562e-6,-6.112581692193546e-6,3.983627046499474e-8,-1.1795753428614196e-6,-1.2437583943020455e-6,6.470559891383949e-6,-2.2264448749268832e-7,-3.594068675048352e-7,-9.072072984088984e-6,6.0485054147445895e-6,-7.038740189668873e-6,-4.496634206869326e-6,-2.4442406458651715e-6,4.111520657563702e-6,-5.34176014988195e-6,9.287086926324292e-6,5.867406473319541e-6,1.0120939109907417e-5,7.621627268666553e-7,2.931331474486229e-6,6.808451857774961e-6,-1.0774613096683682e-5,-1.2032486931776256e-5,5.498206869808307e-6,-6.791300814418642e-6,-7.236117086216462e-6,-4.988960569864481e-6,4.274200516512056e-6,-5.5505417824570986e-6,4.1678889042979046e-7,-6.723337623121588e-6,-1.7691470924384688e-6
-8.92013253927033e-6,-2.2886547545518756e-6,-1.7106785716036635e-5,-1.7618285742328446e-5,-9.91479939837991e-6,-7.408561924702705e-6,-2.0173292782034364e-6,-8.700271753794702e-6,-2.494858434847786e-6,-8.114856323376092e-6,-1.113892132971737e-5,-8.74925403633684e-6,-1.0805788130905123e-5,2.8461063444675028e-6,-3.709220462032798e-6,-1.1528377595624438e-5,-1.5482367629739146e-5,-1.0348379796093124e-5,-1.9842792558302682e-5,-2.3124824202206082e-5,-3.4274751529892136e-6,-1.1932197771230367e-5,-8.35730670551726e-6,-8.617130611536456e-6,-9.234444194560245e-6,-1.2773330670971795e-5,-9.964499119548495e-6,-6.27411553536488e-6,-1.0600482565557672e-5,-9.989378977668168e-6,-1.771889208427321e-5,1.2770574364401456e-6,-1.5829868181012918e-5,-1.1228296651763455e-5,1.8035905136566402e-6,-2.3456214839376795e-5,-5.464555150228358e-6,7.840184267613613e-6,6.2281461048741195e-6,-1.668646649883389e-5,-4.7175064429758535e-6,-1.752032817026239e-5,-3.485794796881089e-6,-4.909353026003805e-6,-9.471597407447652e-6,-2.0895424942841317e-5,-8.357937617617761e-6,4.914311079124539e-7,-1.1561507457234668e-5,-4.3651505849045436e-6
-1.7984587742932235e-6,1.1556656735746382e-7,-1.4103003199319373e-6,-2.1827520651098294e-6,-1.3076785338713936e-6,-1.6986531066280595e-6,1.93132715893515e-6,-1.8844255574780114e-6,-5.816234916866036e-7,-8.640011491036643e-8,-1.4409292118545472e-6,-1.3824891911255334e-6,-2.8637223930238643e-7,-2.1010545147911573e-7,3.576677929260669e-7,-1.6758190349503586e-6,-1.1357295221894516e-7,-3.4650810194649545e-6,-2.740705029577282e-6,-2.528932212947592e-6,-2.1220420305933226e-7,-1.8414040677182084e-6,-1.27789337827372e-6,6.80847795205902e-7,-1.8279343741214748e-7,-8.927714551113361e-7,-9.360123151716013e-7,8.362934707460364e-7,-2.49780839557498e-6,-1.2135526979947224e-6,-2.7133619700248744e-6,4.762645243827309e-7,-2.0046288390820804e-6,1.878818055663301e-6,1.241067017188748e-6,7.090165726685553e-7,-8.84115524421165e-7,-2.0196439205231393e-7,3.2074234956437516e-6,-1.5977392461183206e-6,-3.2525323068057404e-6,6.71508659261623e-7,-3.5482252529970704e-7,-2.6057614347753564e-6,-1.2399073871212695e-6,-1.6230753640098594e-6,-1.0837259881641767e-6,-1.0369461161900314e-6,-1.158389809215651e-6,-1.758832616665949e-6
-0.016465552682637125,-0.029687511656524994,0.0017731478386671287,0.03193097233335738,0.024431835630173124,-0.03157649232124272,0.09347835724216136,-0.0343803738704307,-0.013338908712671491,0.022260025481449803,0.004607694944259415,0.01022941843901583,0.0534307053934286,-0.07020025835210858,0.00952326712996226,0.01344019160440899,0.0776874242692689,-0.0143518966230062,0.052412904747542746,0.02894230114580016,0.025465851648968946,0.01754851557759115,0.005941358537614263,0.046039856683079645,0.03742385631826539,0.01933878624198464,-0.012555359792999769,0.028975110054146047,-0.016181424916708032,0.004437099926589195,0.04095874283606829,0.022335034901982173,0.015309186964400935,0.08107705874137956,0.016972698751294125,0.12064808865743896,0.02559308819247321,-0.05276494323836122,0.032985836959590835,-0.02137187500429763,-0.04083135425821339,0.09886430163320327,0.00601303789949234,-0.048811045324896475,0.009929312752044832,0.08494840916591243,0.00970710581967985,-0.030790094425755248,-0.0024815968925679093,0.0065159383138346585
0.0073721094460277815,-0.008982667356743095,-0.02736676135990453,-0.026268890985804066,-0.010992949368966732,0.013341189136209148,-0.009595585427262392,-0.013004942667746242,-0.0018543508444193843,-0.01807456754654316,-0.003929991787239577,-0.005603507836023343,-0.022315042140994966,0.021059631834363046,0.008728979885271536,0.011066950964436337,-0.04365595026329344,0.028377496348427667,0.010538897125674521,-0.03088234098816216,-0.007942732348452747,0.0001607998076393745,0.02887107426602391,-0.0024278089068041605,-0.024488052478209257,-0.0005255836816935957,-0.01980911267786952,-0.002663415096504373,0.023581615688787323,0.01411749471158536,-0.0033832519475411387,-0.017287277280812568,-0.01041076206783359,-0.041963075016396664,7.812556046177383e-5,-0.07091949979391556,-0.0026501255963466345,0.022266694895508355,-0.020663542113216513,-0.020105801303007098,0.029945281054306223,-0.05853451695564197,-0.015099289013837789,0.02337484101049827,0.009077752863215566,-0.022951889335238628,0.0050748347660531405,0.033235215396487015,-0.03556711338319246,0.01576518674010082
-1.846991011907521e-5,-0.0012453477764317522,-1.2565976628308936e-5,0.0028113224204036375,0.001592941694059791,0.0002801612511420338,0.0008399055949197737,0.0024292746977812025,0.0005330214600060525,0.0021916906204547983,-0.001187491238367933,0.0014085535526649582,0.0023977466375305475,-0.00021460369777223862,-0.0023350329202576725,-0.0007513098208277827,0.0008331185908227081,0.0002501191131157228,0.0013614645064742635,0.0012697808229874476,-3.979279568464383e-5,-0.0003935340814234489,-0.000437061124146507,0.0002471919918903391,0.0010381576474309138,-0.00035596817728249496,0.00030853813741405086,0.0006514433890648835,-0.0006603329869995951,-0.0007792808514642811,0.0013215175429507748,0.0016406949234621887,-0.0003043477327522173,0.0007870796426214147,-0.0019103152055416131,0.0028508758730055785,0.0021173743764296904,-0.0009423647749670899,-0.00023985285047041694,0.0016759969634922635,0.0006105758541843412,0.002090829396172031,-0.0002441288867263932,9.707695798391629e-5,0.0016251687643541485,0.003414159106386995,-0.000492891233989055,-0.0022347329169616673,0.0015828322268782013,0.0012882041655235493
0.000215053888549659,0.0008968241281906585,0.0005078908448919967,-0.0026036889931919157,-0.0015045528992657618,-0.0005345649613531946,-0.0009180186480601229,-0.0011506685503318596,-0.0005984893915651972,-0.0007550637994710148,0.0004922083656192761,-0.0008642366331020489,-0.001059012186206472,0.0008160837299092999,0.0017953358845328054,0.0007989951090538887,-0.0005825929301411661,-0.0008365449634549787,-0.000643881521759906,-0.0006843736989495038,-0.000938761103009611,-0.0002922266928662952,-4.934738904815253e-5,0.0002042984584616093,-0.0009121116083792008,0.00019487935515342838,-0.00015084289148710697,0.00047399603888538647,-0.0004001892376259405,0.000885882921676816,-0.0010222932701674592,-0.0010019750433794994,0.0005568711937956766,0.0005837668688503093,0.0014865796850469443,-0.0013724458378875138,-0.001860182171392053,0.0003786962186838908,0.000717657002623794,-0.00020733524396689313,-0.0017579512182865778,-0.0008299997029440868,-0.0005258549414406805,-0.0005026140047773487,-0.0008903862041947125,-0.0025618995438972106,9.051738747722254e-5,0.0012156790899029413,-0.0006389823822113596,-0.0011400721759032423
-8.25605491166685e-6,-0.0001393544749218236,-0.00023763871350215612,-0.00045473340445265374,-0.0001617916731446944,-0.00011613116199775056,0.000202818117420131,-0.0004016735927380336,-0.00017306929359146164,-0.00013585429598567795,-0.00010687949875846563,-0.00016003057535597762,-0.00014307822696077972,-2.3785208522020062e-5,0.00030023085716987573,0.00017760696874498933,-0.00019581092406127103,9.157605013760459e-5,0.00010328706256140387,-0.00035057738716292246,-6.512247012484439e-5,-2.365586596411966e-5,0.00022467046867387418,0.0001405490841939918,-0.00018480265927565368,1.807980973170041e-5,-0.00029484816069329445,8.436139246140205e-5,2.2876173043610178e-5,0.00015136180132884118,-8.312309917261762e-5,-0.00010417473328297047,-8.198515968849869e-6,-3.341155567149495e-5,0.00021203488449866487,-0.0003386795779514667,-0.00014901900257135737,7.451774830584389e-5,6.896386196037514e-5,-0.00037372335337471785,-9.487098070143879e-5,-0.000291645445353916,-0.00019805759450625436,-7.135589123111667e-5,-4.794141465779886e-5,-0.0001824742773023071,2.06459753996569e-5,0.00031265604178498804,-0.0004547856883000942,2.5450272401063422e-5
-5.67749146783651e-5,-4.9152408580896905e-5,-2.9606845343393946e-5,0.00013853202888573774,8.205159117606432e-5,-3.9223940820332793e-5,0.00010907158856206856,4.945777508147853e-5,7.147047566494132e-6,8.316693769791227e-5,-7.98179380012282e-5,5.3913034714060663e-5,8.84400239930247e-5,-9.033146237435179e-5,-0.00010876247889782091,-9.44010045917585e-5,6.717861551489362e-5,-4.0298317113703846e-5,-1.324395208974792e-5,1.6621334636405312e-5,4.5976973246486015e-5,-2.938671877100252e-5,-4.8046595553863e-5,-9.041430445189778e-6,8.490217771068189e-5,-5.31610640173826e-5,-6.417765613531005e-6,-2.1996190655983305e-5,-6.343267048695492e-5,-8.387630191330373e-5,2.6506874013241738e-5,9.168508275408337e-5,-4.016301476991956e-5,4.5297430119584586e-5,-6.334846103909537e-5,0.00016305472997965335,9.58697211171357e-5,-6.647794760000684e-5,2.6105043561242865e-5,-1.3054914448683255e-5,7.909271785459908e-6,0.0001288123083713481,1.550770477099444e-5,-5.765114410315576e-5,7.2121403708421046e-6,0.00014976895216838092,-2.9669866690587e-5,-0.00012332849674665878,5.069733003485023e-5,3.995329699656939e-5
-2.577882901339187e-5,1.7704046788626388e-5,1.5061931979565045e-5,5.229704915009755e-5,1.8660329046631685e-5,-4.077465224690139e-6,1.3219090947245659e-5,3.610024562506598e-5,1.984573579062954e-5,3.6451716536462346e-5,-1.1344584566552948e-5,1.3408492775206253e-5,2.0157247348841015e-5,-8.817629620797257e-6,-3.189766138169004e-5,-3.5364911696665606e-5,2.6719385886240685e-5,-4.246732642848641e-5,-2.9788201717199906e-5,2.7321119130736842e-5,9.322408721473563e-6,-1.0571414434653205e-5,-2.4422638519255076e-5,-2.655771493315639e-6,3.510637068408006e-5,-7.981107309905384e-6,2.058428069472207e-5,1.8808365075429327e-6,-2.0462411113530576e-5,-1.4650339501038363e-5,-4.303656238385433e-6,1.816330930469937e-5,-1.2634220967858168e-5,2.7891424412829707e-5,-1.610501193354623e-5,6.68925611302534e-5,8.203763248662993e-6,-1.2411877598147912e-5,1.7299393854822306e-5,3.0540478202739006e-5,-1.6663950255474205e-5,5.893351305698355e-5,4.059803194475749e-6,-2.4163685038485402e-5,-4.48370196103933e-6,3.209623054727741e-5,-8.884926700305848e-6,-4.951898397187218e-5,4.606356816705582e-5,-1.4989100425040257e-5
-0.09904350008693086,0.5254677075817805,0.35523498296505024,-0.6700067209829864,-0.6031304247971432,-0.46014780632669133,-0.8381826467983025,0.20054769662858307,-0.13144632906097,-0.06336801148958134,-0.042528311135901053,-0.39478637044263143,-0.36976386193191707,0.48085901430053746,-0.12326893448734363,-0.4940435058398615,-0.10541278534131748,-0.9937723305372083,-1.1055654246584805,-0.25615604263031194,-0.4232822877173155,-0.6125728801117997,-0.9560025950633212,-0.2952116030272707,-0.23860398379587336,-0.3470894864551168,0.3256701799667904,-0.06455227820341203,-1.0119162048167623,-0.37830286814295455,-1.0552406713348592,0.00771834792918276,-0.07950604141123012,0.28609190598068385,0.08274379506764455,-0.2770273183411971,-0.5853114149662076,0.07345400427611298,0.5776226296731862,0.32997333240674576,-0.8607608054663156,0.025455030210256135,0.13400964337147345,-0.3922760631147048,-0.4706486777072685,-1.1725477318364332,-0.5558327344996922,-0.39481794270613174,0.3293443663979597,-0.68764532414332
0.4153282761444622,-0.05478291476540765,0.21575420023070474,0.5282432283938108,0.29899752630957327,0.5632343818292843,-0.03600665317677645,0.23527693273185069,0.20284075360487594,0.13684758570592293,0.49499159050075187,0.196909701605125,-0.07627680722374776,0.13426652156289556,0.21363076859061372,0.7466629769270976,-0.07553880152701394,1.103949211303923,1.1669827131735817,0.590997653087134,0.10780475791275293,0.6854124546665082,1.0407965834768407,0.3706814281645725,0.05167355059089021,0.6797299054014706,-0.0039877227884760206,0.1903024034422322,0.986831524375967,0.8912550561549155,0.7893140894930656,-0.4440497496038161,0.5720568054661556,-0.4244592581247803,-0.23843406464747444,-0.28743546238526874,0.1631210576055683,0.2175769455611729,-0.8812282404864626,0.29655935276132034,1.0195015268153769,-0.237861035048787,-0.23956107593725764,0.6718321063301023,0.6205832526277516,0.7573370612810277,0.3928455456051572,0.6099501187175551,-0.1835272228764562,0.5596070198507161
-0.014742854796725843,0.25116726312970566,0.02603285174058255,-0.6506922975073554,-0.3078014579440275,-0.15851078387344866,-0.4227933648111526,-0.012942221418959633,-0.1347711061953107,-0.0639493045884257,-0.23351281848570096,-0.21072021627731038,-0.0994090573725297,0.20154554850978734,0.10713906379089086,-0.3536174222085164,-0.14685183441304356,-0.5134101513735131,-0.8301756263099216,-0.3176030860109024,-0.10446383966888086,-0.47077334656742315,-0.6417539585912458,-0.2952231840448798,-0.23861072098395794,-0.30030511252503034,0.19261454843031614,-0.017961464281106523,-0.489485339943755,-0.46473094895904193,-0.5284523814081948,0.08781156125683566,-0.19840192660570535,0.11107502110996491,0.27079652591973585,-0.19882396350350187,-0.21198198124513326,0.20682160302972097,0.39974777120577126,0.020637694147770978,-0.5712770478926144,-0.14257782168363267,0.054856094387465804,-0.16279572050871935,-0.46893986591573056,-0.8078873370011008,-0.25309282276532286,-0.052537585676972365,0.10939329428372349,-0.3248214369429897
-0.014863144535384214,-0.0186379908349678,0.009877226168772442,0.20271903050585585,0.07712368248239033,0.04247710255831398,0.05072311585742986,0.046497205931136244,0.038544660889599305,0.026121855263921127,0.035886897934807614,0.07289996344610256,-0.0096138213262722,-0.02607732861061592,-0.10354871502106508,0.020172691909843405,-0.0075938009128873295,0.07818267601161677,0.11446425007560596,0.060747342255380636,0.012697219736432392,0.09183141450704735,0.12038712997247053,0.023007735731156234,0.09016153937255285,0.024307785729779412,-0.04644515085035091,-0.05105060453218691,0.09591427714828114,0.06019199788272875,0.09444984887319499,-0.012242129820100037,0.025282987997998392,-0.065975878276927,-0.09190259167271841,0.03886291547139391,0.06613388320428155,-0.058744131924327446,-0.11111671882434025,0.008191105028254177,0.15221037166552065,0.011383898229501034,-0.0023749140235759815,0.051280018118878334,0.08566757382342348,0.1645027799945863,0.034188769283751294,-0.024124141477776428,0.019015240947594724,0.06979298457436943
0.006494643902967334,-0.005461194758117457,0.01205432737751271,0.03023996168415291,0.013045734358428944,0.0101677464807182,-9.524092133750962e-5,0.013700581509184118,0.008287620484879271,0.005082484395836583,0.014099325576182343,0.012385010275162336,0.006092464518642897,-0.002692971687879972,-0.0029195552424267517,0.01664276195272647,0.008696500584320116,0.02358194904991827,0.03245351085216588,0.025982085510101928,0.0023381468938094042,0.020596572006098303,0.01852887865312859,0.0031263522873514415,0.010897928185590352,0.011854793971063537,0.0028544436734707994,-0.0036158470650952323,0.01984090235501722,0.01926996231887454,0.025897959849404902,-0.004613408459242495,0.017707914272565482,-0.007220106812925198,-0.014347961584963608,0.010325439742637624,0.004782081379804863,-0.007084840824665724,-0.021350064326981708,0.014044126746683741,0.024948692607706685,0.008362194654899045,0.0012041443856677361,0.012510144651572887,0.016678621381121226,0.028354000774927352,0.012898021589209838,0.0016218034896048393,0.011142624101426283,0.010476881711511411
0.00016529288743249125,-0.0005666731977645507,-0.0004215301600028506,0.0019311554407693175,0.0011572838115282073,0.0011603687402208256,0.0004552819420396818,0.0004959680450636291,0.0006303011698837166,0.00015732903132271582,0.00021915489065046435,0.0009051140645312892,0.0001029137148182432,-0.00023567217392189563,-0.0005391342508173263,0.0007227537099307232,-0.0003908483009958919,0.0019456948012453851,0.0016990524807188416,0.0007488681912966109,0.0005331247196783721,0.0011372416375098442,0.0017308626898427909,4.230913133238859e-6,0.0005271806762695154,0.00042449939735854944,-0.0004044989930058457,-0.0004943715797163179,0.0020470723022113693,0.0008916987645190326,0.0017163526962693074,-0.0002155203469067677,0.00017034757101550994,-0.0015368086951907782,-0.0008389042784019865,-0.0003495818445797114,0.0008719944779359122,6.143589706411487e-5,-0.0017673688369246997,-4.447035351838412e-5,0.0024036459634554077,-0.0005816928887389545,-0.00024197953731050153,0.0012635304420022173,0.0010004984662821508,0.0018760411754483797,0.0008735590854639727,0.0005165483140055285,-9.642564450470327e-5,0.001220906971362115
2.9086515510456086e-5,-6.571709244860196e-5,1.0790625888461273e-5,0.00033031884786930755,0.00016482156650492018,0.0001351208537787301,2.542498758608055e-5,0.00012841401081921288,8.863666012678033e-5,4.5548709996621166e-5,6.855873085045123e-5,0.0001339130530394911,2.9291376605055834e-5,-3.751327181139643e-5,-0.00012127331405611631,8.170505687567532e-5,6.352456814086083e-6,0.00024194179078014343,0.00023977940676067424,0.00016662538699250548,6.832358441285791e-5,0.00016283443704365804,0.0001861813166512766,-1.1851605264931395e-5,0.00010971115414662699,6.315124137404317e-5,-1.707210735880327e-5,-8.284336814180469e-5,0.0002244187758285397,0.00010735715558158851,0.00023440283520285892,-1.7505893706438426e-5,6.876062576018263e-5,-0.00017783711303540967,-0.0001649458016801626,2.600419973641332e-5,0.00012798438427623132,-3.3473923823525534e-5,-0.00023995261856932015,5.281183451860652e-5,0.0003288692233982604,-5.80466590881321e-6,7.232225795603748e-6,0.00015970539026962733,0.00014881386332954346,0.00029018664189756066,9.769348264495452e-5,9.696980502942913e-6,5.925440129107705e-5,0.00015544057425402477
0.2305957771038651,0.12620792784016693,0.4214866885424545,0.04315109007596719,0.028757855798444046,0.08597641178287438,-0.24557138118509197,0.15837884612501638,-0.06694237279722856,0.03852935228280738,0.27394251920358403,0.10735573089450363,0.007209466225311189,0.07123184714613838,0.20139135208632658,0.21323751892676085,0.14889891983071127,0.17087001426865894,0.2590145193081143,0.3224225190089537,-0.06855040942931744,0.1257933912397133,0.049473891618106336,-0.0008316703692725924,0.05793124236910197,0.20378229478462023,0.1894148880903884,0.04119096357575004,0.054082842824598354,0.20988891924345238,0.1954850348032403,-0.15095821922925584,0.43049358425411816,0.12329146175701099,0.0062302764636203885,0.03797650074833709,-0.08242015430373045,-0.0878786081130959,-0.14178680925185896,0.30078583406723347,0.05449430042264449,0.09716383293139863,0.07422656382241609,0.07481885789505208,0.02677507329338562,-0.02366425413582687,0.15046958351395617,0.12985631976439285,0.1677009025846806,0.05915213030071591
-0.12309488677017644,-0.11485517393933652,-0.2917472130916338,0.01909029885304514,-0.007887597826585943,-0.020676344927634628,0.14613923093689166,-0.12540594873039385,0.054665845398465765,-0.08171494262854866,-0.122319979142396,-0.04167939534962022,-0.06428778506469433,-0.040841076970920064,-0.14768449862478567,-0.05125925271109581,-0.16596607238031172,0.018095137478702266,-0.03600250251226932,-0.21329104537675714,0.009003112400559198,0.019575080126092867,0.10459177886575102,0.010825239306930981,-0.05004708327965379,-0.10431542255558385,-0.19286698928409,-0.07245309161095276,0.08610798394444982,-0.02824508384726434,-0.05607116188890073,0.04535838417145039,-0.2403389366690507,-0.18494606602235442,-0.04490938067543434,-0.15738784129865246,0.04169160024161409,0.05581132048525242,-0.038230407192572875,-0.22509568924332413,0.09881220289256817,-0.17974833538872706,-0.07392162409018263,0.02623304906959158,0.05846512942127693,0.04066758706251801,-0.05349817383236759,-0.01647013061977385,-0.16844024787420384,0.025254078389314257
0.010619675140155846,0.010961324335937724,0.012846970839442067,-0.0020733116030900224,-0.0005451216019275132,0.003856564125860963,-0.022366622146507364,0.011320737684780497,-0.000806027580122096,-0.0033562988261016044,0.007848691620656295,0.005338738113292362,-0.003208827150062033,0.00750313021410951,0.00160473375669668,0.0012177162485322351,-0.001181382290807923,0.005364880730212578,-0.0019437248398780035,0.008237731951378665,-0.005112570571464583,-0.0009181746036800342,-0.0066927139799018145,-0.01163178702384139,-0.004902477213810862,-0.0020390198616386606,0.012379035248252708,-0.0053707212297362745,0.0027498037998692367,-0.0005525069636429911,0.0007598512409711519,-0.0027252732260761893,0.008990600343479963,-0.005415960593479577,-0.0007020142426485398,-0.012782910628364142,-0.0029373483309830125,0.0013966811472093414,-0.009224008489130067,0.010029760646461541,0.004382165194174391,-0.005976406557584352,0.005205094851814309,0.008063487156098299,-0.004407421627920722,-0.01290530527642041,0.0026070287085272026,0.005281076484560143,0.010531650450453034,0.0017615577961149526
0.00010332172909949377,-0.0002836769208729935,-0.0006278263251359176,0.0006315545429146352,0.0004252283408954043,0.0004613854271502279,0.00027122218094367557,2.5140946821465686e-5,0.00022391789586233678,-0.00012654046268847135,9.929056373133358e-5,0.0003034776510420913,-0.00028675951430142446,-2.343743608443854e-5,-0.0002608817797657139,0.0003681793506895082,-0.0005491212830615721,0.0011956287162423417,0.0009470754891647711,-0.00011908384595474954,0.0001473701006405697,0.0005055860023378388,0.0011692693305847151,3.402871648231191e-5,-0.0001100490652876826,0.00016998060270397876,-0.0004208486815675481,-0.00021176429202622398,0.0011593749368992348,0.00066635210929996,0.0005827118939468348,-0.00025660501099568085,-0.00010244319681249105,-0.001110356299124631,-0.0004716916622620148,-0.001104044801328419,0.000350381695102458,0.0002557186460344551,-0.0010606744642892702,-0.00045459056238881114,0.0015052422724307667,-0.0008648386832480893,-0.0003093116878837858,0.0006641083512060328,0.0006307063749331497,0.0006955847061731012,0.0003250416503406648,0.0005593150088926282,-0.0006131642626705405,0.0008217774435027379
-7.976118735870704e-6,-9.774131279093829e-5,-0.00015047045447943685,5.91093849774319e-5,3.379015326799306e-5,4.9974190872245025e-5,9.609457786092951e-5,-7.209327099565363e-5,2.2288661234866006e-5,-6.505875705351599e-5,1.3157072793775395e-6,2.0613721272635802e-5,-5.108404204095384e-5,-2.0039042529266562e-5,-4.573497565064707e-5,6.1367630143367e-5,-0.00011413449741471948,0.00016840414133034248,0.00015014672069981844,-9.161924287408475e-5,8.586460004518298e-6,9.742694726445577e-5,0.00020067406917886527,3.110692367305275e-5,-2.8277120822950325e-5,1.4010775237613184e-5,-0.00013445818151127653,-3.610737210741116e-5,0.00017051622010410888,8.716345698693094e-5,7.658114908820664e-5,-3.459155764188949e-5,-5.73411533684781e-5,-0.00016756936807225088,-6.020922755755484e-5,-0.0001749236146591749,5.41205041998031e-5,2.830605244066996e-5,-0.00013203377313247155,-0.000127465492937428,0.00020524777399920344,-0.00017611607028570795,-4.989371136614531e-5,8.715523920439008e-5,0.0001148684438746505,9.178121890810464e-5,4.255687405718628e-5,8.370820361407076e-5,-0.00014857815171106872,0.00011296470541280019
1.5424337773425137e-6,1.4255959357358947e-6,1.5500003258582114e-6,-7.372325559254457e-6,-3.7958593391602408e-6,-4.860848628082635e-6,-1.7123724820977553e-6,-3.7383663566031785e-6,-3.887651300543116e-6,-5.034895584982854e-6,1.556034264746673e-6,-1.945704481123243e-6,-9.053400806139508e-7,-1.0446856392669054e-6,1.2160293323152675e-6,-1.3560308660653666e-6,1.7665060177190895e-6,-4.0565183324873515e-6,-2.7467382452248195e-6,-3.6823703270912675e-6,-3.405031259045799e-6,-2.196517749737432e-6,-5.57170961342258e-6,-1.5048050639597714e-6,-3.5427671693713685e-6,-2.6636896500778164e-6,3.7513423806988384e-7,-4.5808703666653503e-7,-5.649290296057025e-6,-4.905599009583964e-6,-4.915046547741266e-6,1.8735410123333757e-6,-1.9032770361368169e-7,4.713901721697691e-6,2.9262610336801906e-6,-1.683056383552869e-6,-1.3095853395947181e-6,-2.9404634771466667e-6,3.990610197154469e-6,-3.7231807289173136e-6,-6.778365789353978e-6,-6.369613922653962e-7,3.405569714221912e-6,-3.291060484411903e-6,-3.6349922088796213e-6,-7.009103148529691e-6,-1.9578446154615884e-6,2.1960230130819303e-7,-1.024230512844765e-6,-2.0122847778766545e-6
0.002083785328734837,0.0065040784570262605,0.0035615170418680153,-0.02534358688633763,-0.012975691459662915,-0.009994606536647353,-0.013220637363263888,-0.0036672422931083113,-0.00792545314095476,-0.0016877532413502477,-0.0064771559338004,-0.010170454542692069,-0.003460975767503728,0.00559063843974383,0.0066167788637096015,-0.008025667110518147,-0.002181341269050876,-0.015551144134532487,-0.023363776614483415,-0.010522987694602741,-0.004640657304294694,-0.013969345405136486,-0.020204364650632488,-0.004914961124737566,-0.009038850335072228,-0.007571986915993966,0.005558896306794575,0.0013566819245280151,-0.019962587151713434,-0.012422251504075648,-0.01911555808280623,0.0018951920713038604,-0.0008970560883173849,0.007880203847369845,0.009723987411640943,-0.004465340121559426,-0.009187477351393138,0.005441925795910525,0.014822503880105805,0.000639362194781353,-0.021569289698724157,-0.002523919738633893,0.0011387944558940086,-0.0069336763664769804,-0.013519146113666428,-0.026035809242472154,-0.01101866717578223,-0.0007382779881253284,0.00032900810435291264,-0.011329835455730361
0.0006573228241521438,-0.0012546519752843698,0.0012248537545758696,0.002854631053870754,0.0010726150735696316,-3.213877661017039e-5,0.00019538930904410026,0.00157534342014478,0.0005286301642098547,0.0011216733208553222,0.0008558775171871943,0.0007029394971715709,0.0017759901923625862,-0.0008372052353512217,-0.0012704073376113795,0.0010097341162402587,0.0020448354778819147,0.0013734814758444066,0.002753301563545354,0.002654287555252004,0.0003065090551668616,0.0015133850307713383,0.00011479480305784105,0.000730496339360955,0.0010469044400636775,0.0008299009961613171,0.0005930932711589946,0.00015718057673549165,7.27654735952278e-5,0.000575997979866802,0.0020064295022265773,0.0006926532447771482,0.0015120856754393982,0.0007487799984225664,-0.0017093883141833302,0.003215475930918661,0.0011074484734358617,-0.0010625261588694925,-0.0009318648790803668,0.001837761496327434,0.0010363354933317886,0.002411106370741078,0.0004992928652439262,0.0005914519015131425,0.0019261546204571644,0.0034561060648236504,-0.0001017906001501018,-0.001459985898226511,0.0016352967407191764,0.0006924975636094474
0.00013619930474747496,0.0003390972934713634,0.0005277634115060237,-0.0011605306797883466,-0.0006866075682143193,-0.00060530828618763,-0.0005030716903114518,-0.00028530820236051947,-0.0004114902035888848,-6.956457915876705e-5,7.76606191509657e-5,-0.0004213658192466064,-5.6330299866219554e-5,0.00015672155540655608,0.0007021933586917299,3.55575930550639e-5,0.00026992119648235486,-0.0007464458944140143,-0.0006046771301986701,-8.712424518882028e-5,-0.00030520241214768146,-0.00039581537999793995,-0.0007737393724319265,-2.075240579614749e-5,-0.0002809376949131421,-9.185511062120852e-5,0.0002994301686231199,0.00022147677788870345,-0.000899783193864166,-0.00010141579017156699,-0.0006086605188501358,-0.00012387070064555982,0.0004123848795446243,0.0007660641835879844,0.0006091198376702054,0.00018016875719377619,-0.0007151104582902758,-2.867578595264304e-5,0.0007463227470551827,0.0001994796814853275,-0.0012649910180761923,0.0003236190699911583,3.6748113607791056e-5,-0.000520492712997508,-0.0005711563249104303,-0.0010917832762264619,-0.0002475570994466833,3.9682224089158935e-5,0.00016359446864612837,-0.0006811471745197164
-7.773891834848263e-5,-1.4263806821802253e-5,-8.433530731569309e-5,-0.00029797200089340273,-0.00012176627849262295,-0.00014611764268141988,0.00015452669508937694,-0.0002150091893149483,-9.742654783190812e-5,2.660534998174568e-5,-0.00012408404692270468,-0.000134310950111882,-2.070757456051384e-5,-3.864014861974013e-5,0.00021296025417258098,1.9608068291676824e-5,-4.4687749948020614e-6,-0.00015460289209896585,-0.00011381533751003459,-0.00017181809081237128,-1.2529398646840163e-5,-9.94396081736395e-5,-1.3811764088226562e-5,9.646010696226546e-5,-5.271081491729543e-5,-1.2575370056512418e-5,-9.930257727618855e-5,0.00011216610169695564,-0.00013372104456318724,3.4942844752660474e-5,-0.00013378744416830114,-1.716362410724437e-5,-2.2623948751806085e-5,0.00015799257672317256,0.00018695779403575264,3.7082378632091604e-5,-0.00015319617759972616,3.927151474546615e-5,0.00021618861999306958,-0.00014708521404638612,-0.0002763967280714144,2.8821280041457418e-5,-0.00012746984241166704,-0.00018494829796694186,-0.00011858319240740377,-0.00013229752838562483,-4.0699485401403484e-5,7.329883631122027e-5,-0.00015820079702977602,-0.00012112486160515588
-3.226753051240656e-5,-1.9877015585878206e-5,-5.171084024942653e-6,0.00011850989031242757,6.034890171336581e-5,6.781773950728741e-6,5.571521831309855e-5,4.189405603527542e-5,2.586877784345997e-5,4.325986948033087e-5,-1.4095167708981935e-5,4.239825979550121e-5,3.559574904000388e-5,-4.3378055449494995e-5,-6.818332162032809e-5,-2.584843804156366e-5,3.388030120877502e-5,2.7615692802345247e-6,3.089534900953095e-5,4.206820095303452e-5,2.3340286474204476e-5,1.5163063516791053e-5,1.208047503072621e-5,2.8104992677535625e-6,6.059320479878901e-5,-4.1400509002854575e-6,-7.669740328781634e-6,-1.4776046598543989e-5,8.11719830789755e-6,-6.199642882987234e-6,4.496377991836673e-5,3.203862973099933e-5,-1.0337592370131023e-5,5.6161209808392764e-6,-4.918538111958848e-5,8.077952826318399e-5,4.947169568346478e-5,-3.7704672132162505e-5,-2.3264792248159108e-5,8.115712643129398e-6,4.177748185109921e-5,6.745303823720643e-5,3.964084828687031e-6,-1.1249987053671545e-5,2.4595428350401184e-5,0.00010970655186459814,5.22336270462955e-6,-5.939817015032766e-5,3.4572815089363267e-5,3.1394668012341784e-5
0.07350966986591966,0.025569349594348718,0.16819268697826367,0.00300468692263002,0.016169880839461703,-0.006165306850199591,-0.08885605335742291,0.05251844373575868,-0.06884724193488542,0.004320750967831442,0.08579213264454517,0.0465935594736535,0.03629602011697342,-0.03879352926508595,0.009811381200624004,0.02523878507531434,0.10321566544543262,-0.004022159096901844,0.05370166170142596,0.12208754776925332,-0.021002090165339382,-0.005566707084902375,-0.1066520956876207,-0.04224855249796051,0.049231850091811476,0.029188763865391022,0.04887306198042995,-0.01114451813546819,-0.09301631595896842,-0.06499082275151909,0.07751502750391248,0.011412220878097613,0.14815812285627086,0.10263496375060757,0.020475845350284447,0.10734295910543735,0.04521663087548551,-0.0988754327011151,-0.017415123937330933,0.05298833237487993,-0.05682602453096412,0.10419947747857859,0.07789347361713403,-0.004044970063196214,-0.06917640010522223,-0.0014214805095773596,0.016426372947888665,-0.006246763304073571,0.09202420525810337,0.03685365274438388
0.10895062758011768,-0.10035468915028768,-0.03794292806140541,0.297074311188575,0.10812646748463207,0.13371999843646135,-0.08740490011110476,0.09795664496552084,0.10771573473648882,-0.07664508581405839,0.12351767532869014,0.1180196602632345,-0.0705706012352857,0.027085185070490594,-0.14736393276830667,0.17303569511169745,-0.1369733079393828,0.4248346894520412,0.35463177278657415,0.09311110043476656,-0.02121979106720745,0.28403510065935456,0.32753131521712225,-0.007674720096063708,-0.016752802986168325,0.05309280765435835,-0.05822349262985906,-0.1551951387962809,0.36091283335212654,0.23861678707613876,0.21815026548936656,-0.08237072855205571,0.08851350347936447,-0.3542248272372553,-0.23167709314971022,-0.2801303868708315,0.06299486046390583,0.035057722135583044,-0.4063296715416662,0.04383208951047275,0.49669102683645,-0.24716179043859898,-0.018845588624045992,0.2874412074359932,0.28283008157614337,0.20181722480923062,0.08744619050353099,0.09448045298774042,-0.042129447155514234,0.20793497869570687
0.01738766698618557,0.06903818885142918,0.0821505425425508,-0.016717343621696606,-0.00781531622549325,0.011028836695634748,-0.06419244236105327,0.037252648496528366,-0.017564267935203284,0.025064061939030394,0.040739986931839035,-0.007677946452929792,-0.045615187403863285,0.025228884304986213,0.010548345494136004,0.012336106320342993,0.008843875695585585,-0.024572955057857275,-0.007388660642265434,0.05196606964611904,-0.024431848090514144,-0.023013280524263487,-0.019892295866130453,0.004876584970542493,0.015567636927826518,0.04048266476788403,0.01893020607257138,0.020790295611696426,-0.03779274545496549,0.018087587649062594,-0.011443384148755778,-0.030102261415221605,0.06463435627807607,0.035649400744742606,0.01950973167851597,-0.010007433766901948,-0.01966340169529989,-0.002654341404377581,-0.020319899968673782,0.03057889288823949,-0.026245986800877006,0.028749949719834602,-0.009554312914678164,-0.004065901810487315,-0.04628805124437752,-0.027258104853033056,-0.012700805387400779,0.0221830501162085,0.013658710888988679,0.003516504097375707
0.01592248851341608,0.01462030288589417,0.024608871197199823,-0.012247298079121257,-0.000917303427322633,0.010098362289623866,-0.016225102790747552,0.008766579659911827,0.00016121579894511577,0.006986520299436543,0.01382398043646942,0.0010824120478439168,0.008163333880515307,0.00581392749652204,0.029504226810337097,0.016069991623356688,0.014659087410948424,0.006718907601336945,0.00623254676739949,0.025169009192479448,0.0027902222536391325,0.00350249455789201,-0.0032214537166697713,0.0002892193479971636,-0.003201712130013414,0.01564744112306323,0.02243178102562545,0.014615279607453272,0.008795498586385451,0.011137924885229982,0.013594027115019584,-0.008916872146426677,0.0219005414526504,0.014754013818167438,0.015247930931917161,0.012088101432923047,-0.009057720490738348,0.008746975442067382,-0.00028655966836657935,0.022171346639002394,-0.010938423787832042,0.012340295168593413,-0.00035044411292073325,0.005158417940482318,-0.007539968900376936,-0.006402686102556287,0.011918343221669521,0.016412594297875317,0.015328671539096018,-0.0043533399870605465
0.00022976123134446335,0.000976997341157553,0.0009951439694068052,0.00022773904074390334,-0.000276703311405245,0.00043941334277121044,-0.0010820198990395828,0.0006526713639124111,0.0004343948318558804,0.0003070202376691678,0.0006576313304055003,7.199882607708785e-5,-0.0006480879671158295,0.0007355592595451385,0.0003338299693678365,0.0005118319216347491,-0.00045445121886167247,0.00017032686087773788,7.184440208767976e-5,0.0007529006592375337,-0.00046911687017652415,0.0006334861335431037,0.0006847802834227573,8.353658410064225e-5,0.00014378868915143438,0.0005240840690010391,0.00033253210825222,7.670545757351698e-5,0.0007234818590770921,0.0012284033810879445,0.00020689917663456662,-0.0008718252655305083,0.0007902630989654033,-0.00021372687003739908,3.307661340271275e-5,-0.0004491991290056835,-0.0008542397875629826,0.0005619089111222885,-0.0007933528150616564,0.0011051166212266085,0.00023954917909295396,-0.0002684693931369603,-0.0005322841521329172,0.00045997879546781097,0.00011950534395032656,-0.00046657362374234474,0.00023383838300290196,0.0005121052341942116,0.0005713690657291152,-0.00025948726153095605
-0.01928511807298536,0.020292145832844142,0.019385170570142257,-0.011420367659366604,-0.014103355242899629,-0.03138522111428527,-0.005733263166227914,0.008303935231907434,-0.006900409699158842,0.012951823868735304,0.00018944802300632202,-0.01651889338720722,0.006568412255432535,-0.009586242663373734,-0.010760797598663446,-0.03666304465620783,0.037057188843142914,-0.06782940548714643,-0.05057859678525444,0.00939466750868026,0.0037968603136063054,-0.036342470204651665,-0.06609137283827513,-0.005637272256774097,0.011491772259045734,-0.009355283818236195,0.022004797485174497,0.008172526286388832,-0.06976205642947973,-0.03634991824537643,-0.03751954046302627,0.014039077685929878,-0.004824259597003802,0.04822844231152861,0.008823689417049646,0.047730967139217866,-0.006259918622712428,-0.014452235411278517,0.0468945381590305,0.008308305357268368,-0.05962491230965767,0.059078706558929266,0.01861296717486979,-0.042692075750208454,-0.03381117837704066,-0.018826208334874712,-0.027752026634425345,-0.04266368608516179,0.026782952129752652,-0.031090025629087505
0.0009395434816136596,0.0038648224010010748,0.004762400005784737,0.0031847852921054022,0.0004236703485813412,0.001879097241503778,-0.0013511910877676556,0.0017801559584740404,0.0022591230562214546,0.0006623061833651957,0.004580850861048142,0.0007949434414568653,-0.001469832049119734,0.0008214402340793202,0.0016074247044255757,0.003943194227496749,0.001334597872424652,0.0014529063307149675,0.0038113433918789985,0.00535125658706431,-0.0016038727115367463,0.00466072779139789,0.00439206189033536,0.002193351644014276,0.0013908151595551654,0.003776771626396642,0.0013133652476955554,0.001344322164271751,0.004725032029184726,0.006021272183157609,0.0027380259213467023,-0.002649784117294178,0.003618180487725795,0.0016745903914437814,0.00035360131951696436,0.0016657490201738847,-0.0027045689647703396,0.00022448161996617197,-0.0034235381843384883,0.003611529180319894,0.0007984891904104606,0.0017795004855425598,-0.0013499582103984826,0.001161748051911286,0.0014012226002654265,0.002050089034761615,0.0022309730929476446,0.002061132301738626,0.002353083912442597,-0.0007224029313823658
1.244902988966889e-5,2.1497233307797303e-6,6.288966188147431e-5,4.454271359419204e-5,2.6422600570704203e-5,1.1928044847530949e-5,3.04482404717894e-5,7.982611341488958e-6,1.9683382417113287e-5,3.130306540353845e-5,1.2251065582000292e-5,3.695788852535625e-6,3.329805897443972e-5,-2.2127916863687464e-5,1.969241036286448e-5,6.409644149833144e-5,5.2016131331150095e-5,1.5828025495042612e-5,6.402073344188942e-5,8.101071127848775e-5,-1.3762767703596677e-5,5.915671836355095e-5,3.851915811938976e-5,6.338522317261953e-5,3.2374689521498314e-5,4.612996237864421e-5,4.358217242426899e-6,3.152430254177604e-5,3.1743132471772935e-5,4.291697794333918e-5,4.810482638760985e-5,1.778044770285163e-5,4.84633586103371e-5,7.586669645994475e-5,1.464908974103272e-5,0.00012568499767336798,-1.2881788018527775e-5,-2.2600275553026682e-5,-8.702417656113406e-6,4.719150087897118e-5,-3.727548602190914e-5,7.686198353158011e-5,-1.9014769624304023e-5,1.5020169798507447e-6,2.058054559188939e-5,8.581353527868994e-5,1.3640541160425397e-5,-2.457662328336231e-6,3.059753831704537e-5,-1.59250816517543e-5
3.027446247037732e-5,-1.935721307102638e-5,2.897033918018834e-5,-1.3307117548464626e-5,9.599308819458162e-6,8.469067130540174e-6,-1.6145054042155617e-5,-3.0800066137622927e-6,-2.4325140256255465e-6,-1.7099019943277163e-5,-5.426937369187849e-6,-7.692389069093705e-6,2.0888519580038032e-5,-7.593668439612217e-6,4.899588246994062e-6,3.3985651401622076e-5,1.819137543084444e-5,2.3714154091597528e-5,2.1727187154094536e-5,2.3892746219093686e-5,-1.8671402000995126e-5,1.9411270715162423e-5,-1.5366475563775922e-5,1.5203260807993991e-5,-1.5689182925343294e-5,7.0482598858249135e-6,8.05647095276748e-6,6.373365321700315e-7,6.680382827946581e-7,-1.968972741343008e-5,8.918753984876378e-6,3.4728181076305016e-5,1.7068017155203243e-5,3.064391728556091e-5,9.892096448170716e-6,3.457558652081518e-5,2.964228933311554e-7,-9.140339861774422e-6,-2.3962605055083477e-6,1.858349936768209e-5,-2.69330538427159e-5,6.113153313488464e-6,1.4506329515404445e-5,1.8442777979973084e-5,2.7120352854148077e-6,9.315528265011888e-6,-6.111480055487292e-6,-1.069842606996449e-6,5.835215423721326e-6,-5.084321366228642e-6
-0.005964786404849841,-0.02202928697885873,-0.037370323408213973,0.034625304480108886,0.03617357510226152,0.029043473827302525,0.049037308896437794,-0.014624588472262862,0.008227650075517099,0.006025213636045786,-0.013306370098142999,0.01656636879512944,0.00893297419109118,-0.026407877640370746,-0.007853456327790734,0.009319810282091626,-0.007412097205096331,0.04255352156792199,0.03179793734455392,-0.0037306262704979594,0.030559382675194608,0.018926821629085988,0.04658946307174388,0.012189241790883949,0.013028692159527778,0.010956427804550129,-0.02427122950854281,6.006151269079969e-5,0.05307731568174378,0.006637053912710126,0.042369826639479746,0.004241814816488189,-0.017609014137642865,-0.026667287611062494,-0.0014530029279795798,0.0035365347838037767,0.03764625726423959,0.006395075744313586,-0.02842346820835206,-0.032465315097687665,0.048015545381621734,-0.012232820508481745,-0.011979320791705264,0.02017727449950414,0.015190564276415129,0.05746088967815045,0.018845419254821846,0.017437477361312795,-0.028912305444306285,0.03788392685655412
-0.0055425567200228,-0.017555680958933246,-0.017013274859936978,0.02701594859490309,0.01854161729471622,0.007683294711328163,0.024443734657790536,-0.006935164164185514,0.0037873721386261217,-0.00311482186983678,-0.00347249454509158,0.010903922117724844,0.005820934268364496,-0.0195064028486605,-0.019230756504133653,0.0014667314732485532,4.759658264246225e-5,0.017620778225520963,0.01941842250385474,-0.0020153237363412834,0.009139421428487098,0.014336476078262817,0.017249285417245762,0.004098628806090873,0.009858668129781548,0.00015787624174252727,-0.01671938902241595,-0.008241514116526474,0.018791620458410537,-0.0019544633744041015,0.020777087308473594,0.008459950132500308,-0.009584078048026901,-0.010282466253798462,-0.009235525733880263,0.006760694980425643,0.021108713223116186,-0.008209497462200751,-0.01563114614395113,-0.016434948699110337,0.02312839762753114,-0.0026911628737465564,0.0015401410318203258,0.006630643127286368,0.012633411654974018,0.03128485302702558,0.0051620762932459326,-0.005154781732640634,-0.010270168839633111,0.01903516933728145
-0.0047014300007007315,0.001004759607790995,0.003969478136401785,-8.196637473687414e-6,-0.005675580060260235,-0.0069242334378628095,-0.0010637572343862496,0.0016925460955441302,0.001731791434687571,-0.00025295255710260724,0.0016663499210256795,-0.003335202232223034,-0.0006013338971521637,0.002572979961554957,-0.003679573062914898,-0.0033533367863914135,0.0023778097868802418,-0.012042133605459183,-0.0038270880000495387,-0.00041315744412439795,-0.007109601867412204,-0.0009457523262664173,-0.005541432039992608,0.0023854670356632537,0.0008586238704355207,-0.001293871054396988,0.0003660735746581945,0.0013898178494490072,-0.010675037386266926,0.0012153280217075018,-0.008578755829879482,0.0008545284637766662,-0.0011258462361011731,0.00874314230161559,-0.003080996904177944,0.004666860633937278,-0.007322711254231343,-0.0038320333715168332,0.007358410944577814,0.006080052789184542,-0.01019174149328935,0.00634775177678853,0.001134016018958679,-0.008329617384768418,0.001941075174144362,-0.0047364564908497254,-0.004388382176386843,-0.01003010950210419,0.004562957168844303,-0.008472916011535055
-0.00011161087336556841,-3.624647040616566e-5,-0.00025202156823038706,-0.0002729085399941282,-0.00020202799849146718,-0.00010152478400210203,-0.00021422419549685698,-4.567077394550774e-5,-2.619017790901117e-5,-0.00020282478463348134,-0.00013399523964552451,-9.22522411312998e-5,-0.0002603005852605198,0.00018640641159291854,-7.599036882352558e-5,-0.00020020686323399356,-0.0003826786133790566,-0.00010266431380249415,-0.00030907263483531997,-0.00041496233341146055,-0.00014444228286350941,-0.00019815122668057948,-0.00011569091997616281,-0.0002653734047172642,-0.00019923113207738645,-0.00025908107254646177,-0.00013039714247417547,-0.00021027798145797574,-0.00015803117739568505,-8.234943155676882e-5,-0.0003319170220755993,-5.986470650123375e-5,-0.00021595623274956724,-0.0003631708508744291,-9.261338399834288e-5,-0.0006824331911193491,-0.00017839705887545904,0.0001351089573416148,1.3916070641357276e-5,-0.00017930488417334416,7.805180305270969e-5,-0.0004704955912171797,-2.3630640566518457e-5,-2.392751193949323e-5,-9.420039368040009e-5,-0.000511171250960649,-8.897734875535291e-5,1.8537419714179033e-5,-0.00015292673225051132,-6.087647492945655e-5
0.0007155545993833932,-0.001190559686209776,0.00012607330059205787,0.00245060672796323,0.0012150148582944526,0.0008707634515558908,-7.898410035593712e-5,0.0012833373608388046,0.0005890858048374812,0.0003036158351747949,0.0007152009562147722,0.0009795211628952274,0.0008783196384438898,-0.0002868533774701647,-0.001088262985497159,0.000883371503209582,0.0005148837607991822,0.0023338679701496562,0.002587241172902052,0.0015524347124491126,0.00044231140484043697,0.0013122887932184102,0.0009995090079600376,-5.139915440578179e-5,0.0004482050844668152,0.0005623003662529216,0.0001694780801227061,-0.00040078886820549986,0.0013554125564109306,0.0006685083223664496,0.0020302522162169707,0.0001641753496981198,0.0007635201073409786,-0.0011827744325081607,-0.0017113540762458848,0.0004017704411204107,0.0012890858685732371,-0.0003605673900727599,-0.001813756153586946,0.0008590833455516551,0.002606143478097264,0.00017094181195511952,0.00037683771053345324,0.0014206423181118615,0.0017770912374011738,0.0025251892851282736,0.0005359151492961501,-0.00026533248857024016,0.0006303938585722239,0.001427491125751958
9.975716808305003e-5,7.459607983488473e-5,0.00031838899028715297,0.00015168504079907558,2.4992982125597127e-5,-3.959255783768726e-5,-0.00022753477979721494,0.00026434758542923445,1.2093260159429768e-5,0.00012446284906209788,0.0001411105914040952,8.880237360017972e-5,0.00015079008239540583,1.0590356613417526e-5,-1.9320856201624785e-5,9.156717931488757e-6,0.00024838135585111284,-4.616319432931129e-5,4.58348871646396e-5,0.000333229268241148,-1.4828051303985829e-5,1.2043511926471611e-5,-0.00022426416168057434,-8.802489750892873e-5,9.535232680490321e-5,2.7236845900399167e-5,0.00025117833803669836,-5.495390617818284e-6,-0.00014798089840263416,-5.511990645425253e-6,9.664277304476006e-5,2.0171386890175537e-5,0.00024251980163301232,0.0001586996554007262,-8.570931870178931e-5,0.00029233161505543925,-1.9492081092763376e-5,-0.00010692277888440942,1.3592591884642753e-6,0.0003337783444432077,-7.631723203195148e-5,0.00030752635649372486,0.00012003284630570144,-1.5865442734099742e-5,2.478178760773659e-6,4.619668997994623e-5,3.1668532774151088e-6,-0.00015971155006251956,0.00035608656310540164,-5.4365104409289664e-5
-1.0431462169010598e-5,-4.1728873582717535e-5,-2.4719914942221363e-5,5.2162428114240943e-5,4.0272972663412524e-5,1.557667219923802e-5,4.89743916132221e-5,1.1231073402386958e-5,1.424794393601576e-5,3.114094390834673e-5,-1.1774486618370363e-5,1.8284476092096017e-5,3.238627699519437e-5,-2.8598054122274404e-5,3.609459872300681e-6,2.302580238740516e-5,2.306896263838351e-5,4.5806713702610345e-5,5.599511310724118e-5,2.845793577952594e-5,3.3776488077999535e-5,1.9608143212506093e-5,3.496945483069666e-5,6.837795786822448e-6,2.3403372502356136e-5,1.6418550058081485e-5,-1.2052748017066649e-5,5.855039075582349e-6,3.439032468470842e-5,2.9926968309707984e-5,5.696387095030603e-5,6.5666235193248755e-6,7.830956262916604e-6,-1.8130532136521463e-5,-2.47595608842276e-5,3.622231514448655e-5,1.984496186199333e-5,-3.402687032554561e-7,-1.9724637758442515e-5,-3.946551612623267e-6,4.765539678443172e-5,2.549726409421848e-5,-1.650656003618238e-5,5.34222415370525e-6,2.7437962182909436e-5,8.238868798580313e-5,2.454633777824603e-5,1.796235359420808e-7,-2.8235069676184295e-7,2.7539716654242093e-5
-0.02816781607284102,0.05846633976827454,0.002638323750679507,-0.1915984618458051,-0.0774217330211007,-0.041669768134473095,0.005940992364057346,-0.04883340518462229,-0.032699312597985336,0.032524997117573465,-0.06207288359328824,-0.08061867105434814,0.029109683846215047,0.028426338183271633,0.11022846763927473,-0.06144616398966512,0.03284106405865583,-0.17605287610149115,-0.18223231319622982,-0.056143995883248136,0.010636989140631601,-0.12719925109893046,-0.13641940717252288,0.015182774103053446,-0.0390554932457268,-0.012535249983078894,0.05306422668346466,0.09972425091664223,-0.13065923425210427,-0.08355438240931243,-0.11693533705307417,0.01595472251259254,-0.05393924686555406,0.1431873713681733,0.12920595931993428,0.08319649396153857,-0.05803130364130602,0.04976331637483437,0.18850594919771854,0.010125275902477728,-0.23316268611682278,0.07012286835114227,-0.014380530474911137,-0.10207973952440422,-0.11513526401411457,-0.1386676471236275,-0.043776679243933254,-0.009355717576193495,0.007622214255072588,-0.11433709006009853
0.05856888410986802,-0.08142106695484921,0.006032346282504892,0.1737991616477336,0.06431787826975985,0.0345316128968839,-0.06176738176660073,0.07107574661774956,0.020945306305873494,-0.045099447478668044,0.058922290807941015,0.09173584700973313,0.0003758774168920509,-0.023685133093579256,-0.12997665661229837,0.04698278996766988,-0.03497969360826122,0.1876979507903087,0.17017664019923395,0.05621558295760011,-0.016060932874219183,0.11935061644730799,0.07952229915374741,-0.05769009833019953,0.021016077391372102,-0.0203554314766656,-0.03249656517216976,-0.12385318202830892,0.10310687780583207,0.031178120841662896,0.12835789012952514,0.001920372779815494,0.06087138263974426,-0.15961289392217318,-0.14104145465642565,-0.08456867751160081,0.0826197456928151,-0.050395866228240695,-0.1933967535628199,0.012217011496611831,0.23092324130633854,-0.08510693509974275,0.042519667866914336,0.1289225425284399,0.11423507855153237,0.10734197577971331,0.030775879616566543,-0.006670442716422949,0.02887099656895205,0.12282332888089818
-0.0019621161608656063,0.011265274402277696,0.0012935776521122188,-0.03220972993288859,-0.01305210518775498,-0.004136609472980221,-0.0020839308679533254,-0.011065594253669314,-0.0025523659357529873,0.002845557068116049,-0.011205397483108009,-0.013244461049614418,0.0032502520477207977,0.006570608615076733,0.022242039938359694,-0.004441587456328311,0.0013603833013933805,-0.02372242858761045,-0.03053058839013818,-0.008960570852032572,0.0006539187211273309,-0.014003878404168713,-0.015813180925520306,0.0046911952466897186,-0.008799193807287123,-0.001933739438597284,0.010112472493331174,0.013942425741792953,-0.011002002372438207,-0.007189790242741701,-0.01828893588509368,0.000795428881684312,-0.00790483091408262,0.020113235102631296,0.024575332294559157,0.01099919563058685,-0.015805592238725373,0.012274693549413197,0.027418079426949203,0.005679747480897206,-0.037378984936084866,0.005472850242601229,-0.004773198471379881,-0.011760146048134495,-0.01611024332448278,-0.02636818912358588,-0.004933795481384418,0.002108009784507281,0.001004056111846019,-0.022324296298636293
-0.00011889769616630728,-0.0002963401650645134,-0.0008823904694090408,0.0034198398250276205,0.0020071950976451878,0.0019043916130970125,0.0017617361860949529,0.000700480623341996,0.0015774934487186444,0.0006673481101839176,0.0010335957743068756,0.000480158866270892,-0.0002743146142286426,-0.0007569664266269639,-0.0013424972858852048,0.0015377824283485835,0.00018063824834424892,0.0028634716800549132,0.003461011909923255,0.0017631087126037332,0.0008829035543014998,0.002160104495123183,0.003495906911186612,0.0016855126884922848,0.0006521588364590201,0.0020696099335331453,-0.0008089093597355513,0.0007408067602237872,0.003488245139574351,0.002292339891437779,0.002315662963227594,-0.0003044615785006132,-0.00018387310781051744,-0.0012622103992139242,-0.001316452782081541,-2.255149834252343e-5,0.00148577781401878,0.0006631144251418744,-0.002971052622110825,-0.00040421874803150195,0.0035843286400436864,0.00013841040413124485,-0.0009893291494914983,0.0016060423994478784,0.0021278944367137693,0.004492674279946329,0.00059254752533671,0.0007297744421542042,-0.0011003318570859937,0.002111453805304325
-1.1173896185357618e-6,0.000227955800458658,2.3590927881736658e-5,0.0001285481277726265,8.888624196921863e-5,0.00022016411777343956,-1.5407445997608518e-5,0.0001147978328650842,0.0001355740050082467,8.952031982641983e-5,7.66330734904468e-5,-5.556406130265786e-5,-0.00022196558005844783,0.0001149067680247425,-9.378569431701561e-5,7.469227640635659e-5,-0.00013218638490008453,0.0001037867268259062,7.643549493286688e-5,9.675796098490504e-5,-3.40529715048946e-5,6.734060719857623e-5,0.0002844521098630793,0.00018027030557487528,-4.711995548044372e-6,0.0002211097864688709,-3.534063975488927e-5,0.0001483159655068774,0.00024829146960936153,0.00019215814790394365,-1.875810237196515e-5,-8.720962094165813e-5,-4.153468409746827e-5,-6.539324763747058e-5,-1.917904877944798e-5,-0.00017832683232170903,3.0403416006014898e-5,0.00018663781235867414,-0.00024310794363363873,6.25621188462428e-6,0.000193340108839282,-9.147957046039898e-5,-0.0001746107995109326,0.00014290810592061703,4.9001924069183064e-5,0.00017413239334160117,-4.584562967755051e-5,0.00016046262489165258,-0.00014321779578199155,0.0001181955166554
-0.005861107460581426,0.007637842882737713,-0.0038520843172010415,0.015258408713123442,0.008181310079447363,0.009983344688004957,-0.0052414420497065885,0.013732050136097738,0.012293834128681234,0.0035852085617534856,-0.004639788249082311,0.0086549781215034,-0.004955246426234428,0.0028542663951135337,-0.010121878671729206,-0.008004263485249742,-0.012043071828191669,0.003668189878194602,-0.007510230637348103,0.0002197435224041755,-0.002511271231472812,0.0038893363234726278,0.0070485085936035944,-0.010463359596718865,0.0022762325233676856,-0.005061753816300313,0.0014807099278253773,-0.0070884341278618255,0.015530618422190653,0.005070789050561895,0.003189162752351806,-7.330962300495774e-6,-0.009014144161368271,-0.014064001842755903,-0.008267039084362089,-0.014247861426337646,-0.002073738910804389,0.010387313352015027,-0.014898179236884966,0.005687231160797647,0.01499261053574485,-0.010833253580169299,-0.0062003962943522825,0.005107371675841832,0.0010427600388968452,-0.0006937036780304761,0.003936611788341982,-0.001348990592205965,0.00725075937831869,0.004819379691440922
-0.0032860326581984414,0.006396412592894367,0.00779966065097183,0.018519769308792535,0.004337298895962762,0.00396347689853263,0.0008999816481530859,0.00865711522825678,0.008754282945451173,0.0017101013708378837,0.009803402492614752,0.007808306497200128,-0.003002352555214192,0.0003342159140156957,-0.0066699133215346075,0.004957079287852903,4.443022569470258e-5,0.0019197306736495996,0.012461559494298977,0.01101523076584527,-0.00822060021541462,0.01290218942244354,0.013250066092855343,0.0020452285730353736,0.007225200930197082,0.004620268378524843,-0.0022103633634367723,-0.0007387168816913719,0.012076810862342292,0.014862045758141587,0.009060194105699158,-0.003800132244664898,0.0037158470912442873,0.001272091210968182,-0.007103356473208138,0.0022718247297954155,-0.003913492071818351,-0.004291589602789129,-0.012382836193209824,0.007445450024936486,0.0071536577827388545,0.003499618146432894,-0.004013669174073273,0.000540574645412989,0.007506123763897941,0.010079505313985295,0.006661216977338215,-0.0017110817116408924,0.008286579566044146,0.0018900713461808976
5.675363633863619e-5,9.406667475216505e-5,0.00015841550205550927,-0.00010022412973520455,-7.491484218499506e-5,-2.867134107527458e-5,-0.00014561239476738,9.947390093066866e-6,-2.719431465243051e-5,-2.0953760125152093e-5,0.00010287292112599033,-1.5844361502422743e-5,-3.412849208651815e-5,4.728596804917865e-5,0.00011981290153670581,9.01849343197961e-5,4.6465839018823605e-5,-3.808295245918035e-5,3.8046253452876226e-6,9.555812497738752e-5,-6.974190968855007e-5,1.8893278305370523e-5,-4.7966179682727716e-5,-1.4737103771920562e-5,-2.136193648405008e-5,3.920802238246952e-5,6.989623667350647e-5,1.6000823765437027e-5,-3.17152405506139e-5,8.753662123735615e-5,-3.628000772919302e-6,-6.976227471582446e-5,0.00014150965216112724,7.910723966873443e-5,7.525830938381948e-5,-1.8458366388102005e-6,-0.00013995284328400777,-1.3646481505482768e-5,8.50801066974539e-6,9.780128567075102e-5,-0.00011859536804403623,3.958081484006754e-5,3.0465800127176585e-6,-1.8807925584063168e-5,-5.791263172486418e-5,-0.00014128606882753987,2.92998424139414e-5,4.9748684647100554e-5,7.757259160192208e-5,-8.443072196555081e-5
-0.018932523457954233,0.023984501427152357,0.0092244626111317,-0.008158500667006208,-0.0056190749926372284,-0.009796961044047805,0.005252604374488811,0.007085791339691321,0.002851308315062748,0.019573523662518404,-0.012015769585251421,-0.011805188653358466,-0.0010806084126406253,0.003184064105177491,0.0021951587470761965,-0.026793760610560872,0.011361875665373115,-0.04795282853453177,-0.04344149373309575,0.0004747331744445321,0.002572888801869131,-0.026864432689793796,-0.026821331014451204,0.0051749849451979005,0.009389508537984068,-0.0011140865763721087,0.013911627683114753,0.015224250538325464,-0.03306782755794317,-0.01329865981156714,-0.030384173700677884,0.004753551519797254,-0.011376928107021608,0.03225260922152902,0.011966995108438344,0.026877492089865854,-0.010920589942376538,0.003986006050609953,0.0327280399606846,0.00989944278308696,-0.039500431831002075,0.03298609671527313,-0.002898958810500078,-0.029360398615709802,-0.023604770434122565,-0.012143058405386013,-0.014515630344118796,-0.019929673310061912,0.011264282918294375,-0.023043177393248914
8.679919598033221e-6,8.854290486691816e-5,7.875858934693613e-5,-0.0001957205959533073,-0.00013528556561614343,-6.353817502370445e-5,-0.00015964105407891506,7.045521743867143e-5,-1.2446458244758165e-5,4.727884368198636e-5,-6.084761465101458e-5,-5.450559826799795e-5,-1.362593572224433e-7,0.00013791093703352465,0.00010430511364104505,-0.00010957780608677982,-6.0033574724733e-5,-0.00016123678808771934,-0.00021503538855892926,-5.530784290469597e-5,-6.959239549727121e-5,-0.0001353275131150783,-0.0001578299420527411,-5.5554397385115886e-5,-6.671357025044215e-5,-6.122928708072634e-5,0.00012003411331675226,4.276816375756536e-5,-0.0001772448014758394,-4.353119159684583e-5,-0.00016878301144214653,-3.762412580412917e-5,1.00241189480047e-5,7.068245761465525e-5,4.9763582359420626e-5,-6.58848417647899e-5,-0.00012671013520220488,9.099199331162471e-5,0.00013341143233626648,0.00014922760979236383,-0.00017757721129080557,-1.278875923726047e-6,-1.8479258614402615e-5,-6.854873967080436e-5,-8.56312423075641e-5,-0.0002693454669532334,-5.5146650004335137e-5,-2.735629837757316e-5,8.400044576044012e-5,-0.00011874404053635638
2.113005581671814,1.2217835470767207,44.30669597277228,16.839193142594834,-20.368377664568914,-79.83674750841081,-51.059816096130824,6.649398604483687,-7.414601774991318,-10.982177511908485,-4.603551985113972,-40.16187025572674,-21.787379733231965,-32.20219655144816,-39.356226120349056,-26.569793402129072,43.35852370651933,-19.489413114977854,-63.52834990854752,3.6746391882172698,-4.894738701581562,24.349120072362027,-68.62016178678648,-17.999449553777616,1.2978078229280454,-34.91380159172284,32.02198965280677,-68.16356318408273,-69.54321876376288,-22.213440595928994,-73.90634293858623,31.028044828361235,36.42316313664871,7.867511544380351,-41.703959472100514,31.186263106558346,-53.35789283056832,-5.950106282883548,14.407926051981057,25.234266545462383,-15.62403204380211,25.362950935690105,40.94066566276904,-24.42596053657622,-3.3031278729943736,-30.669111101501485,-68.78128182263399,-64.5770611096276,34.614213998730435,-53.83174036713034
-1.4540367533687248,5.156118519670038,39.16986358318612,9.401104983361948,-22.99168513583203,-75.25402335916648,-45.33698245018673,2.6693772151522492,-6.095522079960173,-9.426958288638753,-5.948824016971332,-41.97264491181654,-23.99755454349803,-26.958930106079386,-32.60649045193808,-25.47827308683421,37.59524569338121,-24.52282954735639,-65.1401244423067,-0.933342430199877,-5.77204847843232,20.314683184486583,-62.24330732300612,-13.263927391666492,-0.4193835898859224,-31.29416935058306,28.41001424736176,-59.08899576312156,-65.53208827283167,-17.87507579589327,-75.0643093521071,26.456495106459315,30.235056698039866,10.133845447261034,-34.49299234375381,27.345362580822005,-55.16795110748699,-1.5222947106864573,18.473211615167738,22.13616527445081,-20.842937395851695,22.506398155401595,33.79012244299489,-26.457388103826734,-5.301076315858419,-33.53798934676318,-65.48777100251067,-58.15121261892586,28.848004114530784,-55.28965247829733
-4.3323051336466305,2.1965996643339603,6.468962772052049,1.634915408717845,-8.107297765191635,-22.17318256520956,-7.336715838923645,-3.7455988166328127,0.21302472659765326,-2.255518387262434,-3.6730280341152324,-15.995074603839756,-10.730141436545798,-7.4216398322288315,-8.043616121738697,-6.585553880052623,7.853180089596591,-8.526945932722246,-20.533057134952013,-4.707216423334299,-1.1467380099126934,7.543178850786614,-11.606391107320336,1.0445046912577167,-0.5539632494451635,-7.319492872375724,4.177370441976535,-14.801914603865539,-15.547598179767375,-0.3164328874514949,-25.21639240983453,5.752748470363524,4.726907353627253,2.1313546600572573,-8.700267783096493,6.2315822968562715,-19.508742636479685,3.3216774580673434,6.801174480473779,2.8096776323925106,-6.203553685332413,4.002727421816951,5.066301375852425,-9.360576253938266,-0.0024852583358858124,-8.66650969960897,-20.006686576553157,-14.895544643223172,2.7498884932274805,-18.578933578551446
-0.5740141319576546,0.6197857585341003,-0.5969356551628174,-0.786018872664011,-0.5044817020374981,0.31457535019387645,0.6644035387681061,-0.39582709900351826,0.50326353222438,0.48050235460281443,-0.20368596372729988,-0.9185361546794468,-0.5491781136495089,0.7316501136142637,0.7676506267298183,0.3252666341480578,-0.46437725345985964,-0.6700418879274062,-0.4965937714826709,-0.4512676875585922,-0.03455608277159741,-0.12694182271822058,0.9218742529348527,1.0085030739586776,-0.31807800870044317,0.7183724984457395,-0.31518077053276083,1.2909222652671024,0.5375015910641382,1.004072913353977,-0.7200926711429295,-0.5158974799133991,-0.7733757667926237,0.3227135071076046,0.5787558482093454,-0.07632223432611082,-0.8365484536454078,1.1242347697543984,0.6590645644456046,-0.07303044756710679,-0.6680498456917615,-0.21231065381565262,-1.1646266504597247,-0.30799413301035855,0.09783677055734538,-0.059061152399437045,-0.15153905732879633,0.6463135676225187,-0.6828254350251589,-0.7829838622045967
0.032587288240177925,-0.02066326277651841,0.03245715213493158,0.05213087608231496,0.026918110954563704,0.005154188547522125,-0.048419907533965384,0.038703852759064974,-0.007546753291436095,-0.01546146576040978,0.02458252057251802,0.038754777999898335,0.019905999840236447,-0.01898731273759449,-0.05040372188605079,0.004061220546899212,0.020560132246072865,0.04316732952320264,0.038555700799128,0.04336562541363968,-0.003245980605983811,0.018583836736841452,-0.03177803684148376,-0.04106602566062592,0.01188151670398224,-0.01701471275784375,0.015823307464283384,-0.04846027644927056,-0.0034867847807797925,-0.031235794028092966,0.0445915044476828,0.02130520475592193,0.035453079794568174,-0.02546438938791313,-0.038056386084320055,0.006365647379914078,0.040158811886408276,-0.03918883629117562,-0.049994008972233314,0.01912024814984996,0.04501578385223299,0.005879949832162982,0.0438129502116558,0.03583024111264687,0.010661451940723583,0.022563558911662063,0.003266841029104115,-0.024364416406678663,0.042125132898242955,0.03681470500845141
-0.001844933532115566,0.00032563717763391754,-0.0008557726714971216,-0.0020329732040744244,-0.0012971044667935538,-0.0016718754798127156,0.0016164510521206375,-0.0027856018284980084,-0.0008007259735244276,-0.0011158000288559737,-0.0007738674626215752,-0.0008409309960363751,-0.0013516045887474201,-0.0004961459954440481,0.0009372668595505994,-0.0010447503621458282,-0.000774866430352373,-0.0029279499295189796,-0.0021515272830533614,-0.002467244031306323,-0.0005850687577846656,-0.0010789574712877928,-0.0002613280126039701,0.000638736388234039,0.00016190242116395463,-0.0007746102183139664,-0.0013863575875733005,-0.00033062953481878917,-0.001798460022318458,9.910784049857177e-5,-0.0023244703924967317,-0.0005454256307990763,-0.0009698762541170748,0.0012942265034934946,0.0017385386952313482,-0.0009826976967255976,-0.0018792720607450299,-0.0008682410853068237,0.002169570879551962,-0.0018376991226606132,-0.0027254038321454076,-3.191618779830047e-5,-0.00016868899852073307,-0.002593485951255946,-0.0015068805631983978,-0.0027700142229460994,-0.00015911728919265362,-0.0005962216094091979,-0.0018099691419038023,-0.0015911026655991796
-5.6776985520627826e-5,5.795703458029114e-5,-0.00020292358972500373,-0.00013209129808729238,-5.089308947066743e-6,0.00019513896140992175,0.0002890560763403568,-2.4513836823276513e-5,0.00012887214971288394,0.00023247801340835214,-0.00011577078480697372,-0.00014505725005816347,1.7800002507250025e-5,0.00016345779615757364,0.0003023612338503865,8.340178561290283e-5,-9.915319468545855e-5,5.911831423999226e-5,2.491564119776969e-5,-8.423758824507806e-5,0.00013232402226476213,-2.033738629276446e-5,0.0003495910001873335,0.00024955391363282956,-6.971119908853129e-5,0.00023401292570655386,-1.9558308897331404e-5,0.00039782801430125715,0.0002740914759533249,0.00023240274216649887,5.588547179948518e-7,-0.00012182559229492499,-0.00016648172859153775,1.4293231068904867e-5,9.849903266909376e-5,2.3267201337076584e-5,-2.410376663477023e-5,0.0003592139130804808,0.00011041573601627997,-1.916637510389109e-6,4.353741923867619e-5,-6.723960741051885e-5,-0.00030840211573440133,2.1341932668712916e-5,9.83128767186683e-5,0.00019369532605187291,6.728740678084284e-5,0.00028360567081953635,-0.00018849537076173601,-1.4929794541374409e-5
4.789587067284633e-5,-1.3662385761106729e-5,5.9054266325353393e-5,6.0973272292661584e-5,2.827672733104877e-5,-7.0911816825368124e-6,-7.796999744241685e-5,6.177208797171791e-5,-1.0565600769855694e-5,-1.3107953385588587e-5,3.157749141376288e-5,4.6465548829241375e-5,3.428371887080859e-5,-2.3508915697224866e-5,-6.071431742453903e-5,-2.8250660455168335e-6,4.305328657489761e-5,4.18221598811187e-5,3.145798608577593e-5,6.543457746501763e-5,-6.624924147499097e-6,1.861580744378524e-5,-6.523691868437183e-5,-6.0633895522863716e-5,1.1827688347009386e-5,-2.977944908917301e-5,4.283034873958739e-5,-6.16978369158373e-5,-2.0457634744743922e-5,-4.990019237425011e-5,4.48937522870504e-5,3.518277605608909e-5,5.246642967338171e-5,-1.6396540559866183e-5,-4.7726589602765594e-5,2.761466918073067e-5,4.243217340208063e-5,-4.925356546997491e-5,-5.15516621151944e-5,4.118452074241326e-5,3.8212458853774746e-5,2.5364710426787076e-5,6.29595414127139e-5,3.8315400452237906e-5,5.65792560846373e-6,1.858477219731878e-5,-4.815732937547899e-6,-4.0590169710047965e-5,7.70969211637432e-5,3.241879062760189e-5
-8.388640228569472e-6,3.916575337233496e-6,-5.349117743845293e-6,-1.2128664167867776e-5,-7.419757905603429e-6,-4.8597483963320946e-6,7.14722841393081e-6,-1.133969266872258e-5,-8.936755323452764e-7,-1.5472662898691945e-6,-4.267036435190739e-6,-8.299375721456114e-6,-7.198887192354789e-6,1.5928636579244052e-6,6.645930886442967e-6,-2.2975037261737e-6,-4.5513732264263035e-6,-1.33954145436631e-5,-1.131557667650431e-5,-1.0732322624205293e-5,-2.0184094373273734e-6,-4.7951415962725385e-6,1.407092942111305e-6,6.389738221255579e-6,-1.617876367702846e-6,1.9442185981034388e-7,-5.78336025206576e-6,4.586554371602592e-6,-5.05918388188236e-6,3.3769763170828483e-6,-1.2274937573752327e-5,-3.464439903466904e-6,-6.699449961733077e-6,6.066729551942719e-6,8.974839901516958e-6,-3.1301635087650472e-6,-1.042831041386238e-5,3.122452325537995e-6,1.1021952382049026e-5,-6.595785587004435e-6,-1.3536667741407998e-5,-1.2250319138573491e-6,-5.755275693054389e-6,-9.96178294650672e-6,-5.6614800407755674e-6,-1.0741207581548128e-5,-2.71998371660802e-6,8.841964851302506e-7,-9.078279900918297e-6,-9.713799427081224e-6
1.6984222299878806e-7,-1.012261081267756e-6,-1.5471694284886813e-6,1.2106873000571101e-6,1.0793507606689715e-6,1.7338128560337353e-6,1.3570232488791712e-6,2.7842920987034316e-7,7.094133418168252e-7,4.340689026981934e-7,-1.8523270090473842e-7,5.592857790897948e-7,2.7724566778025073e-7,3.073143327072937e-7,2.9280587310660348e-8,7.556754758521047e-7,-1.0053250038224848e-6,2.395103642038761e-6,2.115209412693169e-6,-1.267189387790926e-7,7.991654652413905e-7,7.640177629178827e-7,2.601646393764019e-6,5.588321605255885e-7,-4.813069281091665e-8,9.12225600989059e-7,-7.616013242039016e-7,6.513774332555308e-7,2.5424101390545625e-6,1.0809889258991304e-6,1.6983055919601016e-6,-4.356160321735438e-7,-6.356277454721562e-7,-1.792734994437199e-6,-8.164159808110375e-7,-1.0969024973004634e-6,1.3744582088818303e-6,9.476988479465008e-7,-1.4623514290849081e-6,-4.6122132071953053e-7,2.872957442182734e-6,-1.3816618216285395e-6,-8.748614421256757e-7,1.4518663246152098e-6,1.5575488263852539e-6,2.2559732891787355e-6,9.954229810115204e-7,1.3035691299260351e-6,-1.1557609377300103e-6,1.7344766634574063e-6
3.879845340156646e-7,1.0205877822327363e-7,6.977794536460742e-7,3.596418009866834e-7,9.764836543114819e-8,-1.1090185858861839e-7,-7.609329269666495e-7,5.417704358545571e-7,-9.478207235023594e-8,-5.6627075135631954e-8,3.4136571604527e-7,3.2246573472864134e-7,2.3742574040156578e-7,-7.192046497410761e-8,-3.4635169957480047e-7,-4.641877252232552e-8,4.078305043069343e-7,9.802774946716204e-8,9.425747884289168e-8,6.050740005957439e-7,-1.3975174142548382e-7,8.555277074273271e-8,-6.355349677643439e-7,-4.5673690727554956e-7,1.093794062969529e-7,-1.9116793953632514e-7,4.862639598853607e-7,-3.9720865744574356e-7,-3.050354064434092e-7,-3.4561177510908537e-7,2.2581612968501096e-7,1.940798627811976e-7,5.196675854017882e-7,8.770797814948172e-8,-2.687150716120305e-7,3.1834753854580617e-7,1.5834787898173153e-7,-3.976278435962565e-7,-2.6199165620696726e-7,5.219417926529633e-7,3.775454056311077e-8,3.452178776863189e-7,5.071503517489293e-7,1.8674148955777667e-7,-5.6571644936029764e-8,-6.589330668747143e-8,-4.979179757321195e-8,-3.4753819416959507e-7,7.57297991415245e-7,7.261305101136611e-8
-1.0497119844817749e-7,8.57714131021742e-8,-6.431035421127919e-8,-2.761093604091639e-7,-1.558068844122911e-7,-7.939151024242118e-8,9.521370492114126e-8,-2.0054568009142096e-7,-2.3711429074283784e-8,-1.823798628013403e-8,-5.370937704759455e-8,-1.7579394594263113e-7,-1.2077495890082888e-7,5.0354319381170466e-8,1.877221127598247e-7,1.3339104617263643e-8,-6.142797582847765e-8,-2.069379386454632e-7,-1.7830944242428534e-7,-1.6380358600109964e-7,-3.751458508596452e-8,-7.120437481434179e-8,3.1600197008178684e-8,1.2743808547496867e-7,-6.296653613670725e-8,3.729995673327497e-8,-7.613729571272902e-8,1.243862112463782e-7,-6.978822964047287e-8,8.593700165313713e-8,-2.0674190183672326e-7,-7.720904069970472e-8,-7.865779063163551e-8,1.2634247614786317e-7,1.8812408282889461e-7,-4.3016826774008276e-8,-2.099020505025221e-7,9.433605719260992e-8,2.0034249675011947e-7,-9.598862088032993e-8,-2.6197824720596e-7,-2.64756592608457e-8,-1.2149378929557852e-7,-1.5423318624363184e-7,-1.0352720895252406e-7,-2.0000554647744314e-7,-4.407555285888175e-8,7.77815078593501e-8,-1.5573202963732504e-7,-1.8717048956020591e-7
1.459176787692568e-8,-5.324675659152351e-8,-4.3497973908871115e-8,4.496320903152214e-8,4.0093437504668593e-8,2.8756427726146155e-8,2.561942255025877e-8,4.917635302754153e-9,2.2363093690573007e-9,-8.894622798329896e-9,-8.683707163541804e-9,2.98139362127983e-8,1.7070904009719114e-8,-1.9421400685469232e-8,-3.010542377162275e-8,1.1907271475032133e-8,-1.754705189916978e-8,8.12513787154317e-8,6.564697167412288e-8,-6.543324080857426e-9,2.1065858179159614e-8,2.1527579460135628e-8,4.136887189118672e-8,-1.0806077762078822e-8,-1.1089442981226768e-9,-2.618134725576188e-9,-2.5809433735304403e-8,-2.113098303232775e-8,4.9094406687383324e-8,-5.00938337873342e-9,5.48385124128862e-8,1.208424747656714e-8,-9.171046439129995e-9,-6.179006330949406e-8,-3.761716673923138e-8,-3.407179242690668e-8,5.893241977450222e-8,-3.51894515667739e-9,-5.435502743713817e-8,-3.132098415576712e-8,9.138037544868152e-8,-4.0034301599645924e-8,4.491435424215108e-9,4.45823055194769e-8,3.832563775522225e-8,6.240127329734973e-8,1.8807448689859745e-8,1.5233536675147635e-8,-2.7475268238524738e-8,6.623043121976858e-8
1.215887895782866e-10,7.078244715845447e-9,1.5549625324374238e-8,1.2094782120893208e-8,3.2151621503706085e-9,-6.661278419736742e-9,-9.308584623128163e-9,1.5881139305375868e-8,-2.2662151091870018e-10,8.3030301865689e-9,2.430884714666649e-11,6.526847949015676e-9,9.2620674278915e-9,-3.131983228653826e-9,-1.2037245894869792e-8,-1.4004973864010116e-8,1.3423609871510434e-8,-1.4307101123407692e-8,-1.1951274316056772e-8,1.1993695691847887e-8,-7.326920405123207e-10,-6.380634282620561e-9,-2.198548822517965e-8,-8.37779885204114e-9,8.926240297236905e-9,-7.45926505411751e-9,1.4069920949555543e-8,-4.683734385847023e-9,-1.756035031501437e-8,-1.4658528299511372e-8,-3.0590852597540234e-9,8.947655749649962e-9,4.488511379762778e-9,1.2900186100572129e-8,-5.677247975915805e-9,2.210871806802311e-8,4.633705802770991e-9,-9.902784729181198e-9,5.871705286965757e-9,1.483493399199255e-8,-1.0002760414781658e-8,2.110491369690884e-8,1.039042380580652e-8,-6.786792958757215e-9,-5.650011768022248e-9,1.1679873471671965e-9,-6.214944713366343e-9,-1.913475743249022e-8,2.251287052524958e-8,-4.03848443831526e-9
