-4.911544928863534e-7,0.059058206516987295,0.12674761487320207,0.21018430840153077,0.3144620256103602,0.44297444588368,0.5979073207028787,0.7805694079496164,0.9915429661448742,1.2307256223811562,1.4973270014794924,1.789858686631985,2.1061373730799495,2.443309707984785,2.7979008218064254,3.1658849328018857,3.5427744365958,3.923722908249504,4.303637081109022,4.6772929230817315,5.039451287052857,5.384969186669804,5.708903476014694,6.006604530349251,6.273798373806185,6.506656517436645,6.701853499186733,6.856612705170521,6.968741460011043,7.036656580333416,7.059401586453444,7.0619825309624655,7.069695839980025,7.082453637178598,7.100111759458909,7.122473112132888,7.1492921910243865,7.180280611379375,7.215113457169525,7.25343624942456,7.294872328268509,7.339030449025891,7.385512406089506,7.433920516847549,7.483864819470006,7.534969860603116,7.586880970277275,7.639269940356349,7.691840038922632,7.744330305851281,7.7965190846364845,7.848226752751221,7.899317618139727,7.949700953679878,7.999331145498705,8.048206935772546,8.09636974693612,8.143901082807332,8.190919013601654,8.23757376655701,8.28404246205792,8.298976200843734,8.239338508069896,8.10873196267159,7.931104341665843,7.728579848350551,7.514761257705545,7.297512808005902,7.081715511551517,6.870725581894222,6.667065718372259,6.472746193526295,6.2894085159985105,6.118381320264407,5.960692716840314,5.8170634253515185,5.68789574587351,5.573268378121609,5.472943527522573,5.3863895769058905,5.312819628625384,5.251243626682071,5.200529874461627,5.1594708131984195,5.12684796008305,5.101491746659287,5.082333324518538,5.0684468546028585,5.059082064507773,5.053687751884976,5.051927357470823,5.04200865363559,5.012202234594945,4.962378283122004,4.892387760068476,4.80215328518843,4.691777819314171,4.561656039570994,4.412572977319512,4.245775907862413,4.063008177918716,3.866497136685883,3.6588922228312,3.4431533841720166,3.222394422906374,2.999690771351135,2.7778667787463007,2.5592836328389974,2.3456545744532784,2.1379170523427806,1.9361891002747547,1.7398271600130648,1.5475849116847522,1.3578513183995513,1.1689279633061491,0.9792974771441486,0.7878390396781172,0.5939609487767065,0.3976382363207767,0.19935965548960344,-4.76148611382399e-7,0.2983515802676079,0.5897214139871639,0.8681914310693979,1.1298443160011118,1.3734343344341409,1.6006391651577263,1.8157542859679725,2.0247727613026143,2.2339674232080404,2.448316955235684,2.670258105738555,2.899167758938537,3.131695319446705,3.362755787299048,3.586828507287762,3.7992123478094744,3.9969833094672595,4.179505143559384,4.348430324994924,4.507208932161333,4.660212982098864,4.8116796941042805,4.964746018460017,5.120841473184226,5.279602649548077,5.439300281958632,5.5976017736603625,5.752397410373904,5.902421608220441,6.0474822815193985
-4.76148611382399e-7,0.5390494072870888,1.075966497167662,1.6092294604075268,2.138431181261876,2.6645792822057497,3.1901152965974275,3.718615117803014,4.2541904699306725,4.800678525683452,5.36076423369519,5.935204508939184,6.5223026410187925,7.117722278612578,7.714656556751164,8.304304928781972,8.876572762422834,9.420897245346929,9.927109167992544,10.386253665652529,10.791306883314967,11.137736560008578,11.423862519165366,11.650979673862006,11.823214248272718,11.947097102667543,12.030860155678457,12.083495521150045,12.11366092786526,12.128561437492078,12.132971182919151,12.12924703867981,12.118085955770693,12.099521909056055,12.073611275242037,12.040432462432225,12.000085394823088,11.95269085586405,11.89838969416659,11.83734189741241,11.76972554048261,11.695735615006027,11.61558274850457,11.529491822292655,11.437700498260904,11.340457665635231,11.238021819742833,11.130659385722982,11.018643000982365,10.902249770993748,10.781759513755214,10.657453008844062,10.529610267492007,10.398508840451404,10.264422180589609,10.12761807711676,9.988357178092592,9.846891617350597,9.703463761201874,9.55830508922171,9.411635222071515,9.292061721510164,9.241235975874837,9.258075829860676,9.321238803570862,9.411251576983561,9.517158466086249,9.633679865278712,9.758390499171277,9.890189001180785,10.028531940748,10.173038788213727,10.323278957575438,10.478655545827976,10.638345983371162,10.801279617866502,10.96614100180812,11.131391645369177,11.295304943285792,11.456010071194601,11.611541384842205,11.759890453711492,11.899058391498851,12.02710662505958,12.142204667013772,12.242673818745851,12.327026027366841,12.393997354542083,12.442575692963484,12.472022496000545,12.481888376984045,12.464453391356024,12.41156779298805,12.321570985904263,12.191955077240284,12.019717229888851,11.80178604732301,11.535470560370953,11.218882615457293,10.851291729998236,10.433383105699317,9.967401980770353,9.4571790681938,8.908041495608538,8.326621119569866,7.720577429545142,7.098255767503882,6.468303585817818,5.839268227054389,5.219199444083229,4.615278727315381,4.033495540504413,3.4783877958036142,2.9528602757780233,2.4580901677592353,1.9935234155332613,1.5569594362008476,1.144715506443336,0.7518568443522162,0.37247535264281967,-4.911544928863534e-7,0.48819697840994386,0.9869676558335431,1.5058437479657487,2.0523532533528392,2.631212212099646,3.24372982606253,3.887469654210742,4.55619161117233,5.240081842477145,5.926260017716226,6.5995360441255135,7.243371232672695,7.840983625114124,8.376524669198755,8.83624561330975,9.20956736160484,9.489967116664422,9.67559865343919,9.76957029254128,9.779816156580912,9.718514640192659,9.601038867364023,9.444475871055156,9.265831774730316,9.08014531066503,8.898832385568761,8.728623049580342,8.571370884327253,8.424806091219262,8.284042462057918
-4.6402940705906326e-7,0.05905820651714941,0.1267476148729932,0.2101843084013872,0.3144620256102696,0.4429744458835872,0.5979073207027774,0.780569407949522,0.9915429661447845,1.2307256223810648,1.4973270014794051,1.7898586866318993,2.1061373730798643,2.4433097079846995,2.7979008218063437,3.165884932801803,3.5427744365957214,3.923722908249424,4.303637081108943,4.677292923081656,5.03945128705278,5.3849691866697285,5.708903476014619,6.0066045303491755,6.273798373806112,6.50665651743657,6.701853499186657,6.856612705170445,6.968741460010966,7.03665658033334,7.059401586453369,7.057624397512801,7.05230817591937,7.043498644353943,7.031270970244475,7.015728232270232,6.996999317558747,6.97523629353557,6.950611310657882,6.923313104143141,6.893543174029831,6.861511733131616,6.827433521239701,6.791523590804493,6.753993173761905,6.715045740643846,6.674873361163451,6.633653469735118,6.591546129683973,6.548691876231583,6.50521020097384,6.461198720004147,6.416733044839437,6.371867350842948,6.326635613013801,6.281053455003875,6.235120535173946,6.188823374448558,6.142138515517815,6.095035892166674,6.047482281519403,5.997666602595501,5.944425306272445,5.888660484864328,5.831219766467333,5.772889915908984,5.714392935323681,5.656384323127984,5.599453021096645,5.544122499401846,5.4908524105160295,5.440040289963647,5.392022892324428,5.347076913625681,5.305419047708342,5.267205529997895,5.232531510213335,5.201430739550711,5.173876136081171,5.149781790973571,5.129006894800941,5.11136190620746,5.096617073547752,5.084513180084169,5.0747741443886385,5.067120897712347,5.061285801786589,5.057026778361457,5.054140301579791,5.05247245389373,5.0519273574708,5.04214660164321,5.012733293264557,4.963498408207992,4.894203752881544,4.804665640065254,4.694878818279293,4.5651435097210795,4.416178181925012,4.249202408264408,4.065977278922862,3.8687947115733614,3.6604112527566883,3.4439264018306175,3.222610262874659,2.9996907713511267,2.778117155629933,2.5603235260194093,2.348023359343298,2.1420695619750396,1.9424120911694975,1.7481727836916912,1.557835375787077,1.3695230388884438,1.181315056392919,0.991546438986327,0.7990415271686588,0.6032505852844644,0.40427942953070567,0.2028198345775944,-4.6402940705906326e-7,0.06201597019011884,0.13064125579041055,0.21144673396234445,0.30852806279234113,0.4246758510379784,0.5617909134284056,0.7212591058516952,0.9041835521763212,1.1114749479707524,1.3438343242329815,1.6016695326051906,1.884986019465198,2.1932882761547665,2.5255208315071425,2.8800673400705836,3.2548146329653886,3.647277152560861,4.05476723934235,4.47458904201677,4.9042288300096555,5.341512582090127,5.784703348148283,6.232516467007945,6.68404042395963,7.138564419955007,7.595329044256469,8.053231159705085,8.510524970923157,8.964565334618324,9.411635222071512
-3.986384950333172e-7,0.6187125221694874,1.2361857066555493,1.8518424382779035,2.466299469221417,3.0816515914004063,3.7014229559537455,4.330153660643738,4.972662584110383,5.633104916351393,6.314000018120091,7.01541870443526,7.734481658560365,8.465247556581051,9.198989081660173,9.924792667567178,10.630384597056542,11.303078844839888,11.930750622695033,12.502753949583607,13.010715417334486,13.449147259427086,13.81583122852088,14.111932658806575,14.341814437958186,14.512537044030001,14.633056816989031,14.713172087761524,14.762313409468396,14.78832109628415,14.796385070660547,14.792052657566163,14.779066798840342,14.757461566828674,14.727293518191397,14.688641349793203,14.64160542047235,14.58630714219859,14.522888245114569,14.451509921924307,14.372351858043766,14.285611154853179,14.191501154290503,14.09025017388492,13.982100162149539,13.86730528502112,13.746130454744016,13.618849813236233,13.48574518253705,13.347104495406695,13.203220219516274,13.054387788920959,12.90090405663531,12.74306578211778,12.581168167308247,12.415503454538007,12.246359599138561,12.074019028904337,11.898757501714806,11.720843071590336,11.540535172248223,11.391889636407697,11.324990140618922,11.342764727256506,11.423267032523258,11.542541909103994,11.685331848556425,11.84343213924189,12.012530728777719,12.190249094476263,12.375113506658511,12.566020801274435,12.76195483418053,12.961834949675659,13.164438732712275,13.368369559518579,13.57205273842311,13.773750544203066,13.97158985564394,14.163598040433348,14.347743927543306,14.521981498359251,14.684294471701465,14.832740337291892,14.96549265860125,15.080880656717738,15.177425230706751,15.253870688425309,15.309211569659345,15.342714049559932,15.353931518872397,15.333603382073948,15.271829995551053,15.16635070257083,15.013737035582654,14.809852541498394,14.550408720375426,14.231550128149008,13.850405176291126,13.405550451694268,12.897351807052708,12.328161708762012,11.702367068740246,11.026293843005416,10.307983737062976,9.556864610009805,8.783340014663512,7.998325162959938,7.212756808090556,6.437103354895103,5.680899177521399,4.952323892414563,4.257843554644365,3.6019269188389487,2.986846689735856,2.4125737642974596,1.8767722019434012,1.3749035419034468,0.9004492244745932,0.44525615131469554,-3.1123432249752177e-7,0.5761545186047552,1.1668712382266293,1.7852586625869395,2.4416447382614477,3.142486864233938,3.889601496077617,4.679765836435964,5.504715201605902,6.351532666428328,7.203401866571113,8.040669544829974,8.842142911624173,9.58652998508279,10.253920318447884,10.827199687741668,11.293295294174825,11.644156948436072,11.87739315773526,11.996497607545592,12.01062050382775,11.933861645266916,11.784091753263768,11.581352266717698,11.345948589151584,11.096437673399782,10.847799762042596,10.610133864340995,10.388174546354355,10.18176894695111,9.987217154188986
-3.485160824630478e-7,0.07242017303800376,0.1551357445074224,0.25667768756074305,0.383196790715671,0.5388139534678904,0.7261874994091448,0.9469046314734988,1.2016643093639363,1.4903314568492791,1.8119364833958929,2.164666128807452,2.5458696576189097,2.952090801114056,3.379127970585873,3.8221208312476738,4.275658901974921,4.7339066288105425,5.190738928922961,5.639881270028889,6.07504879105338,6.490079682709771,6.879058950256071,7.236429698438378,7.557090133870617,7.836475496096808,8.070625032070241,8.256234855363092,8.39069803160187,8.472133476414383,8.49940523713214,8.50237024023685,8.51123215405502,8.525892536167023,8.546190095767853,8.571904748130967,8.60276306864125,8.638444943049116,8.678591176925698,8.72281180799261,8.770694859680429,8.821815281355313,8.875743837705517,8.93205573391387,8.990338791515219,9.050201019566849,9.111277454748732,9.173236170663817,9.235783379959166,9.298667572552683,9.361682649335444,9.424670023713881,9.487519674012646,9.550170138981983,9.612607457403914,9.674863062002839,9.737010648363531,9.799162052007528,9.861462181612055,9.92408307373571,9.98721715418899,10.014326398746496,9.954594613278344,9.808183249904044,9.600097728627942,9.35726299930119,9.097753311293475,8.832370529055282,8.567737706687833,8.308194584396249,8.056768750374465,7.815661526834359,7.586495509581328,7.370445305700526,7.168311640816022,6.980570040967943,6.807410961562077,6.648780351706306,6.504424661169598,6.373940796925044,6.256829049323061,6.152545453287157,6.060549437479852,5.980342898174336,5.911497862429194,5.853671431141726,5.806608420557253,5.770133753601179,5.74413793129976,5.728559646913993,5.723369683300943,5.71331212528114,5.682945286501487,5.631727079896209,5.558882731834394,5.4635780764323885,5.345126530521696,5.203201964284487,5.038030374654645,4.850537101181753,4.642431973102317,4.416221025990735,4.175139477495898,3.9230062470451648,3.6640057220033704,3.402408423888972,3.1422496140946095,2.886994270629181,2.6392276019178893,2.4004193641509497,2.1708120747010025,1.9494712669410807,1.7345073627394774,1.5234391501435112,1.3136323837372523,1.10272910281334,0.8889906903342071,0.6715046895350809,0.45023875982552225,0.22595309951708925,-3.986384950333172e-7,0.331365033738506,0.65455791233125,0.9628763258645884,1.2523530356814057,1.5225943264315553,1.776957726073692,2.02188230540806,2.265360472208679,2.514857644846418,2.775306774334503,3.047872923842219,3.329874678560515,3.6157566841515907,3.898659471858141,4.172070357828707,4.431166809196366,4.673631207548622,4.899851036281908,5.112523691685137,5.315784311154646,5.514073975770572,5.711038802320711,5.90875400016639,6.107473460312889,6.305935947927445,6.50208028727403,6.693905348299676,6.880189855796358,7.060850967351119,7.236836106173924
-3.1123432249752177e-7,0.0724201730382432,0.15513574450748693,0.2566776875609414,0.3831967907157906,0.538813953467951,0.7261874994092059,0.9469046314735438,1.2016643093639807,1.4903314568493158,1.8119364833959333,2.1646661288074824,2.5458696576189364,2.9520908011140787,3.37912797058589,3.8221208312476946,4.275658901974945,4.733906628810552,5.190738928922967,5.6398812700289005,6.0750487910533915,6.490079682709787,6.879058950256082,7.236429698438396,7.557090133870641,7.836475496096826,8.070625032070259,8.256234855363111,8.39069803160189,8.472133476414403,8.499405237132162,8.497197299501163,8.49059122219576,8.479639902285642,8.464430474084851,8.445082784932154,8.421747295383787,8.394602438196335,8.363851480613661,8.329718944700783,8.29244665065765,8.252289457983718,8.209510788749622,8.164378025682215,8.117157884828918,8.068111867730002,8.017491900769045,7.965536269189417,7.912465949725017,7.858481438587325,7.803760160537962,7.74845453002837,7.692690717217579,7.636568150637931,7.580159765145202,7.523512979528848,7.466651363846305,7.40957693331005,7.352272984474771,7.294707371500541,7.2368361061739295,7.176228524904516,7.111175892502065,7.042657576179066,6.971574618222265,6.898743639487275,6.824894974867284,6.750674700282722,6.676649967999672,6.6033168720602555,6.531109938412779,6.4604122881395485,6.391565561354822,6.324878808863629,6.260635744839121,6.199099986014311,6.140518156177882,6.08512098241869,6.0331227259485845,5.984719453444576,5.940086748544931,5.899377478918955,5.86272017253087,5.830218426755566,5.80195159362283,5.777976777757793,5.758331978008804,5.743040026483229,5.732112852918696,5.725555544016306,5.723369683300952,5.713312125281149,5.682945286501493,5.631727079896193,5.558882731834391,5.463578076432377,5.345126530521685,5.203201964284483,5.038030374654647,4.850537101181763,4.642431973102327,4.416221025990744,4.175139477495906,3.9230062470451714,3.6640057220033784,3.4024084238889825,3.1422496140946223,2.8869942706291964,2.6392276019179026,2.4004193641509586,2.17081207470102,1.9494712669410943,1.734507362739491,1.5234391501435238,1.3136323837372728,1.102729102813369,0.8889906903342368,0.6715046895351046,0.4502387598255799,0.22595309951724912,-3.485160824630478e-7,0.07640826274771333,0.16174687713416144,0.26324676647745326,0.38578577782275053,0.532225969191609,0.7041018476092625,0.9022264220043802,1.1270942232057548,1.3790980321990076,1.6586037537578202,1.965925491044204,2.30123902252083,2.664469727093323,3.055187698055244,3.4725362457078286,3.9152101784967077,4.381488641664767,4.869315883283209,5.3764138837945605,5.900404528203584,6.4389165468114085,6.989653985621696,7.550408320445508,8.119004946538231,8.693185630061611,9.270440050801966,9.84780985586166,10.421695695596098,10.98769999910132,11.540535172248221
-2.587650706606161e-7,0.6329532070608982,1.2646399536052415,1.894483924446041,2.523160117757274,3.1529103567194965,3.78752552605399,4.43195768126768,5.09159631048626,5.771321097878838,6.474504044090746,7.202152108102814,7.952348191191274,8.720076493702454,9.49743629625437,10.274182767215809,11.038497312600194,11.777881209768697,12.480074826081331,13.133920312758692,13.730101629542755,14.261709526943818,14.724590969726417,15.117454178622262,15.441714242374692,15.701082171138976,15.900923518394835,16.047440739081203,16.146763060983783,16.204052573810927,16.222747191644334,16.2183816179788,16.20529645237566,16.183526290158095,16.153128554487,16.11418314447024,16.066791945864075,16.01107820770672,15.947185789166339,15.875278281816934,15.795538013476452,15.708164940642236,15.613375437443096,15.511400989883189,15.402486804980287,15.286890345189942,15.164879799252176,15.036732501290365,14.902733310622068,14.763172965303042,14.618346422902922,14.46855120240017,14.31408574137149,14.15524778283161,13.992332806152758,13.825632516465104,13.655433406836355,13.482015407418109,13.305650635770515,13.126602263073154,12.94512351267797,12.784037455739416,12.677793267131587,12.63670810559616,12.656944174380914,12.725145370974936,12.827385084257338,12.953395914086203,13.096585403512334,13.252867604788747,13.419627899926779,13.595032004182313,13.777601297212026,13.965959798865104,14.158688318625998,14.354246771431663,14.550941286153874,14.746921566274482,14.940198905133308,15.128678116090907,15.310198401713116,15.482579369061323,15.6436692564498,15.791393095041135,15.923799047160614,16.03910157442143,16.135720413215317,16.212314588997213,16.26781089833482,16.301426441728477,16.312684911962307,16.290597679320015,16.223533215401478,16.109190481322823,15.944077145111045,15.723974990632708,15.444504244682136,15.101719951832349,14.692676629263987,14.215908365905676,13.671786735667906,13.062735087395861,12.39329261671412,11.670033858750399,10.901358465602259,10.097172466575193,9.268485990145061,8.4269540176277,7.584386442599138,6.752251766848124,5.941195408268251,5.160589171025011,4.418123547683591,3.719450276640396,3.067880696319693,2.4641481810647528,1.906252257951819,1.389417425477487,0.906215328410943,0.4469021725737679,-2.587650706606161e-7,0.5783573641724318,1.1743547837607287,1.803558094800022,2.4777143341161874,3.2035551554832615,3.982203371771371,4.8091120126944364,5.674422494699613,6.563645256625082,7.45859683187108,8.338544706233458,9.181511117791787,9.96567581420617,10.67080370786529,11.279611941117412,11.778984822832072,12.16094506214165,12.423295190631611,12.56985329600552,12.610222277807447,12.559053909665497,12.434803256948806,12.258023350322764,12.049331038599655,11.827278616049702,11.6064671368836,11.396391107200282,11.200283950131878,11.017644588522264,10.843648847144499
-2.1867359266739634e-7,0.07559257324953693,0.16875693734789599,0.2916350655743817,0.45052713224780455,0.648023615486638,0.8847177390197353,1.160063069000332,1.4727333145463146,1.820759214889279,2.201576654064443,2.612045820412499,3.048468201389924,3.5066134806842917,3.9817613310762026,4.468759333563003,4.962096064707277,5.4559870674657205,5.944470644899582,6.4215100383526975,6.88109848091979,7.317363785614936,7.724669476009211,8.097709938474557,8.43159761464341,8.721940808365996,8.964911206555517,9.157300668749446,9.296567196988637,9.380870238788457,9.409095597807115,9.411866607950703,9.42015201309421,9.43386953673741,9.452884029905588,9.477010372391428,9.506017405463123,9.539632776049862,9.57754854999502,9.619427436762594,9.664909460042962,9.713618907496421,9.765171397422058,9.819180909176296,9.875266636310945,9.933059535307715,9.992208457274577,10.052385764096886,10.113292343656907,10.174661950490194,10.23626480855985,10.297910421857285,10.359449546623843,10.42077528661065,10.48182328050559,10.542570959030188,10.603035858780737,10.663272991088554,10.72337127724209,10.783449076246521,10.843648847144504,10.87627121097983,10.8437405186172,10.738814855354214,10.56843571061704,10.349040107305727,10.097555250295171,9.82710678410856,9.546938973546249,9.26351979157969,8.981516522388667,8.70443400414582,8.434996247582035,8.175368645765976,7.92728728312891,7.692135773442447,7.47099370940963,7.264671176310045,7.073737979439213,6.898552493989712,6.73929244380565,6.595988032978284,6.4685565398079055,6.356836699352415,6.260620930195181,6.179683648823463,6.1138044511780505,6.062785668177338,6.026464542113673,6.004720858767778,5.997481185839692,5.986194556742892,5.952218609323866,5.895237365303835,5.814826858489882,5.710593597298615,5.582340101644756,5.430234860555237,5.254963991171267,5.057844398085692,4.840882476843555,4.60676753080327,4.358794487042058,4.1007160022279345,3.8365298433546737,3.570214003798879,3.3054298698170994,3.045222847084699,2.791758853816547,2.54614073571235,2.3083461411549315,2.077313467502059,1.8511750627461947,1.6276035923781453,1.4042101161281444,1.1789216401361768,0.9502749154094083,0.7175864824336137,0.48098660219120776,0.24132849343086235,-2.1867359266739634e-7,0.06323720597878152,0.14756376379563138,0.26531555271660734,0.4212159118144791,0.6162655391840424,0.8498989833325435,1.1208634894240286,1.4275765634249866,1.7682825819937156,2.141118414432608,2.544124831488642,2.9752179806638486,3.4321151883064966,3.912000237728474,4.429951289403387,4.937555120807341,5.472942044537366,6.02202569996896,6.581994950189609,7.150574662642513,7.725843871259978,8.306204446183681,8.890313393100659,9.476953927874732,10.064847177851682,10.652418173770606,11.237428441908122,11.817543516541424,12.388297085843073,12.945123512677974
5.566621989985209e-7,0.07559257325125401,0.16875693734866123,0.2916350655748645,0.45052713224801816,0.6480236154868797,0.8847177390199013,1.160063069000479,1.4727333145464019,1.8207592148893843,2.201576654064509,2.612045820412576,3.0484682013899826,3.5066134806843525,3.9817613310762496,4.4687593335630424,4.9620960647073105,5.455987067465752,5.944470644899612,6.421510038352725,6.881098480919818,7.317363785614957,7.724669476009232,8.097709938474576,8.431597614643419,8.721940808366005,8.96491120655553,9.157300668749462,9.29656719698865,9.380870238788475,9.409095597807134,9.406403789991275,9.398350118145453,9.384999445698366,9.366458580190761,9.342874348512275,9.314430947383032,9.281346614546456,9.243869679471732,9.202274065757326,9.156854330692344,9.10792034026455,9.055791689888935,9.00079199173839,8.943243158171962,8.883459816693867,8.821743994446607,8.758380208790788,8.69363109452168,8.627733687362634,8.560896467462895,8.493297245917297,8.42508195235575,8.356364353294332,8.287226700360211,8.217721276086147,8.147872774225338,8.077681422973187,8.007126734488661,7.936171743838541,7.864767585778136,7.790032074223809,7.7098283286964,7.625191836794054,7.537113649845779,7.446532846280215,7.354331499995426,7.261331964013924,7.168296147358783,7.0759263595175765,6.984867232952664,6.89570821742221,6.808986173410646,6.725187673425801,6.644750741509552,6.56806591021608,6.495476633810908,6.427279247591414,6.363722786993417,6.3050090597893345,6.251293388127798,6.202686398996018,6.159257144411182,6.121037686860301,6.088029108801858,6.060208719712459,6.037538064056947,6.0199712006849335,6.007462645613968,5.999974356041873,5.997481185839712,5.986863169460608,5.954834679645223,5.90090908704379,5.824392349869316,5.724540978021459,5.6007514160865375,5.452755846249379,5.2807998151150475,5.0857803760859515,4.869328512565031,4.6338254060488495,4.38234787799669,4.118543718562139,3.846442677061426,3.5702140037988985,3.2938871218374453,3.0210586276097926,2.754616058893094,2.4965151248977357,2.2476491328841433,2.007842982136377,1.7759864332446589,1.5502939089210261,1.3286483139139078,1.108965212075331,0.889509637242928,0.6691118809792389,0.4472544839816734,0.22403102718701717,5.566621989985209e-7,0.3379392728457123,0.6695388110031623,0.9896207586683614,1.2951655523134802,1.5859458154215311,1.8645992887635159,2.13601990114267,2.406115617003638,2.6802128058326233,2.961576126269402,3.250522748739895,3.5443982114589665,3.8383824659907755,4.127065497823395,4.387415783116294,4.661407977844484,4.90685376303036,5.136517174750238,5.3544158173391665,5.5658338624165555,5.776411023783503,5.990969741805435,6.212569363282127,6.442060838616795,6.678238471903672,6.9184856939188455,7.159663380388746,7.398942039312402,7.6343305352430395,7.864767585778139
-5.937924748827117e-7,0.060640633476463875,0.12759887994521354,0.2066046293940952,0.3024731143508216,0.41905466191829116,0.5593093104548043,0.7253781179361614,0.9186098917896471,1.1395547214465052,1.3879484855992488,1.6627074600629073,1.961943764072209,2.283005684318482,2.6225425629323724,2.976591366806977,3.3406806471670816,3.7099469226451625,4.0792583275628935,4.443340522343218,4.79690028439902,5.134742827438933,5.451879681172017,5.743624844415298,6.005677839642864,6.234193179692594,6.425836542327327,6.57782857704384,6.687977695155327,6.754703391261569,6.777051606592114,6.780201402980601,6.789615113081679,6.805186601282987,6.826741940441487,6.854043724582693,6.8867968472675205,6.92465551211181,6.96723120822005,7.014101368161377,7.064818428320814,7.118919028129575,7.175933111940558,7.235392730948109,7.2968403785561335,7.359836727617238,7.423967669510456,7.488850581544332,7.554139769989464,7.619531051210451,7.684765443486023,7.749631948155104,7.813969401899713,7.877667383558877,7.940666160142681,8.002955658892724,8.064573456399877,8.125601782857206,8.186163550200481,8.246417427612192,8.306552006772499,8.337539660175333,8.299366103454478,8.190290926280717,8.02755953490166,7.832090478885322,7.618932950770592,7.397397658641039,7.173320071097376,6.95066562039434,6.732406595164615,6.520969108694021,6.318449327828876,6.1267036280952585,5.9473668841981295,5.781829370761768,5.63119216799446,5.496216338219556,5.377278748889555,5.2743452737789775,5.18696921201549,5.114318896243133,5.055234026433604,5.008306080568006,4.971975081006739,4.944633587630885,4.924729089469715,4.910857552901186,4.901843088292539,4.896800865807799,4.89518209240954,4.885420519557746,4.856107668025288,4.807177129019895,4.73857559812357,4.650340282370143,4.542691320256411,4.4161261229941635,4.271502158722768,4.110095829199957,3.933627374231994,3.7442447886587287,3.5444632411261243,3.3370602943854495,3.124931366118978,2.910914463132157,2.6975983293628087,2.4871334820214472,2.281070207670902,2.0802496433259114,1.8847712566561228,1.6940506212270368,1.5069657532741092,1.3220719472078106,1.1378498129537125,0.952944444677384,0.766357370719786,0.5775649339966219,0.3865522206760416,0.19376592821646504,-4.827005727486418e-7,0.28856205976961197,0.5697134069764188,0.8371758437060808,1.0868137654977537,1.317382015165954,1.5308469300106007,1.7321123034053074,1.928051417365906,2.125936817042373,2.3316387532342384,2.548164181475654,2.7750342743738776,3.008648700566263,3.2433979166495934,3.473094298511914,3.6923242072065605,3.897455303320782,4.087160888750849,4.262417174083975,4.426008767939364,4.581663451096415,4.7330264840975,4.882744844526412,5.031918632903713,5.180070151854415,5.325611528601512,5.466628758815689,5.601707414372116,5.730525831650654,5.854019840690899
-5.02922224702964e-7,0.528809509180496,1.0579823653484284,1.588367402119396,2.1216619512729515,2.6605484483364426,3.2085394682706294,3.769524253891019,4.347078880396606,4.943664038592083,5.559867526394902,6.193839843947917,6.8410249805275285,7.494223939871432,8.14396875470986,8.779144591886283,9.387779861262976,9.957923316333172,10.478534764148893,10.94032560648086,11.336493338155769,11.663299099011912,11.920439785526586,12.111167615779568,12.242113223897125,12.322777809970866,12.364681661382637,12.38019657246984,12.381150260956458,12.377363436751203,12.375341825419715,12.37181239758528,12.361233039995168,12.343630470844133,12.319049022487901,12.287550346284222,12.249213002950532,12.204131941998096,12.152417874790412,12.094196546738122,12.02960791507808,11.958805239583635,11.881954094408952,11.799231310074381,11.710823855343369,11.616927669415,11.517746455449009,11.413490446942317,11.304375158875247,11.19062013583202,11.072447709461523,10.950081777669846,10.823746617817703,10.693665745922988,10.560060833435836,10.42315069255609,10.283150340299123,10.140270150587506,9.994715102557308,9.846684132029246,9.696369591718337,9.57078305776138,9.508904542929107,9.514373886940415,9.571888428697497,9.662511654424371,9.773205527146553,9.89668187422271,10.029112700775572,10.168489110373239,10.313698868780191,10.464024599657026,10.618864547844817,10.77757329718224,10.939371439973629,11.103298278926427,11.268193619573216,11.43270047775105,11.595283357135758,11.75425818909574,11.907830805179692,12.0541412823655,12.191311829057272,12.317496142323279,12.430928397846724,12.529970247960254,12.613154406385659,12.679223594407185,12.727163814667248,12.75623110758473,12.765971133057798,12.752978167191065,12.713091707331284,12.643701942485498,12.540818527114991,12.399554461883783,12.21470635933238,11.981359622333253,11.695453434693656,11.354254831153339,10.956708751453831,10.503648083970925,9.997862032741839,9.444031900177038,8.848550705996498,8.21924752008346,7.565039591196069,6.89553580382179,6.220614029893203,5.549992777133269,4.892814351181244,4.257252804404295,3.650155732199216,3.0767254014935483,2.540243225135222,2.0418442092192857,1.580356547788817,1.1522360387743635,0.7516409000512587,0.37069880808844785,-5.02922224702964e-7,0.4842138092211242,0.9845858781999002,1.5150906746939918,2.0857939400746655,2.701830685626682,3.3630700007802306,4.064301413176655,4.795763452084996,5.543890335190913,6.292211259007148,7.022369785064082,7.715237999494131,8.352091579296124,8.915797480252078,9.391952132664425,9.769898090490656,10.04354218385604,10.211898337947844,10.279282961893406,10.255100438950171,10.153172966188732,9.990598313907887,9.78617000512539,9.558475686677898,9.323898963344556,9.094859516083275,8.878675991553694,8.67735972266276,8.48842927891003,8.306552006772506
-4.827005727486418e-7,0.060640633477865996,0.12759887994602181,0.20660462939460078,0.30247311435109264,0.41905466191851276,0.5593093104550032,0.725378117936339,0.9186098917898137,1.1395547214466666,1.3879484855994026,1.6627074600630543,1.9619437640723467,2.283005684318621,2.6225425629325083,2.976591366807099,3.340680647167201,3.7099469226452744,4.079258327563007,4.44334052234332,4.796900284399122,5.134742827439035,5.451879681172112,5.743624844415394,6.005677839642961,6.23419317969268,6.425836542327414,6.577828577043921,6.68797769515541,6.754703391261651,6.777051606592195,6.775283593360228,6.769997328315023,6.76124577110807,6.74911598009961,6.733727323956404,6.715229024439027,6.693797077286826,6.66963061187394,6.64294776409563,6.6139811504893515,6.5829730445025305,6.550170367554662,6.51581961745143,6.480161864048884,6.4434279460577075,6.405834002774974,6.36757746970106,6.328833657015988,6.289753014606288,6.250459166955787,6.21104777632782,6.171586264235315,6.1321143905105515,6.092645657875023,6.053169479413352,6.013654018388157,5.974049585839599,5.934292462556674,5.894308999071478,5.854019840690898,5.811548113055751,5.765607057508461,5.716969231161014,5.66636128977263,5.614460799494818,5.561894780912142,5.5092395989325444,5.457021755996292,5.405719132428865,5.355762249785161,5.30753520927938,5.261376071498106,5.217576584543705,5.176381320758969,5.137986430059303,5.102538342927321,5.070132842198838,5.04081495760417,5.014580114085502,4.991376884674161,4.9711115689685315,4.9536546532285906,4.938849026485471,4.926519649311162,4.916484217303101,4.908564245537632,4.9025959335061975,4.898440156700828,4.89599096986852,4.895182092409501,4.885420519557717,4.85610766802525,4.807177129019862,4.738575598123546,4.650340282370119,4.5426913202563854,4.416126122994138,4.271502158722735,4.1100958291999365,3.9336273742319663,3.744244788658704,3.5444632411260937,3.33706029438542,3.124931366118949,2.910914463132127,2.697598329362783,2.4871334820214104,2.28107020767087,2.0802496433258946,1.884771256656104,1.6940506212270168,1.506965753274084,1.3220719472077829,1.1378498129536734,0.9529444446773371,0.7663573707197293,0.5775649339965518,0.38655222067592243,0.19376592821621064,-5.937924748827117e-7,0.06392121767933107,0.13244471045938447,0.20970656762433715,0.29913786591936037,0.4035036345963275,0.5251096674266912,0.6660336065997088,0.8282843535146954,1.01385190820954,1.2246511524827983,1.4623878915216288,1.7283875495154668,2.0234283415016185,2.347613624747336,2.700305819463116,3.0801305643873014,3.4850475356176545,3.912475039443639,4.359449342604013,4.8227964289913405,5.299293134220405,5.785796245520215,6.279322133263516,6.7770657235354035,7.276355786802985,7.774552837618794,8.26890518491486,8.756386301302875,9.233541174108746,9.696369591718328
-3.5744550537976496e-7,0.4730249461107197,0.942112976368679,1.4040469582235715,1.8569710160882253,2.3008725841144457,2.737823115526234,3.1719058756294363,3.6087916970505916,4.05498408385526,4.516835136349902,4.999506147272227,5.506075680160505,6.03696294606477,6.589747946567396,7.159371142380872,7.738623069590744,8.31880485079318,8.89044686277844,9.443997448282598,9.97042141426874,10.461671445411604,10.911012962171371,11.313195916953688,11.664477724301639,11.96251153265799,12.20612393774533,12.395015594401467,12.529425800656794,12.609806361393405,12.636549303080105,12.633237102400651,12.623309926992743,12.606795999212332,12.583742164816458,12.554213606697845,12.51829344609759,12.476082233296811,12.427697330382554,12.37327218929326,12.312955528979305,12.24691041616371,12.175313254860804,12.098352690504278,12.016228435251705,11.92915002176602,11.837335493522067,11.741010040443223,11.64040458942805,11.535754360074097,11.4272973966281,11.315273087876793,11.199920687322164,11.081477846538638,10.960179175067374,10.8362548405418,10.70992922293308,10.581419636836621,10.450935135564443,10.318675410451458,10.184829798215544,10.059678239063,9.964797994289722,9.909116290751273,9.894260419931792,9.914944824811787,9.963282081045088,10.032274977591685,10.116860883851498,10.213632798853446,10.32027685875597,10.435104334056472,10.556733978569799,10.68389464942617,10.815311149603522,10.949645519600374,11.085474973147624,11.221293822090749,11.355530658211201,11.486574604845893,11.612806200798047,11.732629760487832,11.844505033585563,11.94697674465084,12.03870116951222,12.118469326883273,12.185226654407826,12.238089221491977,12.276356630320402,12.299521793162253,12.307277767244615,12.286768643373335,12.224799783864619,12.120118360559038,11.970865342040021,11.774886716205678,11.530110837813815,11.234946233602999,10.888655314149057,10.491665971295658,10.045792885064879,9.554351441275221,9.022157857578934,8.455418442675613,7.861518440052621,7.248726593251988,6.625835592865551,6.001761194918728,5.385124314635775,4.7838410370158355,4.204745396105891,3.6532689503627793,3.1331993601040797,2.6465367543236384,2.193460751002009,1.7724116617195393,1.3802764627253639,1.0126550158034104,0.6641686393984089,0.32876738728783383,-2.8853343172982647e-7,0.07914364930196895,0.16769573152856684,0.27358333516573596,0.40262047731980927,0.5586838736960201,0.7441683226730335,0.9603664497783649,1.2076909576900163,1.485780132186392,1.7935458549239565,2.12920910764756,2.490349245266792,2.8739492790480727,3.2770868450608917,3.6952138366277807,4.125172987283159,4.563223033262826,5.006029897879974,5.450751489832506,5.895163708660542,6.337729367100509,6.777591032813248,7.214478683090536,7.648533052682264,8.080057075474146,8.509217525355382,8.935791833481993,9.358685739031399,9.776037342948383,10.184829798215546
-3.135968512537413e-7,0.05777342393711655,0.13374691947769987,0.23888224169566477,0.37757790924965834,0.5508139269659266,0.7579780676279789,0.9976115653704821,1.267698212240204,1.5657847695341927,1.889039996327079,2.2342922325001853,2.5980613088521283,2.9765914270203124,3.3658878722679315,3.7617586600585007,4.159861278086063,4.555754120045664,4.944951839576872,5.322983609874792,5.685453123933481,6.0280990948591215,6.34685500283538,6.637906874026201,6.8977479558612975,7.123229261641588,7.311605084548533,7.460572717319808,7.5683057510945515,7.633480459363002,7.6552948970504415,7.653306606683872,7.64735154588673,7.637458981719118,7.623677150230845,7.606072456039266,7.584728377829639,7.55974410535945,7.531232940114129,7.499320497743384,7.464142755655623,7.42584399350035,7.3845746775668495,7.340489342211337,7.293744522153467,7.2444967887322695,7.192900940898529,7.139108397802368,7.083265834328645,7.025514093917807,6.96598740463412,6.904812914923689,6.842110555121198,6.7779932198525445,6.712567255413577,6.645933225380488,6.578186917520813,6.509420545906276,6.439724094317801,6.369186740867324,6.297898299461394,6.2249550537327,6.147305227153577,6.065958563929475,5.981911228482792,5.896134901276858,5.80956674155191,5.723100192246401,5.6375765622211675,5.553777302821462,5.472416904810556,5.394136379775933,5.319497355110936,5.248976896707382,5.182963266934532,5.121752912002595,5.065549035394722,5.014462136800424,4.968512867264958,4.927637466493089,4.891695911501663,4.860482729811405,4.8337402345186256,4.811173745629235,4.792468194022273,4.7773053790545035,4.7653810791012585,4.756421199731495,4.750196183577258,4.7465329914102625,4.745324085282515,4.737064985415414,4.712122823723429,4.670036409803237,4.610143474830966,4.53172394651517,4.434171163425993,4.3171681671268125,4.180846827669276,4.02591077042444,3.853707780858513,3.666242558402058,3.466125699019329,3.256459369515796,3.0406644754163263,2.822258733900431,2.6046006171467333,2.390621098786522,2.182573146835954,1.981835955349895,1.7888129794933736,1.6029549797187856,1.4229186960907447,1.24684159401807,1.0726833060890841,0.8985672184172837,0.72305821912991,0.5453326478690478,0.3652246831508448,0.1831594538163288,-3.5744550537976496e-7,0.2831404724141934,0.5609743905431521,0.8288676901005361,1.0834927220489607,1.323328312468613,1.5488920091756524,1.7625962218011817,1.9682000727976783,2.1699407708883394,2.3715444502758416,2.575386850134868,2.7820480660189744,2.9904069837989913,3.1975761846996553,3.4015536121260745,3.599215488294113,3.7891743030674605,3.9713954050926494,4.1473589941828015,4.319799096156021,4.4921642087916105,4.667929846278201,4.849929148303564,5.039863014372095,5.238094527537262,5.443740180375787,5.6549796683490285,5.8694522635545585,6.084605141371754,6.297898299461393
-2.8853343172982647e-7,0.057773423936708944,0.13374691947791714,0.2388822416957572,0.3775779092497597,0.550813926965991,0.7579780676280442,0.997611565370541,1.267698212240259,1.5657847695342473,1.8890399963271325,2.2342922325002377,2.59806130885218,2.9765914270203657,3.3658878722679826,3.7617586600585504,4.159861278086113,4.555754120045714,4.9449518395769205,5.322983609874841,5.685453123933528,6.0280990948591695,6.346855002835427,6.637906874026248,6.897747955861344,7.123229261641633,7.311605084548579,7.460572717319855,7.568305751094596,7.633480459363051,7.655294897050487,7.657085206026404,7.662435698707339,7.67128552301003,7.683534746593537,7.69904653899618,7.717650130358115,7.739144456823832,7.763302385426808,7.789875399149648,7.818598616038758,7.849196014441275,7.881385739016191,7.914885368320829,7.949417033555735,7.9847122885257145,8.020516642191897,8.056593676641473,8.092728684367462,8.12873176910409,8.164440363968174,8.199721129344603,8.234471200992566,8.268618766508256,8.302122955890521,8.334973039876061,8.367186938283822,8.398809050133387,8.429907427992307,8.460570330965698,8.490902203922953,8.50319582419912,8.47265850094173,8.393298899243925,8.266530363315264,8.100722733937467,7.9068228075589975,7.694788751268014,7.472470343296202,7.2458140466657825,7.0193566660085125,6.796632980637838,6.5804446163219765,6.373022904612221,6.176124870339989,5.991091532113584,5.818887935973911,5.660137258974755,5.515156327541732,5.383996201241748,5.266488621905674,5.162296976908167,5.070968997942123,4.9919877665418575,4.924817710450438,4.868943025795818,4.823897124467505,4.789283006651602,4.764785623392299,4.750178107511984,4.745324085282514,4.736488630434351,4.709867947964195,4.665148478121765,4.601901262745403,4.519708027182612,4.4183115882312025,4.2977698849588055,4.158593047533819,4.001845357261415,3.8291978467733347,3.6429218340665876,3.4458183624760883,3.2410832340732023,3.0321124159376294,2.8222587339004352,2.614558619640209,2.4114572729990975,2.214570376624253,2.0245265484975405,1.84093136585938,1.6624765117719567,1.4871874367311837,1.3127689033751082,1.1369834284192357,0.9579928815721075,0.7746084234626213,0.5864198456338764,0.39380132800836604,0.19780953722191325,-3.135968512537413e-7,0.4332168577565079,0.8740403628630474,1.3296250953486883,1.8061406005098322,2.308159796637251,2.8380524347206917,3.3954920374909183,3.9771651093592917,4.576736140006616,5.185085725195683,5.790807075188304,6.3809206871923285,6.941748905965213,7.459880898895585,7.9231529338582725,8.321567523983989,8.648077108792155,8.899162987267323,9.075148173848453,9.180194407776286,9.22195058038405,9.210845692644035,9.159058282384894,9.079248393358919,8.983203002987649,8.880606090453373,8.778103673288928,8.679166710906667,8.584052480499702,8.490902203922955
-1.774647625571088e-7,0.0693783158435839,0.1403577593520387,0.21562765068977557,0.2996721471336191,0.39874067745151837,0.5199907519994363,0.6701990574708998,0.8546800666994274,1.076764565349106,1.3377557585309305,1.6371174828111608,1.9727209035334496,2.3410831302538386,2.737588696316173,3.1567012303645234,3.5921717850873875,4.037245582850284,4.48486502527168,4.9278645760696875,5.359152341712828,5.7718734477207665,6.159551300255203,6.516204264450248,6.8364369599415955,7.1155070725108835,7.349370128127967,7.5347059115644415,7.668931005918708,7.750202194792748,7.7774151738766095,7.775699437701068,7.770564764469671,7.762048478053413,7.750211851665753,7.735138731784371,7.716933658963584,7.695719532276898,7.671634876568107,7.6448307833071105,7.615467606329541,7.583711502718126,7.549730916148986,7.513693104745803,7.475760817435674,7.436089221603043,7.394823180198533,7.35209496820828,7.308022506519696,7.262708175910226,7.216238255520671,7.168683009327711,7.120097421555531,7.070522558545277,7.019987511295863,6.968511850677442,6.9161085071256645,6.862786969268065,6.808556682072629,6.753430515214961,6.69742816670595,6.6417318936916345,6.5824325051958255,6.5205883564336,6.457185046154049,6.393134895587264,6.32927944851482,6.266393803450079,6.2051914233607315,6.146328046855682,6.090403463934567,6.037960218825307,5.989478742281537,5.945368956207243,5.905958976595842,5.871482094842364,5.84206366527256,5.817709797012001,5.798299789664077,5.783584046270357,5.773188766947602,5.766628135883046,5.763324042973259,5.762632644038276,5.763876020044275,5.766375382869786,5.769480985844005,5.772598490850787,5.775219059518893,5.77695346363141,5.777558998778222,5.769386496752432,5.74438047831045,5.7011578696654075,5.637674478567658,5.551571256049643,5.440580466577472,5.3029355855004905,5.137735108246513,4.945222393903909,4.726956935787115,4.485863992303146,4.226157837709675,3.9531389043617584,3.6728678504106447,3.3917224657659575,3.115850469803744,2.8505485831030772,2.5996309394810986,2.3648949452154246,2.145829045012148,1.9396962862473937,1.7420417699406665,1.5475329579376822,1.350924666954467,1.147915542270469,0.9357329105052913,0.7133906132675274,0.48164970160950094,0.24275188064031653,3.6610366051517933e-7,0.3462525557964272,0.6809319900480245,0.9944069016608376,1.2807407326589972,1.5390143640939933,1.7738836470306325,1.9949710395977247,2.2148121012011073,2.4455726279231134,2.695520451165787,2.9666644153512753,3.254478010379829,3.549532558176272,3.840113188016365,4.114879646611604,4.365011350325212,4.585612855607709,4.776321109851173,4.941113360157144,5.087358847884194,5.22426265397748,5.360761699669049,5.504227730216305,5.658480016991489,5.823940046466642,5.9980596657986895,6.1765692715449205,6.354889596378836,6.52927748570176,6.6974281667059525
3.400355217989636e-7,0.06937831584511994,0.14035775935289882,0.21562765069031575,0.2996721471342053,0.3987406774521271,0.5199907520000536,0.670199057471509,0.8546800667000278,1.076764565349667,1.3377557585314668,1.6371174828116664,1.972720903533923,2.341083130254279,2.7375886963165796,3.15670123036491,3.5921717850877535,4.037245582850629,4.484865025272003,4.92786457606999,5.359152341713117,5.771873447721043,6.159551300255466,6.516204264450498,6.836436959941839,7.115507072511122,7.349370128128198,7.534705911564662,7.668931005918933,7.750202194792973,7.777415173876835,7.780126376038228,7.78823102868167,7.8016429386849975,7.8202206538235455,7.843770681422928,7.872051828961866,7.9047805146598265,7.941636870251437,7.982271442734668,8.0263122966796,8.07337232262565,8.123056568475256,8.174969427559352,8.228721537080435,8.283936261968776,8.340255660179894,8.397345844901889,8.454901676265685,8.512650729619736,8.57035649927557,8.627820806166408,8.684885385617543,8.741432638053885,8.79738553167698,8.852706652634634,8.907396405628019,8.961490376801027,9.015055881541038,9.068187732712111,9.12100327981009,9.119280316088817,8.98702652979394,8.767941768817257,8.513213574060002,8.246062772423707,7.977053471853526,7.712345825459312,7.4563848179630945,7.212783113305982,6.984602886418371,6.774410813922386,6.584240463884331,6.415522375503091,6.269017214919212,6.144776749565164,6.042149346285961,5.959837587573638,5.896005435082206,5.848423021714267,5.814630844992214,5.792103197278232,5.778392991185323,5.771245478395874,5.768675250375098,5.769008327714503,5.770896891415297,5.773312593984133,5.775518418600036,5.777026352689279,5.777558998778212,5.769876533761028,5.7462802727743405,5.705214810219665,5.644375885588761,5.561091265815162,5.452765312929713,5.317324865256456,5.153612107289654,4.961684107380326,4.74299373663715,4.500439410484047,4.238280129145205,3.961917868547613,3.677552971552028,3.3917224657659655,3.1107400657516386,2.840074499950207,2.583732298046026,2.343747615682155,2.119907424734131,1.909826704316319,1.709414129208811,1.5136500484414537,1.3174939695600132,1.116708738489895,0.9084429841238627,0.6915080819669484,0.46636739275518924,0.2348986797327981,3.400355217989636e-7,-0.07716265495602764,-0.15307874451980072,-0.22650937877144914,-0.29608390031186216,-0.3598830543914939,-0.4146278694232559,-0.45428501472778604,-0.46743665470908685,-0.43030109667233307,-0.2678520505288386,0.41211018532587695,0.7756347437477797,1.1392851098694319,1.5303188199483784,1.9542557365511244,2.410682676437262,2.896427081971374,3.4068170437595002,3.9364571888758393,4.479828707679256,5.031763077143572,5.588004672248453,6.14491411550944,6.700265757770504,7.252632077511062,7.8012590792088785,8.345623790419905,8.884920522100748,9.417558380502363,9.940668336956401
3.6610366051517933e-7,0.6187795025098874,1.2345420807554537,1.8448019391481114,2.44805300015334,3.0440590777994156,3.6339251781033193,4.219916397271843,4.805030054961612,5.392373824803309,5.984447154912118,6.582451006786472,7.185750545688628,7.791585188481449,8.39507017835468,8.98948001610681,9.566761356783951,10.118198565040622,10.635148147932574,11.109763219400413,11.535639817708336,11.90832894764865,12.225669798470497,12.48791092423034,12.697598836853807,12.859229600669163,12.978680481206325,13.062465896857743,13.116892470050736,13.147215796176829,13.156917480778601,13.1524554138592,13.139083998274995,13.116847480036748,13.08581923815369,13.046101240557793,12.997823287289002,12.94114204586759,12.876239885237712,12.803323516157155,12.722622447438374,12.634387269016168,12.53888777442751,12.43641093693504,12.327258755198852,12.211745986089793,12.09019778392186,11.962947267038455,11.830333034287728,11.692696655426047,11.550380160856621,11.403723557289556,11.253062396847605,11.098725427778827,10.941032355214087,10.78029174026319,10.616799065122773,10.45083499072499,10.282663831753341,10.112532271585462,9.940668336956392,9.8166899486489,9.813082252132892,9.890186918816843,10.001169135548128,10.127359218635565,10.26280616948475,10.405869416315012,10.556361565824222,10.714491448394481,10.880410979946676,11.05400127108655,11.23477459212067,11.421843801969056,11.61393589129384,11.80943515841885,12.00644510452001,12.202860159771852,12.396440097668766,12.584881769281994,12.765884543860368,12.93720743196954,13.096717167503183,13.242427472536841,13.372530325221062,13.48542034405539,13.57971346533966,13.654261002829168,13.708160008919483,13.740760657479363,13.751671173211147,13.723038620548708,13.636825136169833,13.492165598534365,13.287881042752861,13.022834478564594,12.6963590181025,12.308702736955544,11.861435062950957,11.357766233202243,10.80274212133944,10.20328910014742,9.568095677366676,8.907328352469797,8.232188358984352,7.554324560810814,6.885127716163227,6.234945502024278,5.6122790524481205,5.023050850195451,4.4700644694129235,3.9527921328151843,3.467601583711229,3.0084521090267686,2.567963827265383,2.138645594639316,1.7140161372044753,1.289395470052491,0.8622501992925558,0.43209081495436935,-1.774647625571088e-7,0.5639501439272249,1.1286856860524141,1.6959942492974378,2.269266017065806,2.853395566720926,3.4538934685390266,4.075380599428173,4.719870166623536,5.385332762003623,6.06494193054499,6.747171382776854,7.416679394837437,8.055762187041239,8.64610579984693,9.170584170852482,9.61489914599282,9.96890942344953,10.227539637566107,10.391197487071276,10.465659625770378,10.461421164768094,10.392545260809936,10.275104433714302,10.125375994923836,9.958031120662252,9.784614000650652,9.612604145021969,9.44526065013669,9.28225521074533,9.121003279810079
-4.039279175874404e-7,0.06521884475495054,0.1361959504809631,0.21864493201491247,0.3181003976727284,0.43968602482833463,0.5878491667944168,0.7661309151256553,0.9770044291400274,1.2217826777114045,1.5005845800261417,1.8123485805099466,2.1548857860993027,2.5249668999781525,2.918437794353287,3.330358277462493,3.7551580401140083,4.186803297038765,4.618967459491761,5.045199362490473,5.459083130294385,5.854384662981821,6.225180901295805,6.565969389042934,6.871757097098909,7.138128884133585,7.361297227609849,7.538135853714302,7.666200535993524,7.743740560634412,7.769704153687865,7.767753941645473,7.761917429621357,7.752236730483097,7.738781172402947,7.721646025967471,7.7009507561371375,7.676836832956047,7.649465144381315,7.619013063798572,7.585671233541145,7.549640133805624,7.511126513473196,7.470339765175065,7.427488331122802,7.382776228391855,7.336399782150098,7.288544652466862,7.239383234609777,7.189072504048065,7.137752365787107,7.085544553383308,7.032552106424251,6.978859436959913,6.924532976026681,6.869622371800884,6.8141621918805635,6.758174064542464,6.701669178305172,6.644651046386439,6.587118433160018,6.526923270967214,6.462615139263455,6.395185562787961,6.32554893659656,6.254536165911761,6.182892367434033,6.111278260344247,6.0402746400792795,5.970389144469485,5.902064410624747,5.835686695309292,5.771594095256421,5.7100836505322015,5.651416827680429,5.5958231362545705,5.543501903703429,5.494622488799485,5.449323423765722,5.407711115676271,5.369858792085014,5.335806337800804,5.305561544269835,5.279103096311626,5.256385378490231,5.2373449266635985,5.221908112301948,5.209999458007678,5.201549865263041,5.1965040029940575,5.194826160516394,5.186391202772972,5.160815892274924,5.117338219908732,5.054844864043386,4.972081165512834,4.867900480591444,4.74151922792376,4.592745902217218,4.422157966454381,4.231207876667362,4.022246887676154,3.7984617696373335,3.563724930902572,3.3223631926179142,3.078855703161863,2.837478745875485,2.6019258970130883,2.374946200188451,2.1580575483120716,1.9513994815807514,1.7537785156516108,1.562923556513233,1.3759157222618892,1.1897072364001444,1.0016216321239224,0.8097413715305958,0.6131280660642356,0.4118640474432412,0.20693628215336032,-3.6690308773922266e-7,0.3036803680429406,0.5986525035742315,0.877734099982662,1.1366152750785672,1.3748148334146524,1.59599140448205,1.8073545920096237,2.0180670389700572,2.2368913170020446,2.469789347197562,2.718363425780319,2.9796792584607057,3.247360322939449,3.513384385689071,3.769962865609865,4.011079437896578,4.233476584834911,4.437015565329329,4.624416310520076,4.80045616612225,4.970795962201785,5.1406964367910915,5.313940934175909,5.492238964253659,5.67523742367011,5.861065500886335,6.047175240881974,6.23117695578086,6.411412175412157,6.587118433160025
-3.6690308773922266e-7,0.5639865936149593,1.1276133495190699,1.6909877165698866,2.2550473266858106,2.8217282125220584,3.3938778075385674,3.9748978505230763,4.56815881134767,5.1762822440947325,5.800423531461396,6.4396913457693445,7.090810074084987,7.7480791300078105,8.403627089648168,9.047914689582237,9.67041578767882,10.260397718565867,10.807725968603851,11.303626443752076,11.741347536830004,12.116671856311823,12.428233898171007,12.677606492708154,12.869127872289745,13.009455688260228,13.106857300677317,13.170278849309199,13.20827704667347,13.227939531525694,13.233948202645525,13.23006517631721,13.218426893115135,13.199065668094828,13.172035119208376,13.137409808352796,13.095284742358313,13.04577473743979,12.989013651647134,12.925153490861272,12.854363394896716,12.776828511280458,12.69274876528064,12.602337535749975,12.505820247319868,12.403432890425321,12.295420481543319,12.182035476878422,12.063536153511317,11.94018497272285,11.812246940797765,11.679987983079265,11.54367334736493,11.403566052885518,11.259925401067829,11.113005564031678,10.963054266289978,10.810311574395417,10.655008808295594,10.497367586917836,10.337599019003353,10.205204036851853,10.14378099949971,10.155045330192479,10.218945369858417,10.31482515719282,10.430152514125982,10.558522271955175,10.696769483395942,10.843263706661444,10.997030692383303,11.157302074076574,11.323281649932945,11.494027357421494,11.668399717148926,11.845050888159996,12.022439325348767,12.198860419804193,12.37248649640321,12.54141144962768,12.703696662991232,12.85741589554655,13.000697614682688,13.131763847185535,13.248965040406105,13.35081070382021,13.435995771133745,13.50342271541952,13.552219490768774,13.581753383508975,13.591640847861095,13.57191339025773,13.51208673620405,13.410322353647311,13.26385699581072,13.069410078864768,12.823675039779115,12.52383417435578,12.168039283698759,11.755810362314127,11.288318332767723,10.768532523653791,10.201227125863019,9.59285216099881,8.951283258382114,8.285470953443706,7.6050147018060015,6.919689802988603,6.238957332742566,5.571488238795917,4.924732977557311,4.304567132220601,3.715040582627652,3.1582518047132306,2.634358514623538,2.1417206682647016,1.6771532429415141,1.2362484506337224,0.8137163642163535,0.4036952444024549,-1.5215487158584153e-7,0.5232115250698091,1.0571215229184516,1.6116772077908816,2.1952643114229087,2.81383934372673,3.4700878286795525,4.162746822339232,4.886231114868672,5.630656495224457,6.382286497520633,7.124366435870599,7.838263487112743,8.504805872731549,9.105703924564663,9.624936220114138,10.049991388265484,10.372868174352849,10.590751218592507,10.706296570735343,10.72747891863042,10.666973277500643,10.541071753975771,10.368178391123013,10.166989973132235,9.954558680282085,9.744524966966013,9.545861275146864,9.362423534743066,9.193442971969677,9.034850280374881
-1.5215487158584153e-7,0.0652188447562449,0.13619595048160452,0.2186449320153043,0.3181003976729648,0.43968602482857255,0.587849166794564,0.7661309151257323,0.9770044291401386,1.2217826777114833,1.5005845800261877,1.812348580509991,2.1548857860993462,2.524966899978175,2.9184377943533155,3.3303582774625204,3.755158040114026,4.186803297038782,4.618967459491776,5.045199362490491,5.459083130294399,5.85438466298183,6.225180901295822,6.565969389042945,6.871757097098916,7.138128884133592,7.361297227609859,7.538135853714287,7.666200535993529,7.743740560634401,7.769704153687874,7.772317854313874,7.780128500445946,7.79304549539819,7.810920382947468,7.833550551018606,7.86068421707329,7.89202651227222,7.927246451024333,7.965984554919561,8.007860894936647,8.052483321819134,8.09945566945062,8.148385737355754,8.198892883470084,8.250615084650075,8.30321534805493,8.35638738008121,8.40986044008936,8.463403323375344,8.516827431804424,8.569988901684454,8.622789767506818,8.675178147970543,8.727147448139576,8.778734579564555,8.83001720954605,8.881110062106282,8.932160307147578,8.983342090935134,9.034850280374897,9.05365046165102,8.994290585384277,8.858077237182034,8.66815912764084,8.448292781391762,8.214033107796505,7.97464238660379,7.735886981387982,7.501655407760865,7.274756422351719,7.057301530894374,6.850888045222022,6.6566877222414975,6.475493413318749,6.3077514546636895,6.153594926625337,6.012885419404397,5.885265712748346,5.770221827170459,5.667150063924481,5.575423015663973,5.494448168406452,5.423713542009026,5.36281657760041,5.311474812225447,5.269519383371923,5.236874702177575,5.213529403463548,5.199504677487302,5.194826160516378,5.186391202772989,5.160815892274918,5.117338219908729,5.054844864043378,4.97208116551282,4.867900480591431,4.741519227923754,4.5927459022172,4.422157966454364,4.231207876667353,4.022246887676139,3.7984617696373184,3.5637249309025596,3.3223631926179062,3.0788557031618486,2.837478745875477,2.601925897013079,2.374946200188436,2.1580575483120645,1.9513994815807265,1.7537785156515857,1.5629235565132142,1.3759157222618652,1.1897072364001136,1.0016216321238578,0.8097413715305363,0.6131280660641973,0.4118640474430795,0.20693628215312168,-4.039279175874404e-7,0.0684588237062329,0.13856601320049736,0.21248827006467863,0.2933064108610331,0.385163716725809,0.4930836048218088,0.6224889303337668,0.7785869336146714,0.965822050429646,1.1875167145627596,1.4457064056347042,1.741115368042213,2.073219471929471,2.4403654912651214,2.8399342592792447,3.268541977627153,3.722272626904207,4.196929459729803,4.688288038909819,5.192328989729819,5.705426649537884,6.224470882832126,6.7469040044503155,7.270663146061274,7.794029998886501,8.315403298028203,8.833022453130152,9.344680651437887,9.847470060787218,10.337599019003363
-2.899431364006268e-7,0.48752172942448346,0.9740095585362735,1.4589457704424458,1.9427459315824391,2.426987838379837,2.914386442096137,3.408488595754861,3.9131161293954055,4.431644789624534,4.966251451285737,5.5172745970941,6.082806883828509,6.658584004725557,7.238172228931765,7.813407745572692,8.37501366415752,8.913313608848052,9.41896682341799,9.883660849475854,10.300709112087768,10.665510146090039,10.975832919832522,11.231900219496413,11.436251443880748,11.59337972474465,11.70915794367621,11.79009447671261,11.842490095572973,11.87159625303438,11.880892417583214,11.877461312868522,11.867177328204761,11.850068395111803,11.826180876776267,11.79557928539531,11.758345889182177,11.714580211750915,11.664398427363164,11.607932656277821,11.545330165190771,11.476752478484176,11.402374406720556,11.322382999509315,11.236976430542038,11.14636282322624,11.050759025946341,10.950389346530708,10.84548425600318,10.73627907213359,10.623012633668056,10.505925976404919,10.385261022478867,10.261259294314671,10.134160664709352,10.004202154395728,9.871616788245827,9.736632521024005,9.599471243394461,9.460347878970012,9.319469584215538,9.199801634761272,9.13641034319394,9.135858209648978,9.18672799739427,9.271907749415881,9.378617209556795,9.49932640036605,9.62987135217823,9.767909107856278,9.912015514257904,10.061190726920547,10.214586344687339,10.371352588468769,10.530553756093223,10.691125261695147,10.851857804627965,11.011400230766512,11.168275686532304,11.32090726668823,11.467650258458487,11.606828641733498,11.736773889402743,11.855864405874621,11.962564185300298,12.055459482975888,12.13329248310833,12.19499111828813,12.239694353300527,12.266772390248349,12.275841385154767,12.257530919561262,12.202159095829018,12.108466878629777,11.974555276356199,11.798157677691615,11.57697265201917,11.30901907400522,10.992976131563173,10.628475991561569,10.216324937810196,9.758637941405066,9.258880504428353,8.721819355399308,8.153389740292154,7.560491538516271,6.9507293118093205,6.332112813335955,5.712734609940241,5.10044047424791,4.502506290286742,3.925332684346662,3.3741659162843836,2.852851481989005,2.3636264095893016,1.9069585243531437,1.481446711861058,1.0838045961685228,0.7089574104670694,0.35028142753028163,-1.3003346882049836e-7,0.060792197990682834,0.13114640596371968,0.21823899645466066,0.32625170784592905,0.45710231034372373,0.6113788960205765,0.7890017770502922,0.9896053438830466,1.2127283763675414,1.4578807888420993,1.7245327108889745,2.012062912992974,2.319698098073613,2.6464652021635455,2.9911617147149334,3.3522695334543684,3.734852092385029,4.119802399771889,4.521452053854089,4.933622166524101,5.354787982252988,5.783650784655865,6.2190342015318105,6.659792009903657,7.104676880275653,7.552175916758979,8.000327857345344,8.446701772728346,8.887702437611544,9.31946958421554
-1.3003346882049836e-7,0.05733552339338272,0.12477214733578977,0.2099907382875351,0.3177068009406725,0.45042066684724613,0.6092566938649807,0.7944762682788842,1.005721341010264,1.2421110567142248,1.5022726118293896,1.7843496022953287,2.086009441647753,2.404460099514353,2.7364804032868966,3.0784648024877757,3.4264815546170038,3.776342159492668,4.123679253836495,4.464029921445698,4.792921380122677,5.1059562060769,5.398894594369643,5.667731581211693,5.908767625579917,6.118671422393485,6.294534260753483,6.433915618158222,6.534879972898872,6.59602500938133,6.616501482838814,6.619125855982631,6.626972362222853,6.639961797419019,6.657964247237098,6.680802138508351,6.708254342794859,6.740061178491274,6.775930132833427,6.815542111302393,6.8585580187566855,6.904625482904275,6.953385544502139,7.004479157675093,7.057553365691677,7.1122670403621,7.168296095270261,7.225338103132482,7.283116264994936,7.341382693488475,7.399920984066037,7.458548057443157,7.517115263908951,7.575508746434387,7.6336490652529365,7.691490092462299,7.749017191734374,7.806244705819554,7.863212783374588,7.91998358659685,7.976636931471884,8.007894662129841,7.977669306085528,7.8816300027319794,7.733406220492587,7.55227062943528,7.353077520242974,7.1453067519854265,6.934909207108393,6.725812810635124,6.520786957789811,6.321901917012683,6.13077088746457,5.948677954824274,5.7766453797458786,5.615468505530361,5.465734148587124,5.32783197976642,5.20196485651476,5.088161789867338,4.986295538731,4.896105452030524,4.817225070844427,4.749213187815036,4.69158658036744,4.6438524937349825,4.605539104165583,4.576222551770154,4.555549583259698,4.543255278763142,4.539175672982065,4.530587642395215,4.504762016499117,4.461532945749343,4.400683909968029,4.322028849522328,4.22550977996575,4.111297946049716,3.9798853785298816,3.8321550439971577,3.6694202027122063,3.4934266498291886,3.3063148300780627,3.110542152962059,2.908769125520064,2.703716219554552,2.4980017961776118,2.293974913617124,2.093560132780495,1.8981337028919303,1.7084504216362684,1.5246364974876165,1.3462550096071757,1.1724378462637848,1.0020642565785292,0.8339556991514309,0.6670532266931201,0.500548339092391,0.3339491194911394,0.16707678832483738,-2.899431364006268e-7,0.2394310586008653,0.47650027946300305,0.709336706889431,0.936964865604762,1.1595262333525267,1.3782345041512047,1.5950393176250302,1.8120609369866814,2.030942630825458,2.252308489479886,2.475485882722572,2.6985637775176166,2.918754276951206,3.132950415796766,3.338350578158871,3.533097689515776,3.709787916764636,3.886407773837094,4.048656236521073,4.203585998799665,4.353959989053682,4.502142334939129,4.649737737738569,4.797400566181003,4.944911212009108,5.0914823799747335,5.236180935746482,5.378317765759982,5.51767231999919,5.654471256752266
1.6976640728975973e-7,0.057335523393676494,0.12477214733603192,0.20999073828768472,0.31770680094077397,0.4504206668473449,0.6092566938650634,0.7944762682789628,1.0057213410103534,1.2421110567142941,1.5022726118294627,1.7843496022953864,2.086009441647807,2.404460099514397,2.7364804032869428,3.078464802487818,3.426481554617039,3.776342159492705,4.12367925383653,4.464029921445737,4.792921380122701,5.105956206076931,5.398894594369661,5.6677315812117115,5.908767625579937,6.118671422393504,6.294534260753504,6.433915618158239,6.534879972898892,6.596025009381352,6.616501482838832,6.614778551051651,6.609624334272858,6.60108230540289,6.589224047524439,6.574147961721975,6.555977488989562,6.5348588773143605,6.510958534015343,6.484460012365631,6.4555606902947344,6.424468207341816,6.391396733735919,6.356563152167753,6.320183238094716,6.282467927857832,6.243619765061019,6.203829614178872,6.163273725911375,6.122111231209104,6.080482130127598,6.038505827909085,5.996280254308577,5.953881583761089,5.911364554280162,5.868763362867966,5.826093095653113,5.783351632898755,5.740521953305516,5.697574749397317,5.654471256752275,5.609325556824027,5.560773613557238,5.509519361114459,5.456216680974658,5.401467090575327,5.345819914666875,5.289774529772523,5.233784149219317,5.178260538066002,5.1235790227348055,5.07008319326407,5.018088785273789,4.9678863666501085,4.919742627915276,4.873900268211949,4.830576660952124,4.789961653800596,4.75221498752155,4.717463891680302,4.685801422239961,4.65728604380808,4.631942832631124,4.609766498133292,4.5907262102702955,4.574772001316644,4.561842309895805,4.55187207664023,4.544800704639787,4.540579176136247,4.5391756729820685,4.5304902491680625,4.504380854099508,4.460706264143399,4.399289054700219,4.319994041205311,4.222822532570344,4.108009743706731,3.976112482793932,3.8280754801438306,3.6652670627589283,3.4894778647242877,3.302879538352051,3.1079437797947898,2.9073253498381915,2.7037162195545767,2.4996815886860544,2.2974922614182334,2.0989713164445924,1.9053752297620337,1.7173291231771874,1.5348310565385122,1.3573305468865708,1.1838729711228664,1.0132875934847272,0.8443871769084382,0.676144952829825,0.5078207123332455,0.33901948771667456,0.16967977230747233,1.6976640728975973e-7,0.4461859130627707,0.9053929534232484,1.3889501354272251,1.9051202785301986,2.458237928441738,3.0483832286416317,3.67149370694978,4.319780380544877,4.982339618561643,5.645893144144178,6.295617870209976,6.916038727820735,7.4919560019216895,8.009370803597879,8.456363438570742,8.82387263213339,9.10632021210398,9.302026323906741,9.413364627415342,9.446615621456509,9.411490711250508,9.320322860222655,9.18695580133987,9.025415799905803,8.84851457688369,8.66659360481893,8.48665221797381,8.311906034828432,8.142725125641855,7.976636931471887
-5.829798575101902e-7,0.06085242288855851,0.14878393912578947,0.2769512418643468,0.4485674524158395,0.6627945694467453,0.9171146721736206,1.2081313090961219,1.531898718197741,1.8841076946356832,2.2602199780139083,2.65557684387515,3.0654883695365682,3.485304384292702,3.9104671535513,4.336546499916999,4.759259265322171,5.1744762692909845,5.578220927862084,5.966664278398055,6.336121202556012,6.6830521296602,7.004073492199662,7.295978820358259,7.555770778612027,7.780702861310093,7.968328065076771,8.116550800452679,8.22367770010262,8.288462875075767,8.310143556008713,8.307716721721567,8.30045017402332,8.288385579574369,8.271591723192591,8.250163529436891,8.224220714787151,8.193906092252794,8.15938355626947,8.12083578157331,8.078461675289716,8.032473626631429,7.983094603241173,7.930555147189172,7.875090326781412,7.8169367024776495,7.756329366186411,7.6934991128336945,7.6286698012584635,7.562055958071399,7.4938606730801895,7.424273828256526,7.353470694094833,7.281610917768699,7.208837916987827,7.135278682227654,7.0610439784381835,6.986228925869759,6.910913928729948,6.8351659104449904,6.759039805742602,6.679884893874715,6.595665301423277,6.507348969833412,6.415890044402765,6.322214364219772,6.2272061393531635,6.131696320867222,6.036453119249187,5.942175044109085,5.849486723604891,5.75893762048858,5.671003601172106,5.586091146262446,5.50454382935963,5.426650550012704,5.3526548999689325,5.282764979815424,5.2171629722643456,5.1560138203324755,5.099472450351916,5.047689113707334,5.000812586663655,4.958991151542293,4.9223714703715595,4.891095639004374,4.865296860883577,4.8450942916696995,4.830587667695743,4.821852335232106,4.81893524142792,4.808638736364127,4.7778042397723235,4.726605433844126,4.655359147531411,4.564561693128052,4.454930965041034,4.327446883115908,4.1833823165280775,4.024317057288305,3.852128638375163,3.66895568720758,3.477131957547117,3.2790921156430395,3.0772537189884583,2.8738835313024635,2.670960124828086,2.470048093912648,2.2722012211280465,2.077911396042251,1.8871159142894545,1.6992677160170728,1.513462314973118,1.3286042305737484,1.1435878680030556,0.9574653775615749,0.7695775172817813,0.5796313985098067,0.38771861449232914,0.19427622744179857,-4.0803067615411473e-7,0.06444053188618669,0.15857207482227972,0.2963659179194807,0.48085656664169574,0.7107153831204148,0.9828037428782562,1.2930365356655114,1.6367597341078515,2.008988924225571,2.404603771991352,2.8185245864124298,3.2458769374708694,3.6821437111304522,4.123301474391757,4.565936725318361,5.0073366436430975,5.445548166673758,5.879398739544821,6.3084722473118555,6.733034823389067,7.153907801467367,7.572289209971888,7.989530730074758,8.406883322387616,8.82523069592041,9.244834113920625,9.665113489734686,10.084487648845457,10.500291177931906,10.908777428507744
-5.273037493490413e-7,0.4805163261205277,0.9572099824379042,1.4272952946255795,1.8899251521441298,2.346814613508362,2.802442984730701,3.263719938365241,3.7390847933261666,4.237147633274917,4.7651333761225,5.327476776971626,5.9248777225705425,6.553976031002667,7.207624941719709,7.875616212776884,8.545667747229928,9.20450541698718,9.838915872602154,10.43668922518135,10.987399385716357,11.482986548278015,11.918115845522545,12.29029371040435,12.59973291724581,12.848971366412083,13.042269801540273,13.184839343107852,13.28197788535292,13.338218869326548,13.356608355606706,13.353315504303806,13.343445981672849,13.327026830957085,13.304102955874297,13.274736869059906,13.239008341833358,13.19701395722644,13.148866568756404,13.094694667962775,13.034641664254467,12.968865081131566,12.897535673352404,12.82083647011015,12.738961749763751,12.65211595213339,12.56051253482051,12.464372780444032,12.363924562097438,12.259401074722883,12.151039540464662,12.03907989640437,11.92376347338701,11.805331674917952,11.6840246653383,11.560080076664928,11.433731743602007,11.305208476286921,11.174732880315055,11.042520233484522,10.908777428507742,10.786351262855852,10.693059674402676,10.63429678533641,10.611095567035504,10.620280259370414,10.656448669068297,10.714053511482225,10.788490436733943,10.876304557683493,10.974990558919469,11.082701265146232,11.197989642140374,11.319612960301884,11.446394638304552,11.577132265160712,11.710541310503158,11.845226469308935,11.979674601781122,12.11226456631672,12.241290066134559,12.36499214475521,12.48159832657857,12.58936569986035,12.686625527140016,12.771827259171236,12.84358012279728,12.900690744356822,12.942195550568632,12.967386953022853,12.975832568179891,12.969028584200888,12.947218025276035,12.90637152112141,12.84030022404429,12.74135582389741,12.60125573622734,12.411926853309676,12.166277819741499,11.858836756392858,11.486219765591123,11.047419589885717,10.543921195215944,9.979662036797237,9.360860723797469,8.695740266313175,7.994172267642322,7.267267052962766,6.526932128430884,5.785417565830132,5.054861723584505,4.346843830889964,3.671941041788573,3.0392765487857605,2.4560332956421194,1.9268990519459106,1.4534148326259344,1.0332439946967416,0.659496139385578,0.3204294067703202,-5.273037493490413e-7,0.28924532369618094,0.5740473906767055,0.85046375068365,1.1154899921234582,1.36737341536485,1.6057525810457929,1.8315911566400456,2.046906188975297,2.254334099391805,2.456622765684537,2.656167253500038,2.854701976225105,3.053217646293568,3.252101463409638,3.451430969915188,3.6513108037530526,3.8521379626854872,4.054711482604834,4.260154917498183,4.469680011812592,4.68427133301018,4.904398387501553,5.129853113503717,5.359767652082005,5.5928047471653075,5.827453606274404,6.062327612514888,6.296357021534416,6.528798934943352,6.759039805742603
-4.0803067615411473e-7,0.06085242288968357,0.14878393912612223,0.2769512418645681,0.44856745241602597,0.6627945694469124,0.9171146721737837,1.2081313090962211,1.531898718197849,1.8841076946357667,2.260219978013989,2.6555768438752456,3.065488369536655,3.485304384292797,3.910467153551385,4.3365464999170875,4.759259265322254,5.174476269291078,5.578220927862177,5.966664278398145,6.336121202556102,6.683052129660283,7.004073492199751,7.295978820358347,7.555770778612107,7.780702861310174,7.968328065076849,8.116550800452764,8.223677700102694,8.288462875075846,8.310143556008779,8.311821599169702,8.316828423755094,8.325082832045045,8.336451859627052,8.350754237874892,8.367765076440845,8.387221612844657,8.408829848334781,8.432271870834517,8.45721365696855,8.483313145122679,8.510228378854992,8.537625533011749,8.565186651724929,8.592616946265403,8.619651519908555,8.64606140528515,8.671658816284053,8.696301530991036,8.719896334321227,8.742401459201972,8.763827973941646,8.784240071551551,8.803754225201036,8.822537183693354,8.840802792874245,8.858807644173853,8.87684557081009,8.895241036042757,8.91434148636254,8.918587605144046,8.888458330068339,8.820499822673156,8.71543953728739,8.57803596269962,8.415102808941308,8.233436941936677,8.038740854034153,7.835426407918605,7.6268236060965595,7.4154787249393515,7.203416492983245,6.992337656155622,6.783756834428942,6.5790928406694515,6.379722763145495,6.187008737785672,6.002304341054844,5.8269462133694585,5.662235734272047,5.509415096268588,5.3696417610753295,5.243964857526933,5.1333064608293775,5.038449801066042,4.960035289173909,4.898563924912749,4.8544063621034335,4.827814905535635,4.8189352414279245,4.80863873636412,4.777804239772316,4.726605433844119,4.655359147531397,4.564561693128042,4.454930965041023,4.327446883115897,4.183382316528073,4.024317057288291,3.8521286383751456,3.6689556872075615,3.477131957547099,3.2790921156430097,3.077253718988433,2.873883531302436,2.670960124828062,2.4700480939126184,2.2722012211280047,2.077911396042219,1.8871159142894216,1.6992677160170402,1.5134623149730675,1.3286042305737096,1.1435878680030074,0.9574653775615226,0.7695775172817345,0.579631398509741,0.3877186144922136,0.1942762274416053,-5.829798575101902e-7,0.42603606966371305,0.8735977236779071,1.3606570989500095,1.8992058439987995,2.4943472151959964,3.144571469703422,3.8426491089564516,4.576726394669499,5.331432747755353,6.088955896870442,6.830098396941321,7.535334783662658,8.185873098608948,8.764704437774858,9.257606479558318,9.654053730775171,9.94797842471963,10.138320591949917,10.22930248136852,10.230360408618772,10.15566737465103,10.023187877704462,9.853234539126907,9.66656313395561,9.482163604646992,9.31506795679813,9.174637033505165,9.063798203806812,8.979506523440422,8.914341486362543
1.5688438223278085e-7,0.5190991215970464,1.0352055399473579,1.5459373521026114,2.0500443280010896,2.547753384400709,3.0408659642596603,3.532561581787545,4.026906769061546,4.528128079962216,5.039767288497424,5.563874613190532,6.100393593551313,6.646847091479135,7.198364730872939,7.748023849753327,8.28742887300854,8.807434147614709,9.298917082801472,9.75352171435261,10.164308960047697,10.52626423987798,10.83662478599599,11.094999096243125,11.303261881610984,11.465222043578327,11.586080697878792,11.67172153933579,11.727904692956873,11.759461789864348,11.76960546790859,11.765915209282051,11.754856004668717,11.736462492291626,11.710792151022163,11.677924924597576,11.637962698471016,11.591028632258606,11.537266351624092,11.476839004335103,11.409928186143075,11.336732743079791,11.257467457730764,11.172361628037423,11.081657548192954,10.985608902227986,10.884479081922505,10.778539441720774,10.66806750435266,10.553345131860908,10.43465667767902,10.312287136275087,10.186520307645898,10.057636994583788,9.925913251115436,9.791618700798486,9.655014943635974,9.516354070227331,9.375877301458914,9.233813771725956,9.090379473949067,8.977099301064916,8.93275350955322,8.952906959759336,9.014779080075833,9.100214334893725,9.199739580767874,9.308978357706746,9.425966174989096,9.549806273859835,9.680019769264874,9.816217511073912,9.95792734189195,10.10450365157566,10.255085366685348,10.408585182913887,10.563700160205677,10.718937183149215,10.872648517631243,11.023073733894021,11.16838501751473,11.306733507457245,11.436294832697422,11.555312474626527,11.662137960066199,11.755267189712907,11.833372434588684,11.895329698252493,11.940241256973799,11.967453265874827,11.976568367143729,11.956892751761979,11.897409405301802,11.796824829068868,11.653225853759945,11.464408377125068,11.228274056355117,10.943245539503963,10.608652330943878,10.225046710895102,9.794419896179773,9.320300552430398,8.807729146523059,8.263111498541441,7.693962937607902,7.108560822338626,6.515528253581558,5.9233760849345165,5.340034271162918,4.772407367486143,4.225992210515154,3.7045971374546784,3.2101990587823095,2.742964120199593,2.3014372527519558,1.882876641189484,1.4836774190074393,1.0998056710910824,0.7271599369296162,0.36179733083780635,3.066456905168449e-7,0.061925143609964754,0.1276809365443283,0.20073829345791547,0.284157518193498,0.38085134777887164,0.4939042459793747,0.626679735371905,0.7826180692110554,0.9648200635851364,1.1756142053572811,1.4162736701246725,1.686936606921859,1.9866823608385262,2.3136858506918063,2.6653984268279043,3.0387407709647056,3.4303118413293543,3.8366111234240465,4.254611927896795,4.6804966516594435,5.112569788180113,5.548808592814345,5.988031556871628,6.429582353394889,6.873111339908494,7.318279866699956,7.7644207995244034,8.210194549873055,8.653336379896585,9.090379473949058
3.066456905168449e-7,0.060278891242996076,0.12843510912981168,0.2112826316137254,0.31413036950016626,0.44090339484098173,0.5944253771441189,0.7766177680949549,0.9885801094958695,1.230597177132108,1.502121712566871,1.8017641963601876,2.12730548593171,2.4757379490299303,2.8433347998377165,3.2257440905295036,3.618102123202354,4.015160290159092,4.411419186346151,4.801264089745232,5.179096474405512,5.539457037328678,5.8771367209369165,6.1872733284154116,6.465432482755319,6.707672788850327,6.910596038107751,7.071384070343106,7.187824417167656,7.258327056742132,7.281934502985712,7.28364254729111,7.2887461461450025,7.2971841862278035,7.308856425880355,7.323625861929421,7.341321938444617,7.361744499695415,7.384668370943386,7.40984843775684,7.437025087339194,7.4659298735372985,7.4962912700054645,7.527840382477184,7.5603165001675645,7.593472376944777,7.627079144132423,7.660930767889522,7.694847974542779,7.728681576736748,7.762315141775806,7.7956669512172,7.828691207966771,7.86137845428688,7.893755171788682,7.9258825432155895,7.9578543661737156,7.989794121375363,8.021851212704576,8.054196413439568,8.087016571575175,8.088752420786896,8.015794657135606,7.875408682341116,7.693245987678318,7.49031926713361,7.278883821846858,7.065956803128568,6.855932365345913,6.65185585876953,6.456006169613792,6.270162165469908,6.09572302769887,5.933759028410912,5.785029857525512,5.6499904376276415,5.5287960035423085,5.421313618040938,5.327144036687555,5.245655133235171,5.176025810614602,5.11729757498396,5.068429903566828,5.028355261670595,4.9960300529173995,4.970478733233597,4.950829533020688,4.936341456958855,4.926423251225162,4.920645697689658,4.918748851313907,4.9112370088312485,4.8883752485732135,4.849241373357753,4.792477605199111,4.7165296945126345,4.619929304121582,4.5015810846826,4.361019037526829,4.1986039388530605,4.0156420908583605,3.8144131056519766,3.598098536564589,3.370599848121101,3.1362149162156108,2.8991257343450996,2.6628499993972534,2.4302015420062375,2.20358661240182,1.9849233568101543,1.775386732829422,1.5752780401172262,1.3840516283342936,1.2004731946407277,1.0228727016737316,0.8494399420994106,0.6785031490219099,0.5087385904038746,0.3392793047362709,0.16971553359495506,3.434150633900288e-7,0.4585169624494986,0.9254501138815197,1.4086142028580426,1.9145651310172638,2.4479019678447065,3.0106186785741005,3.601618271002908,4.21647378175167,4.847474675512013,5.483958456384984,6.112901010467114,6.719721245810012,7.289241943905095,7.806738344510058,8.258999496358792,8.635325409945084,8.92838531310452,9.134867836741384,9.255861432989974,9.296911804454624,9.267713003773316,9.181403220141602,9.053462028231241,8.900253222601016,8.73733443928223,8.577755609230325,8.430659024765886,8.30051909333922,8.187202441488195,8.08701657157518
3.434150633900288e-7,0.06027889124273326,0.12843510913012485,0.21128263161395058,0.31413036950039486,0.44090339484122365,0.5944253771443515,0.7766177680951871,0.9885801094961039,1.2305971771323307,1.5021217125670914,1.801764196360402,2.127305485931918,2.4757379490301292,2.8433347998379097,3.22574409052969,3.6181021232025357,4.015160290159267,4.411419186346322,4.8012640897453975,5.1790964744056724,5.539457037328833,5.87713672093707,6.187273328415561,6.465432482755465,6.707672788850472,6.910596038107895,7.071384070343248,7.187824417167797,7.258327056742272,7.281934502985851,7.280058891905956,7.27444487971745,7.265130690230841,7.252179236866739,7.235676950312612,7.215732171233944,7.192473141748528,7.166045638543882,7.136610299252774,7.104339701811065,7.069415263772823,7.032024034679195,6.992355459270664,6.950598192282594,6.90693704646818,6.861550154077938,6.814606418081538,6.766263322828172,6.716665164602196,6.665941750775369,6.614207602265502,6.561561678205609,6.508087624660189,6.453854531548953,6.398918164367527,6.343322620562757,6.287102345227647,6.230284427754911,6.172891090741639,6.114942275147117,6.0571648573934604,5.995906416524986,5.9320337053011105,5.8663497778372475,5.7995943610941145,5.732446974011979,5.665531934290269,5.5994242625524135,5.534655444629205,5.4717180595833375,5.411068432841299,5.353126729417494,5.298274246509854,5.246848066007854,5.199133638906159,5.155356239225933,5.115672488957244,5.080163273224936,5.048829313397838,5.021590450175259,4.998289341442818,4.978699853126953,4.962539973091781,4.949488656835198,4.9392056508918625,4.931353053000876,4.925617170914726,4.9217291512697185,4.919482883748881,4.9187488513139215,4.91022698074325,4.884485558808647,4.841030411103655,4.779143960614413,4.698028429422763,4.596977723450674,4.475555759527372,4.333759668928483,4.172149626481738,3.9919320585172273,3.7949890345070094,3.5838542444537356,3.3616487240173685,3.1320166232881443,2.899125734345112,2.667607966059911,2.4419384203058385,2.2254919393051393,2.0200809433087863,1.8258802942487005,1.6415381720481597,1.464487656830363,1.2914456629590938,1.1190082096726315,0.9442159302588701,0.7649815696936486,0.5803215683391579,0.3903866330594527,0.19632164486820514,1.5688438223278085e-7,0.258809352947657,0.5136685264131455,0.7613756782797811,1.0001146927809113,1.2298450866144228,1.4523082870544186,1.6705853949554113,1.888278130730406,2.108528809709874,2.3331670039775223,2.5622240523458903,2.7939201687374964,3.0250797169103634,3.2518303586354556,3.4704064959227745,3.6778896983905978,3.872755617158355,4.0551464985138095,4.226483807902084,4.390602381294922,4.550432113373407,4.7098613292977225,4.871932940626329,5.03860879309821,5.21061152639159,5.3875391848937015,5.568170720655756,5.750832313403158,5.933697973748304,6.114942275147105
1.1791975988458426e-8,0.05442613832103038,0.1317319167504058,0.24352789244653583,0.393023789876583,0.5798654524223363,0.8022011736189272,1.0573929066721948,1.3422963569069788,1.653406646256928,1.9869572206277124,2.3389986219349996,2.705465270531817,3.0822326257143415,3.465165451194798,3.8501577304735775,4.233165107123746,4.610231176950038,4.9775093439183005,5.331282169265221,5.667980144794016,5.984201597903555,6.276735011284783,6.542584465026889,6.7789982521842935,6.983500058521337,7.153921509620115,7.288434439588546,7.385580973167872,7.44429946275014,7.46394448551461,7.461885893464147,7.455720640152925,7.445480169738782,7.431216475954787,7.413001487039095,7.390926214141142,7.365099672829211,7.335647590232214,7.3027109133471715,7.266444137125064,7.227013474085464,7.184594890359052,7.139372036152132,7.091534101580889,7.041273631529222,6.9887843355169865,6.934258930387159,6.877887054783393,6.8198532947479285,6.76033535918606,6.699502442300789,6.637513807315293,6.574517621827211,6.510650069987301,6.446034760432804,6.380782441660975,6.314991028491416,6.24874593468129,6.182120697914409,6.115177874604728,6.045358287382855,5.970622187506244,5.891797418607444,5.809693771424744,5.7250921473539425,5.638735554125716,5.551322216490455,5.463500972298924,5.37586899863019,5.288971782040308,5.203305121138505,5.119318838278509,5.037421788997191,4.957987699788143,4.881361340926798,4.807864552225514,4.737801683470759,4.671464082838316,4.609133358798789,4.5510832458770585,4.497580013937519,4.448881466838437,4.405234672829912,4.366872650773148,4.33401029931156,4.306839897969435,4.285526528382114,4.2702037601304905,4.260969919664336,4.257885214347139,4.250539342148934,4.228357827626459,4.190937666246648,4.137698611929946,4.068006437801977,3.981320455978679,3.8773457501715844,3.756171058861332,3.618375970755728,3.4650951399281,3.298031736645332,3.11941673190876,2.9319146278992094,2.738479984695315,2.542172906822096,2.345946013347597,2.152420658968267,1.9636760702479457,1.7810802699418395,1.6051934339633573,1.435769114283631,1.2718642220553098,1.1120463441154576,0.9546634409404928,0.798125348734042,0.6411451403487968,0.48290096117026926,0.3230991791113241,0.16193979935782996,1.555826854268944e-7,0.40536347479460205,0.8249736073176008,1.2712540765457427,1.7533595229706807,2.276308078849698,2.8406828830859934,3.4427726888885197,4.075009665298216,4.7266039130862305,5.384316215901343,6.033331897218426,6.658201171567912,7.243804381402305,7.776292145372289,8.243945396100246,8.637900280349015,8.95268778891639,9.18654672099584,9.34147994091884,9.423037080896997,9.439822096820878,9.402742890639447,9.324044992123323,9.21620381740099,9.090788390416208,8.95744465733762,8.823161988176473,8.691963737489399,8.565093981843473,8.441671214449055
7.548939090831401e-8,0.05442613832126595,0.13173191675054022,0.24352789244647738,0.3930237898766405,0.5798654524223663,0.8022011736189338,1.0573929066722234,1.3422963569070079,1.6534066462569508,1.9869572206277406,2.338998621935009,2.7054652705318314,3.0822326257143615,3.4651654511948062,3.8501577304735797,4.233165107123747,4.610231176950046,4.977509343918302,5.331282169265223,5.667980144794019,5.984201597903556,6.276735011284789,6.542584465026893,6.778998252184297,6.98350005852134,7.153921509620117,7.288434439588535,7.3855809731678725,7.444299462750165,7.463944485514606,7.465883228304162,7.471678340851031,7.481266997099339,7.494546205626549,7.511375321094278,7.531579431393158,7.554953501004356,7.581267129327639,7.610269768512568,7.641696238765016,7.675272379684073,7.710720682950234,7.747765763370534,7.78613954049344,7.825586020363022,7.865865585257478,7.90675871744681,7.948069100367127,7.989626056676127,8.031286297202778,8.072934967820743,8.114485992902395,8.155881724494488,8.197091915996873,8.238112048225888,8.278961044572634,8.319678420725568,8.36032092322533,8.400958719957378,8.441671214449054,8.468480727050846,8.46265300917113,8.41820806763194,8.332753898692644,8.208908248154605,8.053125049765761,7.873156866585347,7.676142120384099,7.467877837618484,7.252825578346155,7.034368781230128,6.815088280377485,6.596986932417248,6.381659213761647,6.170418526033495,5.9643952964724205,5.764615324361332,5.572064106966179,5.387739939751586,5.212696414080237,5.048073363980175,4.895114229212432,4.755167201594368,4.629667518382375,4.520099063146482,4.427935243662354,4.354562008768144,4.301189566434382,4.268763090700679,4.257885214347148,4.250539342148936,4.228357827626461,4.190937666246644,4.1376986119299435,4.068006437801985,3.9813204559786852,3.8773457501715938,3.756171058861342,3.6183759707557352,3.465095139928105,3.2980317366453358,3.1194167319087676,2.931914627899212,2.738479984695318,2.542172906822082,2.3459460133475827,2.1524206589682437,1.9636760702479352,1.781080269941819,1.6051934339633356,1.4357691142836009,1.2718642220552885,1.112046344115448,0.9546634409404848,0.79812534873402,0.6411451403487585,0.4829009611702486,0.3230991791113114,0.1619397993577849,1.1791975988458426e-8,0.23658829160452546,0.4707140923378335,0.7004995198447997,0.9250896625455776,1.1448231807275933,1.3610691648815183,1.575752421712125,1.7906927243281292,2.0069608043460003,2.2244601465162974,2.441866885684552,2.656936565538029,2.8670746486000667,3.070006686091762,3.2643777370639473,3.450141842648762,3.6286542003385436,3.802443029057314,3.9747107468530203,4.148684796129594,4.326986122015859,4.511183228763235,4.7016415431406084,4.897679457088999,5.097944182825373,5.300861175091988,5.505006484977604,5.709293225412827,5.912929894275,6.115177874604726
1.555826854268944e-7,0.43461359114038073,0.8685155702353977,1.301502096953959,1.7342982405502716,2.1688123743525063,2.6081604342061557,3.0564282194870698,3.518187136076729,3.997833794091842,4.498869770329271,5.0232557866106875,5.570955377305177,6.139734365750145,6.7252241294792805,7.321208971818674,7.920071448264117,8.513323427177975,9.092157849664314,9.647968917731323,10.172801728493042,10.659704106725455,11.102963463545283,11.498220653051433,11.842461788128691,12.133898223525414,12.371754292247783,12.555991192768905,12.687002489711903,12.76532057761018,12.79137285872338,12.788358054273246,12.779320872734653,12.764282971180162,12.743280317044048,12.716362997255,12.683594952347919,12.645053636882022,12.600829607873504,12.551026043332383,12.495758193377295,12.435152766785388,12.369347256220003,12.298489205765092,12.222735424779572,12.14225115247102,12.057209177967936,11.967788921048545,11.8741754790534,11.776558645870004,11.675131909223309,11.57009143283513,11.461635030319467,11.34996113795623,11.235267793724853,11.117751630174256,10.997606888849262,10.875024464076644,10.750190983928185,10.623287936115982,10.494490846425245,10.3732600664467,10.27519726856202,10.208582877184066,10.178035914719183,10.183051849667196,10.219136793091288,10.28030842666192,10.36097673436521,10.456645685852319,10.56388995291893,10.68008989339165,10.803159093657277,10.93133404368891,11.063029983332209,11.196749427349872,11.331028871378734,11.464412185305004,11.595442329689154,11.722665433453853,11.844642966924093,11.95996892217615,12.067289740783698,12.165325324199932,12.25288989867985,12.328911831550585,12.392451738888685,12.442718406814091,12.479082184666487,12.501085609862606,12.508451100462885,12.491060659568282,12.438311536658954,12.348546338719444,12.219245926913711,12.047360647559922,11.829713763966403,11.56343051973694,11.246348039941786,10.877368522666515,10.456728526368702,9.98616837367599,9.468996117529741,8.910049209116204,8.315563613952884,7.692964658040827,7.050596533065181,6.397408359440396,5.742614167388254,5.095342221300462,4.464285868414866,3.8573636843608097,3.2813914826301884,2.7417636432119323,2.2421381029578846,1.7841217596332575,1.366966271931226,0.9873134988647827,0.6390738461473232,0.31356083774105004,7.548939090831401e-8,0.05720019236084109,0.13713663007563023,0.2518773055534437,0.40521198932114505,0.5972882213305827,0.8267109072782743,1.091279944419032,1.3882733137123213,1.7145900626632578,2.066852655867976,2.441501795263012,2.8348949847718923,3.2434115916398625,3.663562793323279,4.092101844786942,4.526127790309123,4.963173998059224,5.401271903899547,5.83898040190529,6.275372699354127,6.709975349533675,7.142658565791171,7.573482477956247,8.00251003479281,8.429602794786547,8.8542197689551,9.275240834481963,9.690834547919799,10.0983856351106,10.494490846425231
3.3961681959290355e-7,0.0754161455662009,0.15710921124928773,0.2513173494735604,0.3641028691849355,0.5011044525691608,0.6672454562901833,0.8664751809933924,1.1015832109415258,1.3740910399087654,1.684209552949563,2.0308497037942996,2.411676963148591,2.823202751759919,3.260907107487936,3.7193867777586944,4.1925224461778186,4.673658346036683,5.155787321001193,5.631734562178696,6.094333797244556,6.536590598397948,6.951828645712461,7.333816141108436,7.676871008826182,7.975944924454674,8.226687469203842,8.425492702016921,8.569531093213689,8.656770015167115,8.68598582342857,8.688940871486736,8.69776886626073,8.7123593372433,8.73253138668349,8.758038384912505,8.788574285420575,8.823781323914275,8.863258827389961,8.906572838055991,8.953266252123264,9.002869183006242,9.054909279286239,9.108921756338717,9.164458933254986,9.221099100402366,9.278454575097006,9.336178831599181,9.393972615942028,9.451588975642323,9.50883714938459,9.565585273047985,9.621761867019643,9.677356076874123,9.732416646554787,9.787049611527898,9.841414710253432,9.895720526803908,9.950218396346623,10.00519512886103,10.060964634657038,10.075226759053326,9.991107055721697,9.81929819763056,9.594802669022586,9.345451377707189,9.086945067391694,8.82790664895005,8.573462460297272,8.326960810670332,8.090755610935242,7.86656924770509,7.655663357677576,7.458919978807492,7.276882439150724,7.109781891853027,6.957563795636396,6.819921790097219,6.69634161505385,6.586154094342731,6.488593610118699,6.402857015482995,6.3281576077221136,6.26376949724214,6.209059194265931,6.163503144342732,6.126691912124277,6.0983234289577695,6.078188955321003,6.066156027749913,6.062152614255723,6.051540974712854,6.019484752642097,5.965366070367795,5.888301673889566,5.78733999578502,5.661696118880724,5.510992917307052,5.335477613355382,5.136187429351159,4.915043974270498,4.674859971393035,4.419232935903315,4.152253423643143,3.8779692766182694,3.6000082397528383,3.321723412650287,3.046235643012912,2.776195552148121,2.513542225074029,2.2593587075630133,2.0138386582588135,1.7763661155404942,1.545697274127949,1.3202147265552666,1.098208900402683,0.8781356379400046,0.6588057826873731,0.4394796825040654,0.21986062539320572,3.3961681959290355e-7,0.3391123001371911,0.6705208772096894,0.9878778394233052,1.2873728151017656,1.5685276758912865,1.8343719688506308,2.090826402750196,2.3453002324919745,2.604794058647509,2.874066541059983,3.1544692383474056,3.4437927293097115,3.7370575469742784,4.027881317921692,4.309976762360417,4.578422923355111,4.830490404232679,5.0659248879037655,5.286693422289555,5.496281114983084,5.698750158533178,5.897725668617041,6.095669301376786,6.2935356051945215,6.4909098269553915,6.686518777463477,6.878908814153435,7.067049787175366,7.250666084386,7.430190920553873
8.030234439709137e-7,0.07541614556916569,0.15710921125080898,0.25131734947464945,0.364102869185539,0.5011044525695477,0.6672454562905579,0.8664751809936473,1.1015832109417782,1.374091039908944,1.6842095529497356,2.030849703794451,2.411676963148716,2.8232027517599847,3.260907107488024,3.7193867777587704,4.192522446177882,4.673658346036742,5.155787321001253,5.631734562178753,6.094333797244605,6.536590598397991,6.9518286457125065,7.333816141108484,7.676871008826211,7.975944924454717,8.22668746920388,8.425492702016964,8.56953109321373,8.656770015167147,8.6859858234286,8.68381068500729,8.677302984920038,8.666515534582174,8.65153524528111,8.632481487506189,8.60950383593793,8.582779242105621,8.552508688746084,8.518913391765869,8.482230627219716,8.442709271570106,8.400605153302683,8.35617632227637,8.309678349463073,8.26135977343232,8.211457810526666,8.160194442686825,8.10777298997203,8.054375263804129,8.000159381886055,7.94525830689449,7.8897791489711775,7.833803247528226,7.7773870219336185,7.720563554388294,7.663344842939218,7.605724639260091,7.547681765622779,7.489183789245157,7.430190920553872,7.368761390377332,7.30336910484863,7.235107606130147,7.16496635464711,7.093824183493322,7.022447998261558,6.951496258858552,6.881526474133924,6.813005699959075,6.746322883626814,6.681801858623517,6.6197138674802,6.560288666655132,6.503723524610656,6.45018973229923,6.399836569590861,6.352792976758196,6.309167435121454,6.269046739432549,6.232494428894633,6.1995496263985705,6.170226920897263,6.144517732463459,6.122393351160814,6.103809574284248,6.088712618120262,6.077045781887006,6.068756215713904,6.063801103287615,6.062152614255692,6.050823458970895,6.0167295542370764,5.959579473084776,5.878976558202627,5.7745394907854,5.646047311631807,5.493589762645267,5.317703674653482,5.1194782740660285,4.900616412647275,4.663446223127821,4.410898084804387,4.146519542461173,3.874597581194377,3.600008239752889,3.327465448474952,3.0608486575696436,2.802859482200967,2.554818865183138,2.316595045307939,2.0867155130976807,1.862676806849115,1.6414092961942113,1.4198091953094298,1.195234207780262,0.9658759369616555,0.7309599309530482,0.4907656060704033,0.24649039886851298,8.030234439709137e-7,0.07059265811938899,0.1468474113143642,0.2336944525088209,0.3350206611433296,0.4538333641985368,0.5926625158661991,0.7539425588768427,0.9402236603075098,1.1541694162423626,1.3983780204299507,1.675112651351533,1.9860315641021014,2.3319770475940236,2.7128477589502715,3.1275616816048584,3.5741109457755105,4.0497027157263705,4.550969562596436,5.074221766851366,5.615713781400255,6.1718556184034865,6.739413229869373,7.315562468247606,7.897871985787354,8.484168965482212,9.072314318797007,9.659916492629133,10.244024872512457,10.820861215011224,11.385599519096342
8.332041327336296e-7,0.6612887056513072,1.3219965125912185,1.9821263058728609,2.642716102066054,3.3060433588627935,3.975505586708427,4.655159320063755,5.348972471416159,6.059915648256893,6.789063506307915,7.534880085606182,8.292820875497787,9.0553155330498,9.812123634596118,10.551001681837855,11.25859060648354,11.921425855813748,12.526978210021493,13.064644457573406,13.526617488490961,13.908572879972414,14.210113583303164,14.434917527799115,14.590538134988437,14.687820062526185,14.739918790153657,14.760959449819525,14.764439178744707,14.761558253076213,14.759732612574028,14.755191272979971,14.741580031277135,14.718937135725483,14.687326057426347,14.646835078400688,14.597576719049878,14.53968700914524,14.473324607670405,14.398669778010934,14.31592322614536,14.22530481063852,14.127052134363105,14.021419028975107,13.908673944232802,13.78909825526763,13.66298450187838,13.530634574809477,13.392357864781092,13.248469390738318,13.099287924366848,12.945134128357301,12.786328726174442,12.623190721175202,12.456035682804478,12.285174117260082,12.110909939446907,11.93353906222858,11.753348117950228,11.57061332600865,11.385599519096345,11.240481838214262,11.190638327234227,11.228502911364053,11.322185644557598,11.446895918402406,11.589835125367735,11.745072576610317,11.90988926180144,12.082984331026793,12.263620303322192,12.451197107286788,12.645030829115436,12.844239191725613,13.047688439915476,13.253978747527576,13.461455278568463,13.668236807633859,13.872256296107917,14.071309275564534,14.263106840054826,14.445330724737982,14.61568845453555,14.771966937371502,14.912083185506422,15.034131098753823,15.136423451410437,15.217528401383467,15.276299991728722,15.31190224527453,15.32382656463679,15.305451809803857,15.249422511323553,15.153141739575178,15.01265807381204,14.823174743236477,14.579662782306006,14.277503320291743,13.913089146215174,13.48432932643524,12.991018450423836,12.43505019728633,11.820470854115268,11.153381046642057,10.441703119849484,9.69483771409256,8.923236669710148,8.137920969462169,7.349972388532134,6.570026156859784,5.807789488615171,5.071607562230339,4.368094801402469,3.7018456142809906,3.075235700195318,2.488323133793691,1.9388576442122052,1.4224056866201942,0.932595731778337,0.46148040505440496,8.332041327336296e-7,0.5991675533158309,1.2146037160650909,1.8607478905616925,2.5486118065129517,3.2845880219677586,4.069748193607309,4.899625148477649,5.764425110370687,6.649607489102663,7.536775273441519,8.404820859616136,9.231265313843098,9.99371712015641,10.671364788129269,11.246410246595355,11.705348466331817,12.040003073692597,12.248236406378007,12.334263554277094,12.308511886543343,12.186980745885402,11.990074682721817,11.740917949803015,11.463223240653022,11.178896109744562,10.905698687855457,10.655419711069174,10.433011766462352,10.236972946183784,10.060964634657042
-8.807797436273521e-7,0.0650748484938771,0.14666687502348008,0.2555684493025718,0.3966941880413008,0.5714211420075717,0.7793093079506266,1.0189414653829263,1.2882990438903328,1.584937935206598,1.9060795236381987,2.248663820370558,2.609384300727437,2.984713436509559,3.370923806734896,3.764108085301127,4.160200560614685,4.555002481532759,4.944213165836004,5.323468342230905,5.688386601165429,6.03462412772371,6.35793713192238,6.654250640049329,6.9197316285712365,7.150863926060626,7.344521922746991,7.498039940490607,7.609274140579439,7.676654079203289,7.699221442931335,7.702044130813759,7.710480038042438,7.724433424014849,7.743747123829042,7.768206063052339,7.797542006159163,7.831439380815824,7.869541993725008,7.911460438171376,7.956779988378781,8.005068780016925,8.055886087743595,8.108790527268292,8.163348028775049,8.219139448571509,8.2757677048603,8.33286434036854,8.390095428541674,8.447166750903687,8.503828181204982,8.559877217645436,8.615161608526199,8.669581020063795,8.72308769878686,8.775686085948385,8.82743134870287,8.878426803304986,8.928820220010703,8.97879901820569,9.02858438375143,9.054381746416002,9.02454885973826,8.934492936462547,8.791378400718713,8.609184570972852,8.40148715577577,8.178517089323899,7.947397615033125,7.713146304290944,7.479503431375728,7.249464617662118,7.025590955874361,6.810173540065606,6.605303699083595,6.412880707720593,6.234577999499514,6.071784139695205,5.925533336249627,5.796440010258172,5.68465133829071,5.589829610813364,5.511172264697534,5.447471880877048,5.397212339174583,5.358692053857056,5.330161897639478,5.309964512696942,5.296662904612865,5.289148716039485,5.286723474180664,5.273824816149707,5.2353636083770985,5.17203706324106,5.084983620078555,4.975747732047354,4.846230945925039,4.698629798067703,4.535361414654525,4.358978240767471,4.172074068480277,3.9771845063197038,3.7766862036596374,3.572700409636562,3.3670075971986186,3.160980596316168,2.955543561104514,2.7511627819706486,2.547872678134286,2.345336452202596,2.1429364564040148,1.9398852159776556,1.7353452164716372,1.528544624993898,1.3188771929607623,1.1059772627951014,0.8897643312287484,0.6704552443718231,0.44854531564802524,0.22476237165830626,-8.586743961046475e-7,0.4931194201295989,1.0061969137246003,1.5559984506626836,2.1537718164697357,2.804197876908686,3.5054728818537164,4.250088283597805,5.0259065678334,5.8172977710898355,6.606247421492842,7.373427073798066,8.099245949500762,8.764899134147134,9.353410577220416,9.850646972538987,10.246256423210568,10.534466429284446,10.714660900146473,10.791646868235473,10.775520114745408,10.68104878095051,10.526522955258116,10.332078472967995,10.117606948226431,9.900509612140487,9.693708343184994,9.504786631697263,9.333049470955578,9.17692236845442,9.028584383751417
-8.586743961046475e-7,0.5466414367763367,1.0913495609340744,1.6329731390011322,2.1717868434088525,2.7098676519168126,3.251100331611418,3.800760850153925,4.364708372957975,4.9483132891513115,5.555327434689953,6.1869270905769325,6.841114566286884,7.5125697010905,8.192939768985138,8.87148139233874,9.535934637241777,10.173509726636722,10.771884476121347,11.320131805707724,11.809514204978894,12.234094084117972,12.591116947223112,12.881131088211708,13.107816452273104,13.277510158201165,13.398440450419969,13.4797164464663,13.530165884924264,13.557158674425544,13.565585289432631,13.561857896355175,13.550686051236735,13.532100692013955,13.506153167700319,13.47291491870561,13.432477032557433,13.384949678284316,13.330461423627277,13.269158440138206,13.201203602091983,13.12677548598138,13.046067278173522,12.95928559907911,12.866649252913948,12.7683879128096,12.6647407516503,12.555955029566448,12.44228464949501,12.32398869261331,12.201329945756537,12.074573433131109,11.943984964726464,11.809829713797257,11.672370835627934,11.531868139494579,11.388576825298166,11.242746295754268,11.094619054285273,10.944429697871692,10.792404013084155,10.659620998659255,10.575948578560979,10.547838929588956,10.569981762099232,10.630261694060591,10.716988021984033,10.821840539970509,10.939627944524391,11.067270071607611,11.20294113794464,11.345495437958771,11.494102490217024,11.648015820009885,11.806426221810266,11.968371111968088,12.13268386205725,12.297973544226103,12.462628767587404,12.624840787683576,12.7826417264733,12.933954045875788,13.076647633486655,13.208601102924257,13.327764219712245,13.432218729605303,13.520235264525223,13.590324403705281,13.641280351636379,13.672216046039342,13.682588823148643,13.670008636541295,13.631278437034421,13.563544569172885,13.462418306754339,13.322471987083087,13.13783678766542,12.902830894333045,12.612553103821856,12.263391137500848,11.853411387980504,11.382613661757222,10.853048474848702,10.268804806669635,9.635883068592584,8.961971970966534,8.256149606643117,7.528528912079699,6.789866039978224,6.051147248474053,5.323165770367402,4.61609490316737,3.9390576422730774,3.299687597457294,2.7036730458886575,2.1542804029199862,1.6518725312673856,1.1934791966851892,0.7725414202522872,0.37901302194553665,-8.807797436273521e-7,0.05454274026313874,0.13217770935312131,0.24427663239827827,0.39358129405552644,0.5792823616403349,0.7992147463266148,1.0506568985640306,1.3306797921371822,1.6363443150645158,1.964827496533544,2.313484676117629,2.6797897219322184,3.0606988830579036,3.4401779290412184,3.6981748069213216,3.9166237514394937,4.1275682521327015,4.3311721542900345,4.52757569439929,4.7179741432068365,4.9043274989717505,5.088715308196748,5.272649180800699,5.456594484174835,5.639872200326845,5.820975206428802,5.998182744112482,6.170248657881366,6.336907924310197,6.4989962607556775
-8.290484762460345e-7,0.06507484849572924,0.14666687502421055,0.255568449303284,0.3966941880420874,0.5714211420083801,0.7793093079514455,1.018941465383732,1.2882990438911213,1.5849379352073583,1.9060795236389219,2.2486638203712412,2.609384300728072,2.984713436510148,3.370923806735435,3.764108085301615,4.160200560615121,4.555002481533146,4.944213165836339,5.323468342231193,5.6883866011656705,6.034624127723909,6.357937131922539,6.654250640049452,6.919731628571328,7.1508639260606905,7.344521922747033,7.498039940490631,7.609274140579456,7.676654079203291,7.699221442931331,7.696975468160198,7.6902586318996375,7.679133790132243,7.6637043494588,7.644112262347345,7.620535271248082,7.59318345265082,7.56229512705573,7.528132215703233,7.490975139500562,7.451117369491667,7.408859750905514,7.364504733621784,7.318350650051997,7.270686186139069,7.2217851916394915,7.171901971379987,7.121267189275088,7.070084501333264,7.0185280127952065,6.966740628469364,6.914833335187095,6.862885422399491,6.810945612869591,6.759034041941235,6.707144992775771,6.655250267905326,6.603303055858764,6.551242136507791,6.498996260755675,6.444279851560084,6.385435894238735,6.323325056234893,6.258792939642802,6.192661385715877,6.125719879834266,6.058717139435683,5.9923530194049635,5.927270921731496,5.86405094199092,5.803204017075631,5.745167349888155,5.690301372499993,5.6388884675174085,5.591133599600136,5.547166920457201,5.507048309497026,5.470773708841616,5.438283016162299,5.409469221019402,5.384188416754355,5.3622702937662,5.343528720938724,5.327772046734578,5.314812794591295,5.304476482338633,5.296609355865873,5.291084886294943,5.28780892907106,5.2867234741806515,5.275505959097004,5.2419501695462705,5.186346618629103,5.109180146100112,5.011130323205088,4.893070940026433,4.7560676390738665,4.601372677207196,4.430415826011119,4.24479055512989,4.0462348701196955,3.8366064742811754,3.6178522657369285,3.391972537924925,3.1609805963161732,2.926858813521353,2.691512402769341,2.4567223881254665,2.2240993898061645,1.995039933583048,1.7706870486963404,1.5518969527459143,1.3392136402577677,1.1328531818929242,0.9326994656931076,0.7383129052034193,0.5489532204582022,0.363616696761662,0.18108732508539155,-8.290484762460345e-7,0.318221742032708,0.6309949357788495,0.9333597210882404,1.2213549673527253,1.4924908902686664,1.7460856731955952,1.9833785549218748,2.2073508636072083,2.4222216304851534,2.632660493053648,2.842876230168308,3.0558784210026064,3.2736183064535442,3.5094308278517845,3.8794977045227412,4.297596150042401,4.727814121373564,5.16722975589535,5.614421944140586,6.068347449460546,6.528194891910223,6.993326850549335,7.463203952511972,7.9372674059793304,8.414777541660227,8.894610263291169,9.374632298415948,9.85426807876241,10.32796152941352,10.792404013084159
-3.386334958350115e-7,0.5517752439756323,1.1030868718300355,1.654033231690661,2.2057152399926188,2.760449152136243,3.3216779129809404,3.8935605639814472,4.480287557757876,5.085237855069789,5.7101385479524,6.354391071198639,7.014687882341395,7.684976551370924,8.356759844865136,9.019670470850295,9.66223447751701,10.272733481381543,10.84008392643729,11.354663397243872,11.809024866636348,12.198448033004283,12.521283103153985,12.779048318046797,12.97625092823891,13.119915630936319,13.218828236302981,13.282537735228523,13.32020528216765,13.339435559552282,13.345259124460528,13.341386493932896,13.32977836265876,13.310463956609912,13.283491802981885,13.248929457538953,13.206863125850148,13.157397181345788,13.10065358392871,13.036771203652753,12.965905054730921,12.888225445846418,12.80391705341101,12.713177925036831,12.616218421055335,12.513260102425479,12.404534573814802,12.290282291006708,12.170751342079415,12.046196212010347,11.916876540479667,11.783055882672784,11.645000482810126,11.50297806995998,11.357256685413608,11.208103550520294,11.055783983394077,10.900560372312844,10.742691212941581,10.582430215724775,10.420025488920349,10.285265516994698,10.221516982926177,10.233461503805504,10.30469129871349,10.414322191431937,10.547632226759166,10.696090692505743,10.85493653815148,11.021419410917499,11.193813372802696,11.370886040411346,11.55160759151916,11.73498686911785,11.919978234931659,12.105430624140286,12.290063785212348,12.472463379063427,12.651089982383217,12.824298750113773,12.990367343923184,13.147530134635284,13.294016858231242,13.428093975235802,13.548107027976489,13.652522352194866,13.739966598772568,13.809262662224155,13.859460789806203,13.889863848811812,13.900045949508243,13.883711718992247,13.833967016587442,13.748676058659514,13.624567761612887,13.457628234675003,13.243578127491396,12.97837980176442,12.658722108847204,12.282439751252964,11.848836751697513,11.358896694218599,10.81537422353194,10.222771804193979,9.587212684133616,8.916225534000061,8.218458668900617,7.503342436003028,6.780717547369005,6.060445079233635,5.3520107832291846,4.664132617624277,4.004376651766177,3.3787838892378055,2.7915110212762415,2.2444943785901916,1.7371611749928932,1.2662360345822925,0.8257176977061997,0.4071141122990549,-3.386334958350115e-7,0.5226401059402839,1.0610285371288597,1.6289046952495478,2.2363519134398615,2.8887268592908724,3.5861932685960625,4.323766406108133,5.091744074349018,5.8764227088401055,6.661028281711546,7.426808818654551,8.154236421639476,8.824258853223094,9.41953158715943,9.9255557128409,10.331647273130645,10.631669506304348,10.824469858492371,10.913976981200827,10.908928154239222,10.822215006129637,10.669857658582794,10.469649615247551,10.239563669566145,9.996074029400638,9.752619947910436,9.518480925425012,9.298311774955272,9.092472587978369,8.8981056476165
-2.674421561599403e-7,0.06454315835985076,0.14055619031934585,0.2367164399490899,0.3582948859237836,0.5080337912858364,0.68711751022943,0.8957649204483025,1.1335127322145853,1.3993303453561192,1.6916581457007638,2.008417913551585,2.347019675485659,2.7043767911957652,3.0769345029633604,3.4607135479472215,3.851368317484478,4.244257781220752,4.6345266569951,5.017193931728031,5.387245724289298,5.739729560362598,6.069847348902381,6.373044665198678,6.645094317277814,6.88217256519538,7.0809267462820555,7.238533408767752,7.352746353241155,7.421934215381716,7.445107391485029,7.443145851651635,7.437277949888863,7.427553572037223,7.414054973030973,7.396895455646823,7.376217542918994,7.352190666991985,7.325008404485792,7.294885296235124,7.262053297511428,7.226757913446774,7.189254083166244,7.149801884820073,7.10866214191616,7.066092018627423,7.022340697560902,6.977645237263684,6.932226707945021,6.886286702011397,6.8400043106490775,6.7935336486195315,6.747001996647942,6.700508614517886,6.654124258735053,6.60789141712855,6.561825249966231,6.51591520415014,6.470127244963953,6.4244066297592335,6.378681130858826,6.330746078438512,6.278990440020522,6.224173209584213,6.166983126928017,6.10803456700565,6.047867359339675,5.986950264424875,5.925687606361969,5.864428371998684,5.803476954453955,5.743104654792394,5.68356106395958,5.625084524249864,5.567911005050172,5.512280905777425,5.458443501260281,5.4066589520180575,5.357197995796953,5.310339601767751,5.266366993036125,5.225562518971777,5.188201883506245,5.154548211123965,5.124846365745486,5.09931784031184,5.078156421027159,5.061524715827939,5.049551537097268,5.042330056531353,5.039916613254159,5.030400416951333,5.001775664891405,4.953836660783777,4.886313319838515,4.7989695108300685,4.691721025655194,4.5647572617142655,4.418650521558391,4.254438504960701,4.073668549249724,3.8783958926577613,3.671132248397487,3.45474505375974,3.232311894154471,3.0069389576603656,2.7815571331865647,2.5587144785811873,2.3403886424637315,2.1278459567657606,1.921573062101419,1.7212998087924156,1.5261180377180363,1.3346819710045115,1.1454577516637043,0.9569785553739109,0.7680616274162165,0.5779539597877241,0.38638963653510766,0.1935586159829125,-2.428808065072687e-7,0.28259654607463724,0.5599023816110916,0.827667905365859,1.0835392230988985,1.3275452446094136,1.5620663889538815,1.791219436327214,2.019751001997947,2.251725268163895,2.4894152154158835,2.7327561814476886,2.9795004727889918,3.225950538417396,3.4679843062397135,3.7020612498231973,3.9259656610965687,4.139144097914269,4.342596227465716,4.538376542333302,4.728854823591325,4.915948399512427,5.100551668576937,5.282330225485403,5.459930576777347,5.631524408436637,5.795507582673434,5.95113669158052,6.098909864984009,6.24056714184209,6.378681130858826
-2.428808065072687e-7,0.0645431583590221,0.1405561903196607,0.23671643994939606,0.3582948859240699,0.508033791286136,0.6871175102297475,0.8957649204486257,1.1335127322149066,1.399330345356438,1.6916581457010869,2.008417913551903,2.3470196754859742,2.704376791196082,3.0769345029636748,3.460713547947533,3.8513683174847837,4.244257781221055,4.6345266569954,5.01719393172833,5.387245724289594,5.739729560362891,6.069847348902673,6.373044665198966,6.645094317278102,6.882172565195667,7.080926746282342,7.2385334087680375,7.35274635324144,7.421934215382001,7.445107391485314,7.447967763894671,7.456516829106611,7.470659292528347,7.490239164189035,7.515043883079949,7.544809846930117,7.579229125302428,7.617957098996015,7.660620750397632,7.706827326975068,7.756173111485954,7.8082520546713665,7.86266405575885,7.919022709584857,7.976962373525385,8.036144440290238,8.096262732321195,8.157047959097573,8.218271199804315,8.279746390788125,8.34133181062406,8.402930566286091,8.464490092819426,8.526000687022783,8.58749310386176,8.649035253409938,8.710728046616788,8.772700450462477,8.835103827143218,8.898105647616497,8.931281755648838,8.89205438935182,8.778204559363639,8.60844715925334,8.405779504941338,8.18680599717897,7.961675410111989,7.736473090583065,7.514956055130464,7.2995220420691584,7.091730808995422,6.892594166198239,6.702748309681759,6.52256536369917,6.3522328698665955,6.191815891467892,6.04130903203896,5.900681542544473,5.769916257455544,5.649041675001921,5.538155783299931,5.437440089247881,5.34716263810772,5.267669530451029,5.199365447663948,5.142684861810927,5.098056774381526,5.065866815509194,5.046421141060997,5.039916613254156,5.030400416951325,5.001775664891384,4.953836660783759,4.886313319838513,4.798969510830052,4.69172102565518,4.564757261714245,4.41865052155837,4.254438504960676,4.073668549249696,3.878395892657736,3.671132248397451,3.454745053759702,3.2323118941544364,3.006938957660327,2.781557133186531,2.558714478581149,2.340388642463684,2.127845956765723,1.921573062101376,1.721299808792369,1.52611803771799,1.3346819710044613,1.1454577516636628,0.95697855537387,0.7680616274161646,0.5779539597876826,0.38638963653506164,0.19355861598276114,-2.674421561599403e-7,0.06872090642529528,0.1515503913734943,0.2580043014969901,0.39240096209883113,0.5555656663953316,0.7464419084595048,0.9630828974433958,1.203226780082807,1.464650472446249,1.7453960249819966,2.043906024295015,2.3590820534914836,2.69027524779455,3.037220484707909,3.3999302972440177,3.7785679176089975,4.1733190478564275,4.5842784256389,5.011360700672753,5.454237222016963,5.912293099270447,6.384594116122511,6.869851774282025,7.366377036136523,7.872018480277916,8.384087263379358,8.899277918710595,9.413599129124632,9.92233109593356,10.420025488920352
4.5150042123935317e-7,0.0666418741539216,0.1503475965785089,0.26234838537696853,0.4079141962783319,0.5887520513273553,0.8047467125724878,1.0547902856581233,1.337135019356733,1.649543272142401,1.98935522896337,2.3535243333244327,2.7386418335559646,3.1409602528603484,3.556420616748704,3.9806859221342585,4.409182065344446,4.837146646430936,5.259685483216716,5.671836197870506,6.068637841778701,6.445205188817407,6.7968060523101395,7.118939771011728,7.407414869377488,7.658423831237944,7.868612935988129,8.035145192250011,8.155754562737677,8.228789900097231,8.253247298587496,8.250999828701557,8.244273920694377,8.233118781367404,8.2176154337393,8.197875253874226,8.174037961012043,8.146269099455765,8.114757061420535,8.079709710496354,8.04135067532728,7.999915392305054,7.95564698419316,7.908792068263218,7.859596592325609,7.80830179954346,7.755140422723679,7.700333205528994,7.644085841493522,7.586586411734422,7.528003388888755,7.468484258321728,7.408154788515118,7.347118961419863,7.285459551292285,7.223239318106931,7.1605027601059685,7.097278350457844,7.033581166334034,6.969415805796273,6.904779479317324,6.839793472813347,6.769935720601759,6.696083502565636,6.6190899313997855,6.539780366196221,6.458949913160237,6.377361611608716,6.295744865814709,6.214793688992784,6.135164378645245,6.057472342303094,5.982287934258653,5.910131336891731,5.841466709265901,5.776696011097299,5.7161530694521225,5.660098565741903,5.608716661807114,5.562113942692122,5.520321226474108,5.483298586277008,5.450943666048305,5.423103078623538,5.399586385596346,5.380181906395068,5.364673415779882,5.352856682376762,5.344554782771251,5.339631193077601,5.337999802203473,5.327458686665688,5.29580243336276,5.242951314576955,5.168833002328316,5.073464211998707,4.95704817141129,4.820074244749164,4.663405760285341,4.488343370516796,4.296653718083022,4.090556377407498,3.8726656655105427,3.6458877886722036,3.413277890832078,3.177865967622952,2.942465340266432,2.709482218274695,2.480749063399251,2.2574065523072493,2.039856979298643,1.8278042855445136,1.6203824082273979,1.416356629462733,1.2143664436590638,1.0131675107216849,0.8118265439987714,0.6098266253012216,0.4070550131835015,0.20368217181364667,4.780683656777198e-7,0.5106606450893703,1.042417029594742,1.6133309103309972,2.2360908916130957,2.9167796420261043,3.6546956529707666,4.442879753014508,5.269002426933829,6.116413165139917,6.965277134924166,7.793783172245662,8.579416985527706,9.300279785705563,9.93641240389954,10.471066970110513,10.89185569387964,11.191699581669777,11.369497896354629,11.430440052832752,11.38588414322319,11.252731357147155,11.05223933606739,10.808254345371662,10.54492396183627,10.284095846377088,10.042797091741258,9.831341079661698,9.652593616321685,9.50267488647352,9.372937453065639
4.780683656777198e-7,0.06664187415448093,0.15034759657879868,0.262348385376944,0.40791419627826947,0.5887520513273118,0.8047467125724621,1.0547902856581,1.3371350193566969,1.6495432721423557,1.989355228963351,2.353524333324413,2.7386418335559504,3.1409602528603284,3.5564206167486847,3.980685922134234,4.409182065344424,4.837146646430915,5.259685483216688,5.67183619787048,6.068637841778678,6.445205188817381,6.796806052310117,7.118939771011706,7.407414869377467,7.658423831237928,7.868612935988099,8.035145192249992,8.15575456273765,8.228789900097214,8.253247298587471,8.25596999529465,8.264099019608743,8.277518220117699,8.296037455171602,8.319397612940534,8.347277359037783,8.379301356649956,8.415049663899357,8.45406799180623,8.49587850288704,8.539990842668107,8.58591312066828,8.633162589661643,8.68127580826422,8.729818108555344,8.778392224745012,8.826645968901945,8.874278864396903,8.921047666709027,8.96677071494867,9.011331066719704,9.054678374972688,9.096829469693112,9.137867611129929,9.177940386289313,9.217256227964963,9.256079546734638,9.294724481682428,9.333547294653469,9.372937453065632,9.388698513063975,9.344701474837398,9.237988223951987,9.078609881216991,8.88254774134559,8.664057413552824,8.43335208526666,8.197283108272863,7.960490074376834,7.72625567938252,7.497036990395191,7.27477684051822,7.061080381848536,6.857309980609206,6.664630238502687,6.484022839948555,6.316284406511076,6.162016923615393,6.021618033119088,5.895276711181643,5.78297815867964,5.684519981593946,5.599539973435189,5.527554178380712,5.468002590592271,5.42029897301126,5.383880915079264,5.358256354928079,5.343043255449226,5.337999802203483,5.326287633335248,5.2912174461804105,5.2330005668571875,5.152028382384474,5.048924205686704,4.924603008470052,4.780328112563943,4.617753217202703,4.438938662799411,4.246332474065786,4.042709366531655,3.8310645057164736,3.614463467331173,3.3958557129664766,3.177865967622948,2.962585620471841,2.751393143453316,2.5448358736794554,2.342602170361286,2.143600912840374,1.9461456952194849,1.7482190129845532,1.54777457758207,1.3430294947898984,1.132703648379665,0.9161776827009055,0.6935576904454311,0.46564919194488236,0.23385288759144562,5.135721681436623e-7,0.3312244653522597,0.6541509047080846,0.9614702494901931,1.2478739298726915,1.5109173403019533,1.7515007969354077,1.9738013262305265,2.1845676300731416,2.3918100939513294,2.603131303546837,2.8242227223480367,3.0584438802211436,3.3105145638743716,3.611765732159824,3.9942216717651666,4.410587869885118,4.843706779780136,5.290077927502328,5.748148241222728,6.216672829887126,6.694425195309207,7.180143437272204,7.672509735548326,8.170108533523747,8.67134657391001,9.174335399832373,9.676749165269102,10.175680103454718,10.667512762199342,11.147847757769185
5.135721681436623e-7,0.5589538538611653,1.1165641479884416,1.6722982832997169,2.227089339565147,2.7836910766594745,3.3466235562268762,3.921664503616002,4.51493705958597,5.131750023113458,5.7754229753691,6.44633923468058,7.1414068154749275,7.854000634302644,8.57435425567114,9.29030041456665,9.988234081356431,10.654177839474633,11.274849313435602,11.838651325617418,12.336521357693199,12.762586871642982,13.114578884919315,13.393960834723122,13.605736882772607,13.757917833365997,13.860648562862782,13.925041815287939,13.96181836307449,13.979913294466828,13.98525303021574,13.981446278893428,13.970036657841769,13.951055992355089,13.924557080404274,13.890613328634833,13.849318247307997,13.800784808699843,13.745144674722914,13.682547300749352,13.613158923790388,13.53716144430724,13.454751211988441,13.366137726810786,13.271542267595013,13.171196461057589,13.065340805031308,12.954223160066489,12.838097224015783,12.71722100443993,12.591855303739374,12.462262231818043,12.32870376082848,12.191440336154564,12.050729557307026,11.906824941922421,11.759974785727703,11.610421131459825,11.458398860911096,11.304134927781487,11.147847757769192,11.009351733098692,10.926587278764215,10.904686991722212,10.935677354741175,11.005553108590528,11.101927826301708,11.216343435301948,11.34357920164057,11.48048693182098,11.625116401481245,11.776159255679248,11.93260820059756,12.093547762155627,12.258025505891766,12.424974713862705,12.59317214385659,12.761221313817265,12.927555338548501,13.090455186111459,13.248080135310438,13.398507649983408,13.539780087717906,13.669955768551302,13.787162020027681,13.889647928910938,13.975834684564019,14.04436159824087,14.094126121983575,14.124316462294008,14.134435678166966,14.12635358066296,14.100636550130984,14.053049509111968,13.977094772805637,13.864757767155233,13.707386682701639,13.496592186457653,13.225070318948804,12.887280009156568,12.479936868185566,12.0023108448721,11.456334387994184,10.846540055740101,10.179853403493853,9.465270043092435,8.713446256953123,7.93623125406973,7.14616644114411,6.3559730331111535,5.578043880983515,4.823948510203724,4.103952277659786,3.4265422850979923,2.797946965680346,2.2216389899177447,1.6978324199556465,1.2230361163988495,0.7898044290947973,0.3868929110759125,4.5150042123935317e-7,-0.03952145876822353,0.030945611752590065,0.16840985877272013,0.3357779142679264,0.5422912159217181,0.7849860867671083,1.0596578898257139,1.3617744146156152,1.6868695080386236,2.0308164887368836,2.3899431611811903,2.7605662643652407,3.13521094004664,3.4780249332299964,3.7517968777796846,3.9991089504197057,4.23375059163331,4.457625955408449,4.672406334996926,4.880687407844468,5.08551745573037,5.289617205015995,5.494717186016954,5.701238743635247,5.908394580672545,6.114636511425554,6.318272042985185,6.5180373663359585,6.713443807302583,6.904779479317323
-4.293223876347289e-7,0.6085452074209422,1.215947983048987,1.8216853155895016,2.4263437549585456,3.0318659595810327,3.6414727854037565,4.259234934706315,4.889340480289959,5.535178822746327,6.198413737481073,6.878226990064527,7.570874820905798,8.269628332347486,8.96509262147518,9.64584148330794,10.299274074921183,10.912593528512785,11.473815420543206,11.972726859187429,12.40172873580667,12.756501904531403,13.036442730288545,13.244816312447046,13.388580028373232,13.477840916037147,13.524934540683054,13.54315696984007,13.545247321612642,13.54179685532254,13.539826910152762,13.535615103124249,13.522991363875352,13.501990662604966,13.472671032514171,13.435113196116333,13.389420046074594,13.33571598455394,13.274146126188814,13.204875370863872,13.128087353578646,13.043983279712027,12.952780655015214,12.85471192063482,12.750023004395558,12.63897180044531,12.521826590176644,12.39886441807506,12.27036943679558,12.136631236320534,11.997943172486123,11.854600710469732,11.706899798982416,11.555135290896525,11.3995994258364,11.240580389857149,11.078360966715815,10.913217294396638,10.745417739488216,10.575221900753174,10.402879751872405,10.272018562672088,10.23207990969738,10.273596708875909,10.36606883950249,10.486582198939503,10.623300561068216,10.770627628625496,10.925913189902099,11.087852469012306,11.255722786410656,11.428998524108167,11.607143808993674,11.78949593768706,11.97520030250903,12.163178096191908,12.352117191522195,12.540480734791208,12.726529866266961,12.908357791788605,13.083932747593437,13.251147511972547,13.407873170488424,13.552014910313588,13.681567734620767,13.794670155021588,13.889654129781759,13.965089752881662,14.0198234484451,14.053008674041834,14.064128376740754,14.0482769837829,13.99984417027857,13.916306089451332,13.793813522433302,13.62767423393856,13.412933471639729,13.144981726551377,12.820124003733277,12.436058101269667,11.992226424959107,11.490022990288924,10.932852138747103,10.326047111037427,9.676664904632112,8.993179208980997,8.285096204930849,7.562519125623984,6.835687077649918,6.114511993666529,5.408134988307209,4.724520144097499,4.070100348442709,3.4494869257757257,2.8652532697139033,2.3178030743059814,1.8053358365670804,1.3239242567541192,0.8677166768823901,0.42926956146545614,-4.293223876347289e-7,0.5436340969316735,1.1042700793897373,1.6967536703994286,2.33197131435206,3.0156529655946835,3.7478585076864395,4.523061915394157,5.33067406357997,6.155859414858111,6.980549694171473,7.784595484097228,8.547011294455348,9.247266961887712,9.86656867452069,10.389064380041209,10.802904696320324,11.101092370474083,11.282059480411103,11.349919645531072,11.314350301645062,11.1900668324008,10.995858667999123,10.753175721413642,10.484296760059088,10.210196466426028,9.948358358565956,9.710923458371687,9.503736510097996,9.325615645844803,9.17152473380825
-2.913806773313245e-7,0.0696382077919473,0.14589687294712758,0.23506372586967583,0.34283834580773104,0.47416876783019923,0.6331452715311026,0.8229165237443544,1.045616449437383,1.3023069320463145,1.5929456771248671,1.91638600557455,2.2704112161494945,2.6518026612800036,3.056438209166083,3.479416140313543,3.9151985248429657,4.357767604406508,4.800788583952976,5.237772481749716,5.662233255570908,6.067834274930926,6.448520284622833,6.798632228139395,7.113003581471389,7.387038090511699,7.61676991023329,7.798908020672391,7.930867371275889,8.010789436182806,8.037554737327383,8.035521445943361,8.029436664753648,8.019345427944629,8.005321980405933,7.987468572159694,7.965913795777783,7.9408104922027105,7.912333257878799,7.880675593669729,7.846046743601168,7.808668278884589,7.768770489753287,7.726588654117631,7.6823592576187885,7.636316243979977,7.58868737725713,7.539690798313659,7.489531856260545,7.43840029145489,7.386467839783408,7.333886318347682,7.280786240449016,7.22727599323988,7.173441595026095,7.119347031573206,7.065035152603568,7.010529091745257,6.95583415629463,6.90094011802666,6.845823823578125,6.789791011047447,6.730346676356903,6.668361380587251,6.604605181189795,6.539751134229835,6.474383496941794,6.4090094914205284,6.344073244478037,6.279970392778654,6.217061855910772,6.155685437477939,6.096164203162792,6.0388109768753315,5.9839287512389205,5.931807279365587,5.882716551894494,5.836898220424582,5.794556266874904,5.755848310212588,5.720878874443778,5.689695719725229,5.662289986758934,5.638600467834915,5.618521856928041,5.6019164149779375,5.5886281744283135,5.578498620903819,5.571382684206852,5.567163745337119,5.565766169032865,5.554708203885561,5.521526045143627,5.466208387552683,5.3887795387984525,5.289358111422447,5.1682280182930365,5.025912488425117,4.863241437919818,4.6814032462952975,4.481973600372203,4.266916322557772,4.038553775527958,3.799507435658887,3.5526127632278266,3.3008176440757735,3.047084621951499,2.794351042150396,2.5457222166090223,2.305202304169041,2.0769795572403615,1.8611088309346504,1.654547610420839,1.453707875572473,1.2550333170677093,1.0554045406473438,0.8525271041077598,0.6451752756588537,0.433246782339384,0.21764102705402602,-2.913806773313245e-7,0.04958151712899084,0.11102878126785691,0.19139333839550954,0.2929940486939145,0.41574420708212506,0.5589512124986756,0.7222521450794295,0.9059761398536293,1.111144085146239,1.3392472508521156,1.5919402844989823,1.8707591523963578,2.176908971489918,2.511111338289091,2.873493274567083,3.263521240575976,3.6799974612860025,4.121128719845855,4.584658619193164,5.0680385468237645,5.568589758452467,6.083651646802975,6.6106435872600775,7.147066724459354,7.690422475973992,8.2380652441976,8.78700781522052,9.3336011347477,9.87414918602324,10.402879751872401
-2.2904271678969636e-7,0.06963820779231104,0.14589687294693554,0.23506372586952834,0.3428383458075855,0.47416876783005474,0.6331452715309474,0.8229165237442015,1.0456164494372322,1.3023069320461662,1.592945677124719,1.9163860055744084,2.270411216149354,2.6518026612798646,3.056438209165947,3.4794161403134116,3.915198524842834,4.357767604406381,4.800788583952851,5.237772481749592,5.662233255570786,6.067834274930808,6.448520284622715,6.798632228139278,7.113003581471274,7.387038090511584,7.6167699102331765,7.798908020672275,7.9308673712757765,8.010789436182693,8.03755473732727,8.039993670473912,8.047278281680587,8.059312901165073,8.075941026535455,8.09694962091429,8.122074893878006,8.151009348775222,8.183409844024395,8.218906395225163,8.25711143892678,8.2976292859837,8.340065509992137,8.384036041270273,8.429175766094978,8.475146461596802,8.521643926527434,8.568404195380925,8.615208747083594,8.661888639315062,8.70832751567834,8.754463446023072,8.80028957117963,8.845853533311645,8.891255683255231,8.936646067781666,8.982220213775486,9.02821374372265,9.074895878192429,9.122561906280213,9.171524733808242,9.180880543364673,9.098186895738921,8.935465113295379,8.725670488610724,8.494051944986726,8.254638276413411,8.015052334827075,7.779778023224433,7.551730058133584,7.3329820118176485,7.125112099888661,6.92936877102201,6.746745607955565,6.578008273825187,6.423696412629033,6.2841145610210996,6.159321706802033,6.049126379353635,5.953091922652627,5.87055447251639,5.800654105281114,5.742377795165718,5.6946114050749745,5.6561970751029484,5.6259920854445715,5.602925465147704,5.586049148368685,5.574581221212249,5.567939690617108,5.56576616903286,5.557192061183743,5.53113086265142,5.486624682694037,5.422263441553326,5.336433888814409,5.227614204671964,5.094674166549179,4.93714396971753,4.755422164331856,4.550902233975387,4.326006046816427,4.084119607698849,3.829431917065217,3.566681526927191,3.3008176440757646,3.0365808588610954,2.777987346659435,2.5275961198188366,2.285327298342408,2.048898388378,1.8181105038888288,1.5940642909002294,1.377114124726721,1.166953332418717,0.9628889576255171,0.7640169020453097,0.5693340934915953,0.3778022918869915,0.18837443475487653,-2.2904271678969636e-7,0.29358335052056184,0.5819375732214593,0.8608506100640602,1.1279934987171738,1.3834442874222053,1.6296811303259944,1.8709578945535508,2.1121681585735246,2.357514564157597,2.609406099588969,2.8679171451438186,3.130908402238542,3.3946796069406777,3.6549025494831135,3.9075728686882014,4.149772320690032,4.380109192715226,4.598784490170688,4.807309560641595,5.007970098844905,5.203199161482496,5.394999911958678,5.5846074541072825,5.772420443262128,5.958202322940999,6.141441748228654,6.321726235556192,6.4989885582363165,6.67353328946589,6.845823823578115
4.595596254731989e-7,0.06523053770580192,0.15005983951526947,0.266468266629682,0.4193242045441771,0.609661262988684,0.8366856040278279,1.0986357218824494,1.393134711645312,1.7173481491756368,2.0680674229025757,2.441763431649583,2.8346283052820485,3.242612654259074,3.6614618972838437,4.086753586924274,4.513936920452397,4.938375226898096,5.3553919317298755,5.760320223694655,6.148556351298325,6.515616156483809,6.857194123336937,7.169223901122402,7.447938977501095,7.689931952507514,7.892210716388539,8.052249778906718,8.168035041743536,8.238100449572146,8.261555192487833,8.259269636230783,8.252428751037334,8.241079599180459,8.22529966230452,8.205195429355701,8.180900461771545,8.152572977513769,8.120393006634323,8.084559181490665,8.045285234229775,8.00279628244958,7.957324990701069,7.9091077003675005,7.858380623100934,7.805376193085819,7.750319670663597,7.693426084104006,7.6348975874808245,7.574921300777888,7.513667683755439,7.4512894781578165,7.387921234113893,7.32367941678439,7.25866306926211,7.192954988298173,7.126623351479359,7.059723718820432,6.992301319057965,6.924393521772985,6.856032391185249,6.784519622770437,6.7077849941018295,6.626800625166477,6.542529826990976,6.455915635033661,6.367869738329971,6.27926203111519,6.190911034767054,6.103575449237303,6.01794709029659,5.934645448201721,5.854214062518975,5.777118846613758,5.703748416150001,5.634416383965214,5.569365486429966,5.508773312981948,5.452759330442077,5.401392835459179,5.3547014381433495,5.312679680479832,5.2752974235498336,5.242507693413778,5.214253749338322,5.190475220701148,5.171113240722006,5.1561145772416745,5.145434816019734,5.139040685911775,5.136911626226172,5.12590137828506,5.09295142486215,5.038308529787727,4.962397815807814,4.865840864234114,4.749476044298511,4.6143768031522,4.4618633668783465,4.293503547819682,4.111099092412325,3.91665516799395,3.71233208876741,3.5003801258156244,3.2830601357010036,3.062554664607356,2.8408759910062487,2.619779044807429,2.4006879874881557,2.1846450949647775,1.972289110374084,1.763867252535556,1.5592807477797908,1.3581587265793422,1.1599506211535224,0.96402397304408,0.7697536934671515,0.5765905848374296,0.38410089699186073,0.19197391798216631,4.595596254731989e-7,0.2902323335286154,0.5772986571175496,0.8583995593716501,1.1314372470541962,1.3952805028747475,1.6499120487769852,1.8964084453804597,2.1367176475246863,2.373238696008467,2.6082675863911198,2.8434328959865818,3.0792738760161753,3.315089973588694,3.549117396754113,3.7789943726507613,4.002397751031466,4.21769149579567,4.424425839734019,4.62355830266549,4.8173280908705545,5.008797959720197,5.201170224701994,5.397060651838906,5.597940894930073,5.803912965723694,6.0138665554379775,6.225935885467557,6.438072707565776,6.648522211749205,6.856032391185239
4.691375794593407e-7,0.532329041033399,1.0639744814131733,1.5949137268969065,2.1263163665105957,2.6608282931572003,3.2025220679687583,3.7564809827185197,4.328059911090101,4.921946661740635,5.541204927094253,6.186488576010489,6.855571655234179,7.543259015267305,8.241661410000573,8.940761690282551,9.629173263717721,10.294991674468632,10.92665301185274,11.513729012412686,12.047602981185776,12.521981796211815,12.933208347700495,13.28034785402605,13.565032888840085,13.791067731917884,13.963814138245091,14.089407494510898,14.173881640936608,14.222306214636395,14.238053684272083,14.234414927046979,14.223508594453982,14.205364441404859,14.180031852032121,14.14757952999402,14.10809506767276,14.061684397036615,14.008471125725675,13.948595762710463,13.882214838655063,13.809499926897741,13.730636571731889,13.645823131431634,13.555269544209397,13.45919602601805,13.357831709805602,13.25141323649181,13.140183308553258,13.02438921766638,12.904281358354615,12.780111740004886,12.652132509944801,12.520594500492443,12.385745812990185,12.247830451797983,12.107087021036927,11.96374749652741,11.818036084847758,11.67016818074141,11.520349433217621,11.384422121441059,11.285923215675664,11.233100713488422,11.22655946940988,11.25990002200078,11.324141483645239,11.411326301905316,11.515660590796161,11.633253611335048,11.761518041173096,11.898646771864332,12.04324097381765,12.1940648183805,12.349890533530965,12.509405923740854,12.671165665089951,12.833574029384918,12.994890550137251,13.153252410410236,13.306708698624716,13.453262572495555,13.590918030897758,13.717728536637095,13.831845210113674,13.931562740692895,14.015361540868218,14.081944996183756,14.130270941132922,14.159576720781464,14.169397385583167,14.152853641827763,14.102416632372949,14.015766011002892,13.889344543234413,13.718779512341854,13.499394880521477,13.226755187593431,12.897185534983961,12.50822217825425,12.05896187389685,11.550292200340104,10.984997569214457,10.367745562453205,9.704965353584894,9.004634514527151,8.27599284261523,7.5292023145601465,6.774971133466485,6.024157224764712,5.28736253609309,4.574524217158849,3.8945025396853006,3.2546592264173757,2.6604159954075546,2.1147863133186293,1.6178915612863403,1.1665155420159308,0.7538204796453936,0.36941864606973235,4.691375794593407e-7,0.48420646432501396,0.9882192432473708,1.528726298063992,2.1170604070286445,2.758217070940616,3.450943474648164,4.188470821137363,4.959516085897116,5.749340379799122,6.540785578194952,7.315283259376307,8.053853611138685,8.738107890596458,9.35125121954654,9.879061455089307,10.310799187146124,10.639986202786215,10.864976669040527,10.989238115088503,11.021259752503312,10.974017063381297,10.863950095994333,10.709467629372714,10.529078315580472,10.33936935690724,10.153173048544472,9.978320332050842,9.817311669335938,9.668022135326126,9.525271676021719
4.95113568987471e-7,0.06523053770611213,0.15005983951548557,0.2664682666299107,0.41932420454436065,0.6096612629888377,0.8366856040279895,1.0986357218825895,1.3931347116454824,1.7173481491757854,2.0680674229027174,2.4417634316497225,2.8346283052821697,3.242612654259213,3.6614618972839836,4.086753586924418,4.513936920452542,4.938375226898247,5.355391931730023,5.760320223694807,6.148556351298472,6.515616156483956,6.857194123337083,7.169223901122537,7.447938977501245,7.689931952507666,7.892210716388688,8.052249778906862,8.168035041743693,8.238100449572286,8.261555192487979,8.26425938371807,8.272340446422897,8.285704583050855,8.304197889120811,8.327609899190085,8.355678375225501,8.388095175545024,8.424513014632394,8.464552907143323,8.507812083106796,8.553872164551501,8.60230740477421,8.652692808063692,8.704611967676898,8.757664481179173,8.811472823199887,8.86568857495708,8.91999792678995,8.974126384082812,9.027842618445542,9.08096141523176,9.133345676062214,9.18490744176673,9.235607907934781,9.285456412951131,9.334508387822652,9.3828622689922,9.430655390238327,9.478058887994386,9.525271676021704,9.552267196954459,9.532509622538687,9.459942483330483,9.336141780897494,9.169661772451471,8.971593505795477,8.751938056282343,8.518440903792918,8.276824395506855,8.03135752744724,7.785348435123467,7.541486113700516,7.3020572423978365,7.069075608090244,6.844353042048467,6.629531519412378,6.426089755698217,6.235333944367806,6.058380290355264,5.896135910012154,5.749283892576321,5.618277427218087,5.503346630035702,5.404519971389603,5.321660107238132,5.2545117212272,5.202757037211809,5.166073298839229,5.144185957502726,5.1369116262261745,5.125901378285068,5.092951424862157,5.038308529787735,4.9623978158078135,4.865840864234129,4.749476044298535,4.614376803152203,4.461863366878371,4.293503547819701,4.111099092412346,3.91665516799397,3.712332088767442,3.500380125815664,3.283060135701043,3.062554664607395,2.8408759910062917,2.6197790448074723,2.400687987488193,2.184645094964823,1.9722891103741278,1.7638672525356045,1.559280747779834,1.358158726579392,1.15995062115356,0.9640239730441185,0.7697536934671984,0.5765905848375239,0.3841008969919019,0.19197391798230937,4.95113568987471e-7,0.06862454835921496,0.15613954912980754,0.27457571446816603,0.42923874434372594,0.6216199126812129,0.8513610025435223,1.117158467965942,1.4171510302706232,1.7490946856164737,2.1104516169351832,2.4984453266225035,2.9101063912418192,3.342322223068547,3.7918987151524317,4.255637497804862,4.730428386815051,5.213352249252365,5.701785263339125,6.193491962050458,6.686692183200237,7.180086752193413,7.672828925183502,8.164433576214561,8.654623630607567,9.143122538321263,9.629411223558773,10.112476068110055,10.59057918761384,11.061082188410918,11.520349433217604
-4.883497001307041e-7,0.06720476671421177,0.14820759699364275,0.25290676070448276,0.3867447774243737,0.5521173021230804,0.749678637004519,0.979065378010673,1.2392281190105698,1.5285702602535183,1.845003063556922,2.185969063542424,2.5484582926130916,2.929028898163962,3.323837463502266,3.7286810343869488,4.139050946091583,4.55019737666159,4.957202825279584,5.3550622885300445,5.738767703937073,6.10339419810197,6.444185775882954,6.756638282161172,7.036577726674735,7.280232355891365,7.484297158132643,7.6459897777647745,7.763097075107488,7.834011790590395,7.85775895061467,7.861009017184967,7.870720147656885,7.886776147113994,7.908986689478773,7.937092165725625,7.970770184038204,8.00964346219875,8.053288813646756,8.101246909946253,8.153032502725823,8.208144804627432,8.266077757424254,8.326329951796147,8.388414002985332,8.451865225996173,8.516249490322286,8.581170165520616,8.646274094371359,8.71125654972961,8.775865144977693,8.839902677157013,8.903228887601944,8.965761128562011,9.027473927256835,9.088397442385652,9.148614813514849,9.20825841202421,9.267505014208302,9.326569933218355,9.38570016696102,9.41960885484961,9.394428579036344,9.305455899072625,9.161167332270546,8.977115931578163,8.767777789062992,8.543628720947302,8.311664666121555,8.076591599197425,7.841743642323611,7.609658291492986,7.382412362773162,7.1618094986014,6.949476580471563,6.74690305570196,6.555443982654557,6.376300719334218,6.210489771568908,6.058808625564261,5.921806339069025,5.799765571936957,5.692701196213008,5.6003784958423015,5.522351365204632,5.458018177707279,5.4066905603065925,5.3676685766742,5.34031502549774,5.324121719268817,5.318761559879866,5.307526412080466,5.273883643130043,5.21802953144861,5.14031737768762,5.041292221735646,4.921730974458637,4.782680794563089,4.625488110783737,4.451811122779856,4.263609832642903,4.063109540476715,3.852736156022818,3.635024527519667,3.4125041758409056,3.187570220326531,2.962350648601252,2.7385839539634333,2.5175228037814965,2.2998788782754866,2.0858204986453903,1.87502790266487,1.6668018374830853,1.4602114873999326,1.2542602198714699,1.0480443924574654,0.8408823360958848,0.6323967866378735,0.4225425195339778,0.2115796061815005,-3.4069720486503075e-7,0.3136594387651811,0.6208188456935365,0.91594406411206,1.195305608897799,1.4575604426311413,1.7039504794564004,1.9380213111536646,2.1648443731886005,2.3898628816959033,2.617637147508777,2.8508494088429726,3.0898629991817725,3.332928961162505,3.576906075187588,3.8182222536994366,4.053790036045906,4.281657109713039,4.501271578557832,4.713341989518895,4.919365341209103,5.120975307639484,5.3193107442784555,5.514599716423595,5.7060878454249675,5.892328722055913,6.071737101143646,6.243222468853892,6.406693707374161,6.563256376223752,6.715001940467292
-3.9820949043635497e-7,0.06720476671501972,0.14820759699369784,0.25290676070458273,0.3867447774244321,0.5521173021231243,0.7496786370046128,0.9790653780107278,1.2392281190106365,1.5285702602535605,1.8450030635569563,2.1859690635424727,2.548458292613137,2.9290288981640087,3.3238374635023042,3.7286810343869776,4.139050946091614,4.5501973766616235,4.957202825279612,5.355062288530068,5.738767703937102,6.103394198101999,6.444185775882985,6.756638282161201,7.036577726674758,7.280232355891397,7.484297158132672,7.645989777764801,7.7630970751075274,7.8340117905904165,7.857758950614696,7.8556525124841245,7.849351949777714,7.838913182112361,7.824428295865022,7.8060238927616385,7.783858814220751,7.758121278171573,7.729025476032896,7.696807688693052,7.661721991534668,7.624035629560617,7.5840241541567215,7.541966422524851,7.498139568800025,7.452814061726231,7.4062489668817575,7.358687531216742,7.310353203582918,7.261446196640451,7.212140682878386,7.162582700607335,7.1128888250962605,7.063145636248664,7.013409988332644,6.963710060489658,6.914047140361926,6.86439806852783,6.814718249754068,6.764945119405463,6.715001940467294,6.662509589988293,6.605689650761139,6.54532900922063,6.482171002582162,6.416911467151238,6.350196861202394,6.282624228557927,6.214742680098036,6.147056007101358,6.080026008356293,6.014076115423728,5.9495949370492776,5.886939410946018,5.826437342335199,5.768389214599438,5.713069267407856,5.660725940398632,5.6115818652270075,5.565833646538007,5.523651697035164,5.485180380745522,5.450538673369117,5.419821474871063,5.393101616395553,5.370432502825687,5.351851236612886,5.337381990014192,5.32703934160536,5.320831275447272,5.31876155987985,5.307526412080454,5.273883643130033,5.218029531448606,5.140317377687607,5.041292221735632,4.921730974458621,4.7826807945630705,4.625488110783717,4.451811122779833,4.263609832642895,4.0631095404767095,3.8527361560227993,3.635024527519648,3.41250417584088,3.187570220326511,2.9623506486012166,2.7385839539633965,2.5175228037814708,2.299878878275465,2.0858204986453495,1.8750279026648466,1.666801837483065,1.4602114873998897,1.2542602198714283,1.0480443924574325,0.8408823360958484,0.6323967866378535,0.4225425195339436,0.21157960618139457,-3.9820949043635497e-7,0.07152981398700319,0.15958149419850126,0.2750105917039199,0.42259779188199315,0.6032980845865659,0.8161036271271778,1.0590835160582768,1.329940460732343,1.6263316465098863,1.9460633607814624,2.287201795552129,2.6481177576741772,3.0274769892800895,3.4241888561672815,3.8373287813784964,4.2660511497675,4.709508152074351,5.166785979467063,5.636863649689221,6.118592879869172,6.6106913545669785,7.111737809139994,7.620156409604302,8.1341801821094,8.651788305572506,9.170618950751768,9.68786666215198,10.200179530326043,10.7035752496464,11.193395722535257
-3.4069720486503075e-7,0.5754568808937413,1.1513105886693518,1.7285683013240394,2.3093088076970583,2.8968668624924887,3.495658631131329,4.110637243287872,4.746453904509936,5.406478542248652,6.091875803082181,6.800919718163999,7.528669545963518,8.267046728916059,9.005279019731864,9.730631053642078,10.429322843007288,11.087540084110916,11.692451788892253,12.233163512864586,12.701544340495689,13.092871880713181,13.40624270228814,13.644697959261746,13.815018694580077,13.927157271876682,13.99329671093247,14.026574062857282,14.039568294418283,14.042727744767776,14.042973229550961,14.039215812496955,14.027952981584608,14.009212939018475,13.983042493821234,13.94950677159173,13.908688811624298,13.860689054820218,13.805624726760955,13.74362912122221,13.674850790279613,13.599452647982224,13.51761099534442,13.429514475119383,13.33536296546277,13.23536642216384,13.129743679606527,13.018721221015134,12.90253192883354,12.78141382627222,12.65560882113162,12.525361462962138,12.390917724452047,12.252523817634545,12.110425055077481,11.964864765660403,11.81608327385725,11.66431695063261,11.50979734313218,11.352750389313888,11.193395722535262,11.05549082172229,10.972244394312401,10.950085820380458,10.982193998584439,11.054614148505193,11.154422743633898,11.272657768037252,11.403798476141793,11.544567098221355,11.692992806250269,11.847808920607562,12.008080591254767,12.172973850780874,12.341611221054809,12.512983048555197,12.685897467258844,12.858959162497632,13.030570771309092,13.198952488471875,13.362176200914641,13.518210774652925,13.664975256986018,13.800396881449585,13.922470939189228,14.029319824034822,14.119248859390856,14.190796852005393,14.242779668522509,14.274325477599783,14.284900632056642,14.274431986220778,14.241829486026932,14.183640401619662,14.094545815105928,13.967946288535195,13.796663336971285,13.573671412135292,13.292784541811386,12.949240374071023,12.54014593957428,12.06476930420856,11.524676994479124,10.92372806107295,10.26794242213642,9.565264614356634,8.825245148756203,8.058660954367564,7.277094269518869,6.492485975905436,5.71667482630796,4.960928384834942,4.235465132943241,3.5489611451426706,2.9080315301332975,2.3166815981837017,1.7757439879695782,1.2823656234987497,0.8296835950266315,0.4069039611305833,-4.883497001307041e-7,0.5300731936825419,1.0824002689462724,1.675643704982801,2.322289979627031,3.027494918797251,3.7891512004183876,4.5987039157425755,5.442308296116574,6.3021022048636555,7.157505270279374,7.986523312911547,8.767051647893856,9.478160725523498,10.101330108699186,10.621580810960245,11.028444937226636,11.316705983624958,11.48684240980553,11.545110318889286,11.503208236147113,11.377480319498362,11.187639998338847,10.955044481090862,10.700632837913494,10.442756676761057,10.195254821938248,9.966187401691318,9.757574865881102,9.566259752865792,9.385700166961023
