-4.911544928863534e-7,0.059058206516987295,0.12674761487320207,0.21018430840153077,0.3144620256103602,0.44297444588368,0.5979073207028787,0.7805694079496164,0.9915429661448742,1.2307256223811562,1.4973270014794924,1.789858686631985,2.1061373730799495,2.443309707984785,2.7979008218064254,3.1658849328018857,3.5427744365958,3.923722908249504,4.303637081109022,4.6772929230817315,5.039451287052857,5.384969186669804,5.708903476014694,6.006604530349251,6.273798373806185,6.506656517436645,6.701853499186733,6.856612705170521,6.968741460011043,7.036656580333416,7.059401586453444,7.0619825309624655,7.069695839980025,7.082453637178598,7.100111759458909,7.122473112132888,7.1492921910243865,7.180280611379375,7.215113457169525,7.25343624942456,7.294872328268509,7.339030449025891,7.385512406089506,7.433920516847549,7.483864819470006,7.534969860603116,7.586880970277275,7.639269940356349,7.691840038922632,7.744330305851281,7.7965190846364845,7.848226752751221,7.899317618139727,7.949700953679878,7.999331145498705,8.048206935772546,8.09636974693612,8.143901082807332,8.190919013601654,8.23757376655701,8.28404246205792,8.298976200843734,8.239338508069896,8.10873196267159,7.931104341665843,7.728579848350551,7.514761257705545,7.297512808005902,7.081715511551517,6.870725581894222,6.667065718372259,6.472746193526295,6.2894085159985105,6.118381320264407,5.960692716840314,5.8170634253515185,5.68789574587351,5.573268378121609,5.472943527522573,5.3863895769058905,5.312819628625384,5.251243626682071,5.200529874461627,5.1594708131984195,5.12684796008305,5.101491746659287,5.082333324518538,5.0684468546028585,5.059082064507773,5.053687751884976,5.051927357470823,5.04200865363559,5.012202234594945,4.962378283122004,4.892387760068476,4.80215328518843,4.691777819314171,4.561656039570994,4.412572977319512,4.245775907862413,4.063008177918716,3.866497136685883,3.6588922228312,3.4431533841720166,3.222394422906374,2.999690771351135,2.7778667787463007,2.5592836328389974,2.3456545744532784,2.1379170523427806,1.9361891002747547,1.7398271600130648,1.5475849116847522,1.3578513183995513,1.1689279633061491,0.9792974771441486,0.7878390396781172,0.5939609487767065,0.3976382363207767,0.19935965548960344,-4.76148611382399e-7,0.2983515802676079,0.5897214139871639,0.8681914310693979,1.1298443160011118,1.3734343344341409,1.6006391651577263,1.8157542859679725,2.0247727613026143,2.2339674232080404,2.448316955235684,2.670258105738555,2.899167758938537,3.131695319446705,3.362755787299048,3.586828507287762,3.7992123478094744,3.9969833094672595,4.179505143559384,4.348430324994924,4.507208932161333,4.660212982098864,4.8116796941042805,4.964746018460017,5.120841473184226,5.279602649548077,5.439300281958632,5.5976017736603625,5.752397410373904,5.902421608220441,6.0474822815193985
-4.76148611382399e-7,0.5390494072870888,1.075966497167662,1.6092294604075268,2.138431181261876,2.6645792822057497,3.1901152965974275,3.718615117803014,4.2541904699306725,4.800678525683452,5.36076423369519,5.935204508939184,6.5223026410187925,7.117722278612578,7.714656556751164,8.304304928781972,8.876572762422834,9.420897245346929,9.927109167992544,10.386253665652529,10.791306883314967,11.137736560008578,11.423862519165366,11.650979673862006,11.823214248272718,11.947097102667543,12.030860155678457,12.083495521150045,12.11366092786526,12.128561437492078,12.132971182919151,12.12924703867981,12.118085955770693,12.099521909056055,12.073611275242037,12.040432462432225,12.000085394823088,11.95269085586405,11.89838969416659,11.83734189741241,11.76972554048261,11.695735615006027,11.61558274850457,11.529491822292655,11.437700498260904,11.340457665635231,11.238021819742833,11.130659385722982,11.018643000982365,10.902249770993748,10.781759513755214,10.657453008844062,10.529610267492007,10.398508840451404,10.264422180589609,10.12761807711676,9.988357178092592,9.846891617350597,9.703463761201874,9.55830508922171,9.411635222071515,9.292061721510164,9.241235975874837,9.258075829860676,9.321238803570862,9.411251576983561,9.517158466086249,9.633679865278712,9.758390499171277,9.890189001180785,10.028531940748,10.173038788213727,10.323278957575438,10.478655545827976,10.638345983371162,10.801279617866502,10.96614100180812,11.131391645369177,11.295304943285792,11.456010071194601,11.611541384842205,11.759890453711492,11.899058391498851,12.02710662505958,12.142204667013772,12.242673818745851,12.327026027366841,12.393997354542083,12.442575692963484,12.472022496000545,12.481888376984045,12.464453391356024,12.41156779298805,12.321570985904263,12.191955077240284,12.019717229888851,11.80178604732301,11.535470560370953,11.218882615457293,10.851291729998236,10.433383105699317,9.967401980770353,9.4571790681938,8.908041495608538,8.326621119569866,7.720577429545142,7.098255767503882,6.468303585817818,5.839268227054389,5.219199444083229,4.615278727315381,4.033495540504413,3.4783877958036142,2.9528602757780233,2.4580901677592353,1.9935234155332613,1.5569594362008476,1.144715506443336,0.7518568443522162,0.37247535264281967,-4.911544928863534e-7,0.48819697840994386,0.9869676558335431,1.5058437479657487,2.0523532533528392,2.631212212099646,3.24372982606253,3.887469654210742,4.55619161117233,5.240081842477145,5.926260017716226,6.5995360441255135,7.243371232672695,7.840983625114124,8.376524669198755,8.83624561330975,9.20956736160484,9.489967116664422,9.67559865343919,9.76957029254128,9.779816156580912,9.718514640192659,9.601038867364023,9.444475871055156,9.265831774730316,9.08014531066503,8.898832385568761,8.728623049580342,8.571370884327253,8.424806091219262,8.284042462057918
-4.6402940705906326e-7,0.05905820651714941,0.1267476148729932,0.2101843084013872,0.3144620256102696,0.4429744458835872,0.5979073207027774,0.780569407949522,0.9915429661447845,1.2307256223810648,1.4973270014794051,1.7898586866318993,2.1061373730798643,2.4433097079846995,2.7979008218063437,3.165884932801803,3.5427744365957214,3.923722908249424,4.303637081108943,4.677292923081656,5.03945128705278,5.3849691866697285,5.708903476014619,6.0066045303491755,6.273798373806112,6.50665651743657,6.701853499186657,6.856612705170445,6.968741460010966,7.03665658033334,7.059401586453369,7.057624397512801,7.05230817591937,7.043498644353943,7.031270970244475,7.015728232270232,6.996999317558747,6.97523629353557,6.950611310657882,6.923313104143141,6.893543174029831,6.861511733131616,6.827433521239701,6.791523590804493,6.753993173761905,6.715045740643846,6.674873361163451,6.633653469735118,6.591546129683973,6.548691876231583,6.50521020097384,6.461198720004147,6.416733044839437,6.371867350842948,6.326635613013801,6.281053455003875,6.235120535173946,6.188823374448558,6.142138515517815,6.095035892166674,6.047482281519403,5.997666602595501,5.944425306272445,5.888660484864328,5.831219766467333,5.772889915908984,5.714392935323681,5.656384323127984,5.599453021096645,5.544122499401846,5.4908524105160295,5.440040289963647,5.392022892324428,5.347076913625681,5.305419047708342,5.267205529997895,5.232531510213335,5.201430739550711,5.173876136081171,5.149781790973571,5.129006894800941,5.11136190620746,5.096617073547752,5.084513180084169,5.0747741443886385,5.067120897712347,5.061285801786589,5.057026778361457,5.054140301579791,5.05247245389373,5.0519273574708,5.04214660164321,5.012733293264557,4.963498408207992,4.894203752881544,4.804665640065254,4.694878818279293,4.5651435097210795,4.416178181925012,4.249202408264408,4.065977278922862,3.8687947115733614,3.6604112527566883,3.4439264018306175,3.222610262874659,2.9996907713511267,2.778117155629933,2.5603235260194093,2.348023359343298,2.1420695619750396,1.9424120911694975,1.7481727836916912,1.557835375787077,1.3695230388884438,1.181315056392919,0.991546438986327,0.7990415271686588,0.6032505852844644,0.40427942953070567,0.2028198345775944,-4.6402940705906326e-7,0.06201597019011884,0.13064125579041055,0.21144673396234445,0.30852806279234113,0.4246758510379784,0.5617909134284056,0.7212591058516952,0.9041835521763212,1.1114749479707524,1.3438343242329815,1.6016695326051906,1.884986019465198,2.1932882761547665,2.5255208315071425,2.8800673400705836,3.2548146329653886,3.647277152560861,4.05476723934235,4.47458904201677,4.9042288300096555,5.341512582090127,5.784703348148283,6.232516467007945,6.68404042395963,7.138564419955007,7.595329044256469,8.053231159705085,8.510524970923157,8.964565334618324,9.411635222071512
4.357950472555805e-7,0.061602095385130215,0.1386994320558947,0.24148288602321236,0.37466976419677506,0.5396635265180163,0.7361549869544141,0.9629043276399953,1.2180873331769935,1.4994535141858103,1.8044057657867882,2.1300467657890025,2.4732112179375094,2.8304926231231384,3.1982689866529848,3.572730024349431,3.9499075485099926,4.3257101985278945,4.695963280063477,5.0564540895672465,5.402982694788222,5.731417717668817,6.037756241849917,6.31818656875817,6.5691522015998505,6.78741517094966,6.970116649353211,7.11483274897519,7.2196234615958605,7.2830728820355,7.3043191446970095,7.302224110716498,7.295957819849961,7.285576382574786,7.271172245068081,7.252872598236949,7.230837182509634,7.205255521045092,7.1763436239884655,7.144340216695587,7.1095025553767215,7.0721019041747475,7.032418758000666,6.990737905093128,6.9473434317435325,6.902513778346735,6.856516960264972,6.809606068294385,6.762015161223004,6.7139556566176966,6.665613315318632,6.61714590015296,6.568681570397831,6.520318051135327,6.472122591749493,6.424132701568185,6.376357624358999,6.328780488419739,6.281361046669563,6.234038902589806,6.186737103964176,6.137461646511018,6.084753134216099,6.029293632158104,5.971718932713436,5.912617226075198,5.8525298104227295,5.791953454249221,5.7313439360260565,5.6711202386595465,5.611668873101244,5.553347847900778,5.496489886051567,5.441404609764059,5.388379556940096,5.33768004661091,5.289548059364754,5.24420042748404,5.201826724063494,5.162587289660835,5.126611832477478,5.093998982992585,5.064817082225486,5.039106346450429,5.016882396978014,4.998140990038305,4.982863645108581,4.9710237605186505,4.962592726339286,4.95754549801862,4.9558650890326295,4.945276154609022,4.913577550640213,4.860980026459831,4.787854300272325,4.694756771393656,4.582458988113634,4.45197532657152,4.304582985871146,4.141828726898901,3.965517725331275,3.7776813814654995,3.5805228268651508,3.376341092136247,3.167437357884423,2.9560092873995667,2.744041948993474,2.533205960008431,2.324774734778891,2.1195724753704277,1.917962224010943,1.7198786525902094,1.524903708069024,1.3323759699468738,1.141518371841337,0.9515655057978848,0.7618720240730552,0.5719874988317094,0.3816893304644152,0.19097232507912515,5.483097807046715e-7,0.46756662504820207,0.9561290273823039,1.4831792544113203,2.060218610032835,2.6917253225272004,3.3753543857983748,4.10285464505236,4.8612664090908435,5.6341645340143645,6.40286582254519,7.147592009770967,7.848596838743226,8.487257382220045,9.047113700636615,9.514825367367486,9.881001328662961,10.14085156421737,10.294604621176402,10.347633625634256,10.310234744986424,10.197008068976327,10.025806893727992,9.816257664227823,9.587922372744842,9.358284491254764,9.140873726778924,8.944088335480266,8.769341337115419,8.61531969315321,8.47502642099245
4.6404700217098605e-7,0.061602095385414675,0.13869943205601967,0.24148288602332915,0.37466976419688175,0.5396635265181091,0.7361549869545045,0.9629043276400777,1.2180873331770765,1.4994535141858885,1.8044057657868586,2.1300467657890705,2.473211217937572,2.830492623123198,3.1982689866530394,3.5727300243494793,3.9499075485100357,4.325710198527934,4.695963280063512,5.056454089567277,5.402982694788249,5.73141771766884,6.037756241849934,6.318186568758185,6.569152201599862,6.78741517094967,6.970116649353221,7.114832748975197,7.219623461595866,7.283072882035506,7.304319144697012,7.30674965270906,7.314012834578131,7.326024361080267,7.342645981736056,7.363688882892118,7.388918216939212,7.418058644771342,7.45080070687964,7.4868078226121755,7.525723711852584,7.567180037496873,7.610804078807674,7.656226262811575,7.703087401134356,7.751045500981907,7.799782039674198,7.8490076109849545,7.898466867774913,7.947942698735181,7.997259587578063,8.046286111142795,8.094936539267099,8.143171504703433,8.19099771667912,8.238466697735332,8.285672530918186,8.332748613635673,8.379863425359012,8.42721532747978,8.475026420992444,8.500558071200425,8.473391922697619,8.389555266669266,8.256994182678598,8.08982943457944,7.901049523352571,7.6999975559174505,7.492890662572617,7.283898556649161,7.0759679835216405,6.871339478267091,6.671850121111563,6.479102398914734,6.294549256615195,6.119524998090708,5.955240483576087,5.802755576709683,5.662939402645235,5.536428019701646,5.423588485376564,5.324497277498428,5.238939191764263,5.166430103942022,5.1062636389935205,5.057578376964475,5.019439373549665,4.990925972491064,4.971217340738373,4.959667755918928,4.955865089032644,4.945141105641037,4.913048636644143,4.8598315993974275,4.785913779064115,4.691921373206498,4.578708303212004,4.447378972966256,4.299302808777382,4.136115218514128,3.959700525020965,3.7721538861070987,3.5757211263506257,3.3727176922096973,3.1654305138522947,2.956009287399552,2.7463563532885544,2.538026548278722,2.332149564905675,2.129386758047501,1.9299313961446491,1.733555928251951,1.5397025794427077,1.347605990636412,1.1564306322351678,0.9654030081445869,0.773919910982446,0.5816186643637797,0.38840203968632125,0.19441786534562197,4.357950472555805e-7,0.27339119732276157,0.5433387730652934,0.8068511713271415,1.0618239607979647,1.3073642129594496,1.543893650078334,1.7729787788323585,1.9969096336988217,2.2181158857991448,2.4385646986878093,2.6593109264278874,2.8803608541362635,3.101072874895138,3.323054428075705,3.511008599730136,3.725264351048513,3.925329300596512,4.117654138345492,4.304096673990212,4.486448586225239,4.666384868618471,4.8450926819295255,5.022993736180226,5.199696994585037,5.374207568616926,5.545325638841355,5.712104653385074,5.874215510612798,6.032085196629719,6.186737103964175
5.483097807046715e-7,0.5239520204557013,1.0466820430913284,1.567660883408866,2.0876099561859105,2.608801184442754,3.1350066948108557,3.671061864543813,4.222085423737217,4.792487589635807,5.384960654865794,5.999657082547296,6.633711113555453,7.281173021301668,7.933336795395782,8.579380629686506,9.20721355183911,9.804422793117219,10.359231292073627,10.861391931883212,11.302958962825805,11.678886174456958,11.987406887843797,12.230155139544255,12.411993796922529,12.54052790653381,12.625304952682015,12.676741462172343,12.704866900007662,12.718032334778595,12.72177449994819,12.718266122158855,12.707750248480322,12.690254602006176,12.665825201763731,12.634526085107504,12.596438922232508,12.551662525944995,12.50031226068978,12.44251935566667,12.37843012766874,12.308205120034364,12.232018164815882,12.150055375922902,12.062514081590193,11.969601705040645,11.871534602655199,11.768536869319075,11.660839120878961,11.548677263819004,11.432291262343627,11.311923913049515,11.187819637293591,11.060223301248389,10.929379073537934,10.7955293303673,10.658913618390157,10.519767686576857,10.3783226008313,10.234803960785413,10.089431251182317,9.963787398453974,9.887983045100167,9.86763422900163,9.89634427947627,9.96146362249347,10.051411833470816,10.158202551239578,10.276929943937988,10.404687981933284,10.539734283098534,10.68095145511228,10.827512502813828,10.978671368047536,11.133630571450627,11.291459178021622,11.451046312665397,11.611081703278701,11.77005778518391,11.92628928016476,12.077946721923976,12.22310061069596,12.359772994938245,12.485993418505458,12.599856381059567,12.699577738015147,12.783547793844061,12.85037919303234,12.898948063146271,12.928427197945991,12.938310376761216,12.928649151618437,12.898575603394857,12.84494600451718,12.762921135651029,12.64650415555841,12.489184220581574,12.284607170714773,12.027203398079479,11.712720258677312,11.338626337969373,10.904373231288261,10.41151500875776,9.863695681055436,9.266521255215403,8.627336216503323,7.954925293655649,7.259160739504666,6.550613423023051,5.8401429289009545,5.138477643567599,4.455790543254434,3.801270393968788,3.1826822533482346,2.6059077936826216,2.0744596922741274,1.5889829765022552,1.1467989643384469,0.7416158726541674,0.3635993138891309,4.6404700217098605e-7,0.06976065443410323,0.15578298388804018,0.2685452406190827,0.4123779817717438,0.5877742094090889,0.7932607505084347,1.0264265423256602,1.2844759445900347,1.564563757207329,1.8640167255818114,2.180465224185873,2.5118580012060985,2.856187490956011,3.208929579689145,3.602643585556421,3.974872214114248,4.3648869260556165,4.766009920182604,5.176996272858261,5.5971434589457525,6.025854615739785,6.462523134359445,6.9064519072809585,7.356758731879892,7.812258549136704,8.271322196906143,8.73156665467709,9.191139014455262,9.64500050326877,10.08943125118231
-2.746107758947616e-7,0.5259999108964476,1.052708310616658,1.5813048294067646,2.113785843658188,2.6530792279430564,3.2028645975112937,3.7670966636035312,4.349300096117763,4.951765203819993,5.574803343844351,6.216207831169544,6.871016684132048,7.531608506547817,8.188104793408048,8.829014445054016,9.442040774413666,10.014971510289822,10.536580119573312,10.997475985052962,11.390848238919132,11.713052293538444,11.96398971332178,12.147232514941043,12.269845073129952,12.341865199797098,12.37542725348837,12.383551311520339,12.378686411641064,12.371174468418678,12.367870159898445,12.364317992397533,12.353670172502905,12.335952696906553,12.311208723425757,12.27949831752959,12.240898100526154,12.195500802433418,12.143414723382037,12.084763108194608,12.019683439546078,11.948326655828243,11.870856300509248,11.787447610392318,11.698286550725987,11.603568805598261,11.503498732449058,11.398288289854134,11.28815594796313,11.173325591108044,11.054025422131136,10.930486877908914,10.802943565367968,10.671630226995799,10.536781744445802,10.398632188320274,10.257413921590254,10.113356763382601,9.966687219037608,9.817627781423932,9.666396307503314,9.541900869016386,9.485458237774601,9.500209965820353,9.569357056446924,9.672833648115104,9.79700485071297,9.934200493981198,10.08027377555674,10.232929345320354,10.390806115057652,10.552986133694732,10.718723008050105,10.887285268394415,11.057863630711227,11.229516965561066,11.401144179689307,11.571475201052719,11.739077120528721,11.902372838750908,12.059670064730403,12.209198622526952,12.349153973618588,12.477744788678175,12.593242375443936,12.694029820556286,12.778648836409289,12.845842506431891,12.894592373432403,12.924148594690696,12.93405217711701,12.92171070433631,12.8838494090479,12.818052723374795,12.720598295546495,12.58686892922836,12.411852212282025,12.190670192286243,11.919085585324286,11.593941658779526,11.213506549109523,10.777706343520741,10.288242860781864,9.748600900771724,9.163955759943564,8.54099539145574,7.887673190337419,7.212907414979371,6.526242013857244,5.837481312957929,5.156307807767507,4.491888453647396,3.8524709015085836,3.2449682236596087,2.6745310131580515,2.14411298142536,1.6540551341513103,1.2017476285199291,0.7814726949639103,0.38456428729649,-1.4473018322089637e-7,0.0647673106553222,0.14047167525736395,0.23492137337902388,0.35209452763805277,0.49314820837821094,0.6576174206045566,0.8442641601410785,1.051612238707732,1.2782824111903346,1.5231959769203738,1.7856768044900313,2.0654658557369223,2.3626607299164624,2.677597774643606,3.010700359254031,3.362320132327151,3.7325964101144185,4.121352169890581,4.528035111337451,4.951701526642531,5.391031866272494,5.844361662155789,6.309710521865253,6.784794898840137,7.267016265400156,7.753423799410842,8.240658261245594,8.724889993255895,9.201767809286308,9.666396307503314
-1.4473018322089637e-7,0.060741928844055146,0.12973925441302667,0.21380565346805472,0.3177887258749257,0.44484053253174805,0.5968918554235639,0.7750005896679732,0.9795324637471623,1.2102306219188006,1.4662314673779457,1.7460642239556234,2.0476549615255157,2.3683451660770616,2.704928620283289,3.053706692838687,3.4105600343318274,3.771033526847473,4.130430787146282,4.483914379361574,4.826608030542752,5.153697478854733,5.460527057297443,5.7426896722095115,5.996108426996712,6.217108722424146,6.402480194827017,6.549528298617849,6.6561156742813,6.72069365349293,6.742324337390519,6.740585316252413,6.735385723674365,6.726777659278932,6.714846917037775,6.699711442041543,6.681519200034543,6.660445490476959,6.636689743594617,6.6104718520775565,6.58202809871226,6.551606752083623,6.519463413245017,6.485856206483822,6.4510409164435485,6.415266181246195,6.378768856174761,6.341769664214662,6.3044692476686,6.267044728654615,6.22964687529785,6.192397954846266,6.155390335128593,6.1186858724194755,6.082316097893491,6.046283187697747,6.010561674669449,5.975100834316184,5.939827655216731,5.904650285626121,5.8694618346123555,5.832236704468258,5.791471752586969,5.747793266056282,5.701769415937231,5.653909528010484,5.604666183648157,5.554439763266998,5.5035849123678435,5.452418317403529,5.401227133398071,5.350277410323751,5.299821918699019,5.250106870162822,5.201377155855092,5.153879871986401,5.1078660547825,5.063590693097624,5.021311214750403,4.981284742495278,4.943764480667482,4.908995620305842,4.8772111388763335,4.848627824163603,4.823442777537345,4.801830559639057,4.783941043529379,4.7698979490134645,4.759797958711933,4.753710270298472,4.751676425028408,4.7419383999071325,4.712753422815572,4.664218162756684,4.596523589415754,4.509995072820061,4.405139810928463,4.282694270258816,4.14366394451011,3.9893482280874735,3.821344447250447,3.6415269251058917,3.451999211675992,3.2550201524735267,3.0529072014195178,2.8479232197187487,2.642155804050839,2.4374006833914588,2.23506243428052,2.0360860012241635,1.8409305250697274,1.6495923061835918,1.4616765948213934,1.2765095243075097,1.0932739169402803,0.9111480584823753,0.7294262271116583,0.5476037629075728,0.36541646626312074,0.18283219839742904,3.7581225609626265e-7,0.4953627474470397,1.008576673241403,1.5547930897306268,2.14442490518074,2.782089291250274,3.466455761899247,4.190720585612027,4.943433326181409,5.709497952201556,6.4712611228582295,7.209649665579819,7.905333364618005,8.539883907278838,9.096889119617325,9.562970909299592,9.928648871690383,10.188990052050164,10.343988379758201,10.398623951294601,10.362562338815835,10.249468724633777,10.07593479790583,9.86005464092466,9.619746105410394,9.370996142461204,9.126293849190654,8.893561530386593,8.675850618059457,8.47191431578003,8.277545722134512
3.7581225609626265e-7,0.060741928845099255,0.12973925441336231,0.21380565346841948,0.3177887258751137,0.4448405325318763,0.5968918554236439,0.775000589668039,0.9795324637472456,1.2102306219188657,1.466231467377995,1.7460642239556692,2.047654961525548,2.3683451660771073,2.704928620283332,3.053706692838719,3.410560034331852,3.7710335268475035,4.130430787146314,4.483914379361595,4.826608030542773,5.153697478854754,5.460527057297466,5.742689672209534,5.996108426996733,6.21710872242417,6.402480194827042,6.5495282986178704,6.656115674281323,6.72069365349295,6.742324337390539,6.745417982976118,6.754663716066335,6.769956870354171,6.791126107495202,6.817937926966679,6.850102696114497,6.887281945168863,6.929096635445792,6.97513609287297,7.024967302016019,7.078144274789867,7.134217238784172,7.192741428001254,7.25328529944042,7.315438038706641,7.378816253964394,7.443069788408372,7.507886606230096,7.57299672585353,7.638175187609022,7.703244052013706,7.768073430644644,7.8325815555174065,7.896733896177053,7.96054133752085,8.024057436689823,8.087374784965382,8.150620511019758,8.213950975342447,8.277545722134514,8.312531031506847,8.278621607671749,8.174483570546936,8.01859110589953,7.832547711902083,7.631384922295214,7.424025382012396,7.21571980835566,7.009711950853925,6.808145309356651,6.612539958350463,6.424046484949864,6.243582966382478,6.07190809958568,5.909658253129778,5.757364017927004,5.615455700964944,5.4842638652673985,5.364018982879313,5.254852865121345,5.156803468021312,5.069823813064639,4.993795062807344,4.928543229295588,4.873858566144449,4.829516402414532,4.795298017177471,4.771010123019188,4.756501614234406,4.75167642502839,4.741938399907122,4.712753422815562,4.664218162756677,4.5965235894157415,4.509995072820059,4.405139810928456,4.282694270258805,4.1436639445101,3.9893482280874633,3.821344447250435,3.641526925105882,3.4519992116759837,3.25502015247352,3.0529072014194947,2.8479232197187323,2.642155804050818,2.437400683391436,2.2350624342805085,2.0360860012241253,1.8409305250696957,1.6495923061835525,1.4616765948213524,1.2765095243074767,1.0932739169402304,0.9111480584823385,0.7294262271116078,0.5476037629074805,0.36541646626299756,0.18283219839720466,-2.746107758947616e-7,0.26949283912885813,0.5338676698731671,0.7888931024464431,1.03197351636701,1.2626239508285022,1.4825475100180734,1.6952406570175742,1.9051549453481154,2.1165911707861307,2.332631029783649,2.5544321937357815,2.7810859296736514,3.010025529486027,3.2377962971268635,3.4609266702977757,3.676667009041016,3.883439376505872,4.08092977665384,4.269838982064759,4.451385170539472,4.626712285099728,4.796384964817093,4.960127659899113,5.116891658841779,5.265231311124353,5.403874833100639,5.532315333352305,5.651236354958754,5.762620558150892,5.869461834612348
4.861012699595355e-7,0.06460690726214698,0.13684302028021703,0.2233266389842413,0.32920917688734175,0.45825529333955406,0.6131132388700717,0.7955340902772372,1.0064829464757084,1.2461718872655243,1.514057461088982,1.8088339068481358,2.1284398910313094,2.470086850949511,2.8303109907443678,3.205047448956368,3.5897232008011475,3.979364268290136,4.368712431521746,4.752346661860605,5.124804812219898,5.480701621728111,5.814839759120263,6.122311383861234,6.398588489610199,6.639601055108003,6.8418027099557905,7.002224181033167,7.118515184558919,7.188975648957383,7.212577192113133,7.210712842445099,7.205137562034323,7.19590433121935,7.183100370679757,7.166845538897085,7.1472901234096735,7.124612061177216,7.099013634077936,7.0707176965524585,7.039963503548757,7.007002217972714,6.972092187453816,6.935494089926952,6.897466055742819,6.858258880113365,6.818111443008877,6.777246453512668,6.735866631565655,6.694151431620546,6.652254399831355,6.610301239171712,6.568388635765804,6.526583875500875,6.484925253725276,6.443423253779775,6.402062443635907,6.360804015390088,6.319588871038038,6.278341140855921,6.236972008573386,6.191691070367208,6.142824397473524,6.091190809896395,6.037529727679992,5.982494278512721,5.926648563461394,5.870469016180946,5.814349557752482,5.758610033614113,5.703507240563597,5.6492477262507945,5.596001480491083,5.5439156394318925,5.493127385397359,5.443775336773315,5.396008869643807,5.349994980827283,5.305922476007634,5.264003434565958,5.224472055274508,5.187581118167362,5.153596404422983,5.122789496908939,5.095429439479387,5.071773764227182,5.0520594039354085,5.036493993175155,5.0252480270389395,5.018448292716099,5.0161729177850605,5.005563061388176,4.973810740350364,4.921151305066413,4.847988485112276,4.754909775791792,4.642704519360013,4.512381640566694,4.365183601635189,4.202592929957597,4.026327578192551,3.838321387001882,3.640686158828165,3.4356526363224233,3.2254894671778724,3.0124023779802966,2.798420162591646,2.5852789148789115,2.37431983009697,2.1664173680667798,1.961952520634314,1.7608400684924757,1.5626098014698282,1.3665315055235472,1.1717645295143022,0.9775072291242944,0.7831209199129512,0.588207522843857,0.3926298520658035,0.1964779522084554,4.861012699595355e-7,0.08339097857382445,0.17330922588499462,0.27530758886281814,0.3934521577131077,0.5303489184118296,0.6874815406029727,0.8656138441539954,1.065123675198056,1.2862282840380086,1.5291054803486377,1.7939303195592562,2.0808513869059504,2.389931111691547,2.7210731723838792,3.073957282415887,3.4479969303741957,3.8423285036878734,4.255822490287702,4.687196819723155,5.13491296951166,5.597408701234744,6.073016145376369,6.559978413281576,7.056395852637904,7.560132927650517,8.06869516933098,8.579093468826352,9.087716677828533,9.590242548051293,10.081586896551574
5.126287246225613e-7,0.06460690726149676,0.13684302027955622,0.22332663898400656,0.32920917688705414,0.4582552933392729,0.6131132388697713,0.7955340902769577,1.0064829464754537,1.2461718872652694,1.5140574610887563,1.8088339068479138,2.128439891031082,2.4700868509493032,2.8303109907441626,3.2050474489561718,3.589723200800961,3.9793642682899537,4.368712431521567,4.752346661860432,5.1248048122197325,5.480701621727944,5.814839759120103,6.122311383861076,6.3985884896100425,6.639601055107847,6.8418027099556395,7.002224181033018,7.118515184558769,7.188975648957241,7.212577192112985,7.215571907730951,7.224521352140327,7.239322343994693,7.25980596075009,7.285741970617067,7.316844773521583,7.352780612396977,7.393175780061944,7.4376255292170566,7.485703392712412,7.5369706356202695,7.590985586184974,7.6473126253987,7.705530650876419,7.765240866528896,7.826073782699331,7.887695340260616,7.949812095837457,8.01217542372589,8.074584703712265,8.136889473732687,8.19899053330445,8.26083998916275,8.322440239824388,8.383841902071952,8.445140690659688,8.506473273723108,8.568012140995851,8.629959540229828,8.692540559020363,8.722091393822813,8.675684698745426,8.555090796783551,8.382927207522286,8.182442930106681,7.9687985055966655,7.750728315298819,7.533311070958279,7.3196600858928855,7.111803767626184,6.91114013119473,6.718678735671533,6.535174290094005,6.361202880700553,6.197206781773684,6.043521804992671,5.900395052182504,5.767997625263997,5.646434919771598,5.53575595231857,5.435962446053839,5.347017960000232,5.268857096694696,5.201394685882373,5.144534768790445,5.098179164787107,5.062235373726522,5.036623549670192,5.021282279316154,5.01617291778509,5.006210702632651,4.976335088761146,4.926590017878757,4.857083228309773,4.768032460845874,4.659819882361861,4.533046252148211,4.388576158689436,4.22756664756293,4.051473623161093,3.862033290056,3.661219211818345,3.4511787567938352,3.2341551338796153,3.0124023779803264,2.7881004013841038,2.56327598101815,2.3397340143037497,2.1190021418696525,1.9022910570284421,1.6904722321209626,1.4840739791267221,1.2832954566060466,1.0880364460919398,0.89793873339262,0.7124332565957971,0.530786546614073,0.35214125316619854,0.17554918395751434,5.495816590025996e-7,0.5191224306191773,1.0572046160430524,1.630319904157651,2.2494868145861338,2.9195658736523,3.6391345845134904,4.4010277121382195,5.193236170181212,5.999967716257679,6.80277588998097,7.581721421619557,8.316548619706598,8.987855446324973,9.57822412295926,10.073267214556786,10.462535796546312,10.740232464624912,10.90567217113428,10.963437231220833,10.923178735547634,10.799025868096914,10.60858094389839,10.371509001131662,10.107787001782237,9.835765937490361,9.570308984137547,9.321358763195038,9.093290217679744,8.8852606465447,8.692540559020365
5.495816590025996e-7,0.557321967876409,1.11554666344564,1.676012616189415,2.240808491220021,2.8128651413927144,3.395766170802493,3.9932773763585336,4.608662512171295,5.243909303229178,5.899016416706583,6.5714795192315725,7.256068751871875,7.94492947855259,8.627983312305565,9.293569695648394,9.929251684247497,10.522707905138521,11.06263875185541,11.539622956531822,11.946867420748493,12.280797374861502,12.541435813076635,12.732522137251095,12.861322845321524,12.938096571159178,12.975198294944047,12.985849729862212,12.982667102851813,12.97611513446847,12.973122601953724,12.969283655665258,12.9577767411473,12.93863157189027,12.91189747234403,12.877643082517666,12.835955947711577,12.786941996653605,12.730724912214344,12.667445399758149,12.59726035903706,12.520341966351653,12.43687667447698,12.347064138578327,12.251116077011547,12.149255076511052,12.041713351804615,11.92873147015254,11.810557051678819,11.687443456637682,11.559648470929513,11.427433001240871,11.291059791123415,11.15079216914256,11.006892839911492,10.859622728376118,10.709239887131487,10.555998475828302,10.40014782087615,10.2419315626773,10.081586896551583,9.954658078081309,9.903437959427322,9.928246202526354,10.008413880438164,10.122483839570776,10.256915959645982,10.404410053401024,10.561119750096076,10.724945379588643,10.89463551512136,11.06931408679284,11.24822099889512,11.430563852191616,11.615431951549084,11.80174875416536,11.988250591895945,12.173484995350393,12.355824492731456,12.533492869085677,12.704601300183425,12.867191908952883,13.019286338424786,13.158936998649168,13.284278769554875,13.393579133359342,13.48528495444665,13.55806439882535,13.610842766616095,13.642831281755061,13.653548132582303,13.638750976247598,13.593612360599735,13.515975738795921,13.402518631924227,13.249123419543814,13.051330496638267,12.804823411953699,12.505898067504098,12.151876322569555,11.74143563371868,11.27483815367186,10.754053254083336,10.182775832988339,9.566348786062465,8.911601823574301,8.226620718555749,7.520461396463645,6.802822279512069,6.083686172718709,5.372939903984287,4.679976187881343,4.013278360810023,3.3799859854220946,2.785440274113617,2.2327168977631384,1.7221752678532156,1.2510910002897637,0.8134852800658271,0.4002951555848132,5.126287246225613e-7,0.28119048124853724,0.5578287155710929,0.8261147849672086,1.0836433053574928,1.3298169024359023,1.5659230086153375,1.7948149454189508,2.0202269881301005,2.2458659015688047,2.4745151882226444,2.707405490279325,2.9440190264331574,3.1823450978067283,3.419463766752609,3.6522623238685394,3.878090822805263,4.095212502140427,4.3029825649594144,4.501662168130078,4.692233597301508,4.875759206217866,5.053059996036692,5.224419347463348,5.389556093817994,5.547842100693028,5.698689548744719,5.8419754045206505,5.978352060768496,6.109316678463142,6.236972008573386
-3.3244339947810656e-7,0.5274163709882277,1.0551133435117046,1.5838481461939287,2.115208853223261,2.6517426035107423,3.196793402036938,3.7540436103963355,4.326822283112249,4.917304923049424,5.52576170240961,6.150001982223289,6.7851165003053495,7.423554276804061,8.055511904766357,8.669573140342651,9.253519286608906,9.795230070897393,10.283602362449551,10.709423556955892,11.06614396211003,11.350496563816646,11.562913135821061,11.70768391575961,11.79280666193016,11.829474907832207,11.831172848999874,11.81238572174769,11.787006780204331,11.766618989694312,11.758922508809682,11.755327620537061,11.74455128483917,11.726618444578754,11.701570523231556,11.669465204209887,11.630376124439413,11.584392484693083,11.531618579871903,11.472173253085632,11.406189278023465,11.333812674708051,11.255201964291466,11.170527369074026,11.079969964398108,10.983720789485654,10.881979924643023,10.7749555425433,10.66286294150967,10.545923568858791,10.42436404241451,10.298415178269805,10.168311032758826,10.034287966409604,9.89658373740276,9.75543663181024,9.61108463773817,9.463764670702673,9.313711858771663,9.161158900016298,9.006335517377007,8.887100482022364,8.857523127761384,8.908042920416468,9.007076202498208,9.131734131704695,9.270594477269992,9.418331959973049,9.572394698491378,9.731472423229658,9.894792220729173,10.061774339314239,10.231852899936552,10.404378600940094,10.57856606957732,10.753467876234184,10.927966017912018,11.100775958750706,11.270460509666378,11.435451943362079,11.594081227211849,11.744613354699986,11.885287626894458,12.01436150473687,12.130156420015602,12.231103767404752,12.315789239707929,12.382993722238808,12.43172911742105,12.461267702794819,12.471163907681333,12.459973109542307,12.425477672301543,12.365019344615908,12.274520643209236,12.148960029516926,11.982941762513175,11.771290602531005,11.509608117892737,11.194741672645797,10.82513451628148,10.40104199921985,9.924612647477172,9.399842932691442,8.832421274461314,8.229480710868241,7.599281410221736,6.950844284689026,6.293555758808819,5.636761491213059,4.989363787148604,4.359433940432862,3.7538474703479436,3.1779483147293037,2.6352492108070966,2.1271816757519413,1.6529210292165368,1.2093268072282435,0.7910472107346207,0.39082435557470285,-2.5564832375206355e-7,0.5003247216751504,1.0150780751443993,1.557026724709031,2.1358216766881744,2.7569155566663763,3.4209311282528185,4.123480333152033,4.855387963226417,5.60326297921783,6.35036189929872,7.0776866756391525,7.765250579923657,8.39343366625395,8.944339555456848,9.403061113771155,9.758765338815664,10.005516845666564,10.142773058357507,10.175500444655992,10.11387823794598,9.972574077262802,9.769598013907766,9.524774738672834,9.257928808323252,8.986959751416727,8.726080172096944,8.484555977539832,8.266259480341937,8.070167363530436,7.891748508212891
-2.912713797006768e-7,0.06005792332446683,0.12489830057602361,0.1992342018848669,0.2875922922885921,0.39414249859787776,0.5225081166295481,0.6755964077018328,0.8554724333693633,1.0632806373591186,1.299209666613379,1.5624941909767907,1.8514484358425043,2.163527141481765,2.495410010005498,2.8431055461195154,3.2020698507603265,3.5673356229182374,3.9336464982711092,4.295591962062683,4.647738427746142,4.984752650593582,5.301514403411533,5.5932162208982525,5.855448950827173,6.084272759830516,6.276274055658307,6.428609440438482,6.53903824884962,6.605945419565163,6.628356390693306,6.630824138567392,6.638199663591636,6.650400545206256,6.66729183662261,6.688689593426364,6.714365616312773,6.74405322809906,6.777453876267836,6.814244336478759,6.854084289247669,6.896624049725521,6.941512246837663,6.988403270227489,7.03696432874568,7.086881990196953,7.137868096752926,7.189664972508741,7.242049858342393,7.294838524314688,7.347888021557808,7.401098544508213,7.454414381245465,7.507823935517041,7.561358809710466,7.615091944468455,7.669134818562742,7.723633722491688,7.778765130891239,7.834730210690399,7.891748508212893,7.914766704831203,7.84942249683557,7.707410271088451,7.522330366974662,7.318941776745947,7.110361564590721,6.9034065467315155,6.7018895999753925,6.5081247592036595,6.323605359214622,6.149323250482142,5.985925620431786,5.833794609622104,5.693090070468772,5.5637767176849335,5.445647737858955,5.338351556053328,5.241424625419927,5.154330109666133,5.076500089093294,5.007377531961984,4.9464537833001305,4.893297668856996,4.8475733357107025,4.809045451849974,4.777572145344377,4.753087833659775,4.735579595228026,4.725061687450562,4.721553010167743,4.712944083145641,4.6869929799437795,4.643357173694739,4.581562642277169,4.501133914215037,4.4017485917545836,4.283394753481758,4.1465100424243975,3.9920841072070483,3.8217104225324277,3.637578486645168,3.442402409848328,3.239286825271673,3.0315361420550566,2.8224189824182164,2.614906741627754,2.41141354121301,2.2135729973939062,2.022091844333228,1.8367167807977114,1.6563352149861885,1.4792037626696692,1.3032678850070327,1.1265133053227436,0.9472835679557255,0.7645093348248823,0.5778179837227214,0.3875195004283909,0.19449092900695933,-3.3244339947810656e-7,0.06316740971807093,0.13290705310878692,0.21429882577694293,0.3103273719368778,0.42213784256594056,0.5496296930460917,0.6920665498847527,0.8486651911743768,1.0191768654577202,1.2043211003513419,1.4058268960140856,1.6260322553684652,1.867315908291174,2.1316727443965706,2.420517794035791,2.734636306513244,3.074191388872982,3.4387520776426053,3.8273326386524094,4.23837135607599,4.670617156254102,5.12080678925566,5.5869549599905195,6.066104832360301,6.555040884198358,7.0501905807319964,7.5475715889914365,8.042745433792469,8.530802235710047,9.00633551737701
-2.5564832375206355e-7,0.06005792332502266,0.12489830057644627,0.19923420188512475,0.28759229228877975,0.3941424985980411,0.5225081166297328,0.6755964077020219,0.8554724333695652,1.0632806373593222,1.2992096666135802,1.5624941909769887,1.8514484358426981,2.1635271414819592,2.4954100100056884,2.8431055461197,3.2020698507605077,3.5673356229184146,3.933646498271282,4.295591962062856,4.647738427746311,4.984752650593746,5.301514403411697,5.593216220898416,5.855448950827333,6.084272759830676,6.276274055658466,6.428609440438641,6.539038248849777,6.60594541956532,6.6283563906934635,6.626561909185959,6.62119786913999,6.612322129261156,6.600029942534252,6.584452203876613,6.565753027302195,6.544126684322889,6.519793946068598,6.492997883392702,6.463999192004892,6.433071123239311,6.400494115033461,6.366550231481623,6.331517532157534,6.29566450333328,6.259244691197815,6.222491681113197,6.185614565823796,6.148794038537023,6.1121792334308624,6.0758854163497045,6.039992602681599,6.004545148649071,5.969552327977977,5.934989870009398,5.900802399886445,5.866906688611459,5.833195592459385,5.799542539002799,5.765806401862952,5.722613438019227,5.676054831812329,5.62716928983097,5.576909655902023,5.526119850758364,5.475516818545024,5.425678682420523,5.377039983541202,5.329894425981301,5.284405018843411,5.240620958271821,5.198500093000112,5.157935423452118,5.1187838303465245,5.080895122459405,5.044139521082566,5.008431835279585,4.973750802158816,4.940152355876276,4.907775949488443,4.8768434975156785,4.84765104122799,4.82055384109567,4.795946201637487,4.774237820989694,4.755828717188479,4.741084759317881,4.730315562536949,4.723756104532422,4.721553010167738,4.711957301824347,4.683133226946289,4.634993103379576,4.567464580545155,4.480589837154947,4.374643328475191,4.250250733357589,4.1084911139347255,3.950965473421898,3.7798173835382607,3.597694731462859,3.4076457870343266,3.212948040916838,3.016875375333956,2.8224189824182253,2.6319902415860783,2.447147744313219,2.268400970700425,2.0951424195174333,1.9257420731187653,1.7578036526554843,1.588541881725115,1.4152102027844085,1.2355008054649674,1.0478533129288312,0.8516350681464928,0.6471834154324063,0.4357230931733933,0.21918956091667632,-2.912713797006768e-7,0.2878672645148112,0.5666105944260859,0.82858144627582,1.0689452624493179,1.2866958182109547,1.4850925099737096,1.6712310181124772,1.8545396260377693,2.0443374117579065,2.2471827226311585,2.4651281524084783,2.69561491711902,2.932803277115249,3.169529870412547,3.399151529404855,3.6168808021517496,3.8204752123092613,4.010269543559297,4.188624322717611,4.3590195785804315,4.524073964492626,4.6869125812244015,4.8473411399626665,5.004129882743226,5.154866022717273,5.2969403776810084,5.428522182291957,5.5492883251688685,5.6607095751077665,5.765806401862955
-5.024889604923303e-7,0.601437509434045,1.2030512072073594,1.8056707190903492,2.4112793795236183,3.0232288162191154,3.646080472428546,4.285058091859069,4.945184079378957,5.630255841682035,6.341865472068489,7.078657283260709,7.835956793522218,8.605818474196283,9.377460313038469,10.13800179413071,10.873401432684112,11.569491769579496,12.213022005136763,12.792632408298289,13.29969583825459,13.728969144507069,14.079001891841552,14.352254046548556,14.554881307061919,14.696161186722009,14.787560021827433,14.841484956971662,14.869825000105859,14.882451357191789,14.88589798589447,14.88188282690191,14.869848065395912,14.849825780437357,14.82186921313468,14.786052432475605,14.742469871125556,14.691235734805408,14.632483289864204,14.566364034640772,14.493046761159016,14.412716514615745,14.325573458993722,14.23183165795602,14.131717780945724,14.025469745117427,13.913335304356167,13.795570597186382,13.672438665828281,13.54420795901122,13.411150831397105,13.273542052585698,13.131657338665766,12.9857719191281,12.836159151662779,12.683089196919415,12.526827764709735,12.367634942376304,12.205764115141802,12.041460987193828,11.874962711058545,11.730731802160777,11.642614647634728,11.61686798838591,11.646766843097685,11.718586664815172,11.819457168411027,11.940310959598069,12.075481571514652,12.221563188129473,12.376483017139012,12.538888620022565,12.707762694028848,12.882181268806255,13.061161699512732,13.24356963701638,13.428067541945323,13.613094470780027,13.796870462648902,13.977420552503265,14.152614186508755,14.320216153994465,14.47794536351027,14.623538016237498,14.754812017995176,14.869729822322475,14.966457289620639,15.043416552927068,15.099331274865085,15.133263045921446,15.144638003657372,15.132559274400105,15.09516187133257,15.029091964779713,14.929173579121063,14.788967427652628,14.60144467136486,14.359696208039223,14.057605641182073,13.690430335054783,13.255254485444544,12.751296632907822,12.18006908760854,11.545397560796408,10.853316201808397,10.111856961128051,9.330753508017322,8.521079418272027,7.694838377928182,6.864520888588267,6.042637452241372,5.241232498617548,4.471376662773369,3.7426283880040994,3.062451802647201,2.4355821081528863,1.8633526435621897,1.3430528489447324,0.8674789804965208,0.4249400675638449,-4.871067695099105e-7,0.07592891402787715,0.17076261817087893,0.2966237212899207,0.4586276544614709,0.6576590703641072,0.8924880576043857,1.16088171106539,1.4601734857589468,1.7875829440643474,2.140409024306893,2.5161441149753556,2.912529220047137,3.327563326970659,3.7594798974542676,4.206704547676897,4.6678078660305475,5.141464904425884,5.626428207057535,6.121515116134832,6.625603798162637,7.1376273828438626,7.656553027379391,8.181333391657434,8.710822092361905,9.243651653254846,9.778081074957644,10.311828711067248,10.841912801493878,11.364525203772443,11.874962711058544
-4.871067695099105e-7,0.07144872906322737,0.15935143160385742,0.275019189908329,0.4242065875499085,0.6091194657609957,0.8300489594883518,1.0862076478412916,1.3760965484876175,1.6976586943995096,2.0483438747286393,2.4251397643255013,2.8245941513380037,3.242839703868096,3.675626601659255,4.118365256642139,4.566179591570327,5.0139702581230186,5.4564864666264645,5.888404639556376,6.304411825369823,6.699291679112296,7.068010802977221,7.4058033188714205,7.708251693289745,7.971362031269589,8.191632281788134,8.366112035308028,8.492452832235086,8.568948129581877,8.594562286847593,8.59749663954482,8.606263452442507,8.620754902112981,8.64079428815262,8.666140420535122,8.696493529735713,8.731502487425422,8.770773090697142,8.813877143010318,8.860362059830674,8.909760734510764,8.961601417628277,9.015417387637223,9.070756219130354,9.127188484401373,9.184315752024254,9.241777771186559,9.29925875156741,9.356492665315802,9.413267510382225,9.469428483733696,9.524880019795724,9.579586654974053,9.63357268458101,9.686920585214384,9.739768184843868,9.792304575647915,9.844764781891202,9.897423217404445,9.950585994683598,9.977726223905796,9.94393173316817,9.844938563052448,9.689389977691604,9.492861095941448,9.270009547148437,9.031626812857342,8.785033778068602,8.535206921802583,8.285683655554244,8.039144827007668,7.79776306124142,7.563402883967137,7.337728736762252,7.122254617354966,6.918355984374242,6.727257615332469,6.550007658615611,6.387446479644196,6.240177996904007,6.108550330674356,5.992651299122158,5.892322390452458,5.8071923693427125,5.7367289264031145,5.680304180540863,5.637267832740184,5.607020654966109,5.5890808835381485,5.583136877845722,5.5708944263383025,5.534284166065247,5.473660002488164,5.3896198268536315,5.283015246135184,5.154960810542727,5.00683898787099,4.840296893010225,4.657231028888309,4.459757027161507,4.250162556674466,4.030843136827898,3.804222475025371,3.5726610394510327,3.338358729248269,3.103259482467737,2.8689671310755203,2.6366823373121178,2.407169568707782,2.1807604654462254,1.9573956419177363,1.7367014744268399,1.5180928014755606,1.300888009796367,1.0844208368086767,0.8681339332644378,0.6516425621643214,0.43476188721205106,0.2174969866074786,-3.780328129470847e-7,0.3245401649312356,0.6432990205792622,0.951295031930403,1.2450464560378067,1.523069845081214,1.7860781385859668,2.036800810865496,2.279404721199407,2.518591491058563,2.7585629977622377,3.002125056318408,3.250181582937333,3.501747459652288,3.7544360918583823,4.005240410746883,4.251371015050084,4.49093619215621,4.723314177597445,4.949152195390658,5.170016919818325,5.38780767650343,5.604109957592019,5.819688489365897,6.034278621044609,6.246737942476699,6.4554992598783265,6.659165063266231,6.85703525823965,7.04937506191937,7.237301217165381
-3.780328129470847e-7,0.07144872906396789,0.15935143160439744,0.2750191899087651,0.42420658755034363,0.609119465761363,0.8300489594887267,1.0862076478416518,1.3760965484879524,1.697658694399827,2.048343874728969,2.4251397643258206,2.8245941513383195,3.2428397038684005,3.6756266016595522,4.118365256642432,4.5661795915706245,5.0139702581233045,5.456486466626754,5.888404639556659,6.304411825370103,6.699291679112573,7.068010802977506,7.405803318871701,7.708251693290025,7.971362031269861,8.191632281788404,8.366112035308293,8.492452832235355,8.568948129582148,8.594562286847868,8.592181376450956,8.585057941389584,8.573249526226395,8.556850898317697,8.535992357883279,8.510837413042706,8.481579860844725,8.448440327078192,8.411662329290404,8.371507938766248,8.328253127967349,8.282182899739121,8.233586303028114,8.18275144641969,8.129960624971025,8.075485677052535,8.019583685741075,7.9624931333593825,7.904430607809013,7.845588145388908,7.786131277059823,7.726197824096637,7.665897465509576,7.605312074474936,7.544496795419849,7.483481808562162,7.422274705813765,7.360863382116127,7.299219330404623,7.237301217165389,7.172491960380203,7.102827765202329,7.0292143577744906,6.952517307628583,6.873555891209808,6.793098816729185,6.711861686937536,6.630506007101185,6.549639491614168,6.469817388460387,6.391544528719656,6.315277819105395,6.241428927578016,6.17036696174369,6.102421001553734,6.037882415016649,5.977006950877995,5.92001665838418,5.867101725217064,5.818422346124751,5.774110734654382,5.734273369316335,5.698993526672839,5.668334102693402,5.642340667275372,5.621044642792371,5.604466453298175,5.592618462696956,5.58550751186028,5.583136877845701,5.570894426338305,5.534284166065237,5.473660002488155,5.3896198268536395,5.283015246135188,5.15496081054273,5.006838987870977,4.840296893010221,4.657231028888295,4.459757027161486,4.250162556674433,4.030843136827874,3.8042224750253415,3.5726610394509994,3.3383587292482324,3.1032594824677004,2.8689671310754807,2.6366823373120725,2.4071695687077352,2.180760465446173,1.957395641917704,1.7367014744267908,1.518092801475512,1.3008880097963027,1.0844208368086325,0.8681339332643985,0.651642562164222,0.4347618872119365,0.21749698660725203,-5.024889604923303e-7,0.5537604505089797,1.1318147416014153,1.7544126933649273,2.434912083024988,3.178601812486878,3.982910714967136,4.83841832666572,5.730188172966742,6.639167219238919,7.543562209345263,8.420182724252593,9.245759734700416,9.9982385008861,10.658025350918024,11.209148573252824,11.640278152346601,11.945538385427017,12.12504132267565,12.185066902092794,12.137817670597233,12.000684363274276,11.794979959715507,11.544146564880087,11.271527079653072,10.997928573769917,10.739361434146648,10.505443859894307,10.298914510391214,10.116447042147204,9.950585994683594
-4.624983765401736e-7,0.47245253956697714,0.9428631449770314,1.409904908302961,1.8735617937079723,2.335491969760827,2.7990641828503358,3.269014949589571,3.7507447670151524,4.2493594962402055,4.7686393218460035,5.310146881643901,5.87265057173069,6.4519536973855764,7.041123514616604,7.631042326719974,8.211170270828324,8.770409617697464,9.29797764248924,9.784215855899332,10.221280464536841,10.603670706970373,10.92855960368665,11.195898312308785,11.408273714524785,11.570512128976391,11.689042754430357,11.771063687430061,11.823588969214896,11.852490097352614,11.861668124106357,11.858436940000582,11.848751886268904,11.832638408632254,11.81013875019428,11.781311703038682,11.746232262947737,11.704991189710931,11.65769447617738,11.604462729877268,11.545430471688151,11.480745356652013,11.41056732265143,11.335067673225334,11.25442810134141,11.168839661440076,11.07850169751619,10.983620735407431,10.884409347804684,10.781085000785025,10.67386889088646,10.562984781888558,10.448657850530417,10.331113550379245,10.21057650295648,10.087269425027054,9.961412100658873,9.833220406260752,9.702905396306429,9.570672456850524,9.436720533241603,9.320109384097293,9.248144446665561,9.226593779333845,9.250058326693654,9.30719662384192,9.38748879996354,9.483616252823033,9.591027539582045,9.70696406009289,9.82970309888932,9.958073294122796,10.091158795964464,10.228119622918792,10.368083248194495,10.510081673491664,10.653019282207397,10.795662705462373,10.936647058585391,11.074494541460554,11.207642269338923,11.33447669811575,11.45337233143604,11.562732647623926,11.66103140944313,11.746852737721955,11.818928545571014,11.876172142062668,11.917707020055861,11.942890040109551,11.95132841023436,11.93980302776264,11.904331838334757,11.842339077869854,11.74987984573951,11.622108457006894,11.453839706291953,11.240134016127552,10.97684403525768,10.661074491936645,10.291524297020393,9.868696322956081,9.39497384531334,8.874572634355172,8.313384336231694,7.718730676981363,7.099049775129649,6.463535936509643,5.821753026985461,5.183239036685701,4.557115869579661,3.9517138864331716,3.3742157161612814,2.830319277215377,2.3239176805311073,1.856796849245746,1.4283644334849677,1.0354489786662842,0.672242907777975,0.33048940735780197,-3.320397244174699e-7,0.05977393640086755,0.13498060151253966,0.2353975865301686,0.36506547943693834,0.524628685523469,0.7130485657015948,0.928475889999011,1.1686887254856977,1.4313381499096083,1.7141015786724574,2.014781581123375,2.3313657428821895,2.662056377862354,3.0052776147451143,3.359667397971154,3.724061461823666,4.097474698730586,4.479082575044372,4.868201841625978,5.264266515040603,5.666792818644986,6.0753261932646545,6.489365023145154,6.90825933610469,7.331087890089572,7.756522774950539,8.182695707759352,8.60708338706225,9.02642975381782,9.436720533241614
-3.320397244174699e-7,0.05652720432377157,0.1277773968026509,0.2233514055912552,0.3476625339432153,0.5020545512318709,0.6863116295642967,0.8993714516169236,1.1396293231352044,1.4050703425719502,1.693332151663937,2.001740155544305,2.3273329005798535,2.666885599481122,3.016935695120656,3.3738124657144084,3.733671687166993,4.092535763018792,4.446339295607067,4.790979716563927,5.122372287286308,5.436508511078327,5.729516769455315,5.997723811070896,6.237715589403918,6.446395870490284,6.621041018591583,6.759349417365263,6.859484095765463,6.920107297745954,6.940405956409066,6.9425765602474465,6.9490618283382295,6.959782793695621,6.974610030546275,6.9933668470817185,7.015833589357503,7.041752903989527,7.0708357814242975,7.10276818613186,7.137218074871115,7.173842608117848,7.212295371105852,7.252233437641837,7.293324129778595,7.335251347593103,7.377721364075508,7.420467999272472,7.463257104585438,7.505890302172014,7.548207935787701,7.590091198490593,7.631463409990243,7.672290422779966,7.7125801423495846,7.752381153546806,7.791780453305432,7.8309003001487225,7.8698942036095065,7.908942092267436,7.948244717505703,7.966578855867546,7.935525662142172,7.85126297657207,7.721079017359847,7.5581350732692325,7.374687337874047,7.179691083313483,6.979216374348624,6.777401725253416,6.57718838811208,6.380780759937331,6.1899175059370055,6.0060270382252625,5.830313721934341,5.663802168423834,5.507356096934289,5.361682382931105,5.227327753132334,5.104673759193101,4.993934391570599,4.895159567179636,4.8082465493865,4.7329601022198915,4.6689609143607305,4.615840682257727,4.573161351587965,4.540495479207982,4.517464525144034,4.503772080894524,4.4992295056404075,4.49021518231288,4.463150760334581,4.417987915022394,4.3546972321246615,4.273337170553128,4.1741363639850935,4.057577547093698,3.9244710240487675,3.7760065845930946,3.613774806668169,3.439751418544739,3.2562415545667225,3.0657841931189647,2.8710208287911696,2.6745366061830054,2.478686768831622,2.285426077294895,2.0961629461828735,1.911661816134496,1.732014651493791,1.5566939133247344,1.3846852924650483,1.214682054319667,1.0453092117612304,0.8753396754787722,0.7038678447542225,0.5304168383599819,0.35496945099901556,0.1779257885447713,-4.624983765401736e-7,0.2635771995214751,0.5217121333051887,0.7697942324494168,1.0047623440079714,1.2255925733990582,1.43344538077397,1.6313909428725437,1.8237072134568266,2.0148695052559993,2.2084839388720643,2.4064792258938694,2.6087988422804664,2.813652259380417,3.018191831178702,3.219374563525366,3.414764182814243,3.603089753994889,3.784458906126849,3.9602060008855102,4.132434798379007,4.303386798293409,4.474814370119782,4.647539322232168,4.821320726515267,4.995054726080713,5.167221172088607,5.336417192776558,5.5017977310498765,5.663276259523301,5.8214103500838235
-2.954846402441789e-7,0.05652720432454954,0.12777739680319722,0.22335140559133282,0.34766253394329416,0.5020545512318694,0.6863116295642425,0.8993714516168585,1.1396293231350962,1.4050703425718463,1.6933321516638102,2.001740155544173,2.327332900579725,2.666885599480986,3.0169356951205084,3.3738124657142574,3.733671687166846,4.092535763018651,4.446339295606907,4.790979716563782,5.122372287286145,5.436508511078171,5.729516769455165,5.997723811070743,6.237715589403765,6.446395870490134,6.6210410185914315,6.759349417365107,6.85948409576531,6.920107297745802,6.940405956408914,6.93849854019705,6.9327906581533725,6.923325165388136,6.910172675515695,6.893430357259118,6.87322027765467,6.849687319887467,6.82299671184678,6.793331209486386,6.760887986895984,6.72587529246409,6.688508937415733,6.649008689060214,6.607594645963734,6.564483675616984,6.519885996644145,6.474001986861006,6.42701929526036,6.379110330093007,6.33043018655765,6.281115066298734,6.231281227186687,6.181024486140854,6.130420280625149,6.079524276600639,6.028373492938791,5.9769878953918445,5.925372397961834,5.87351919659229,5.821410350083829,5.766973576111918,5.708694194972024,5.64736412322249,5.583740227708606,5.518536315729673,5.452417046071021,5.385993805847819,5.319822500060519,5.254403107666267,5.190180777567816,5.127548177162284,5.066848770204163,5.0083806924602925,4.952400912753022,4.899129410267015,4.848753160526809,4.801429794386637,4.7572908679097825,4.716444747529811,4.678979167022505,4.644963545411166,4.614451165614268,4.587481303104912,4.564081365623121,4.544269064892764,4.528054596570675,4.515442762857739,4.506434940126299,4.501030776641106,4.499229505640417,4.490215182312891,4.463150760334604,4.417987915022406,4.354697232124679,4.273337170553147,4.174136363985115,4.057577547093716,3.924471024048785,3.7760065845931234,3.6137748066681903,3.4397514185447626,3.2562415545667465,3.0657841931189873,2.8710208287912007,2.6745366061830396,2.478686768831652,2.2854260772949178,2.0961629461828983,1.9116618161345178,1.73201465149382,1.5566939133247557,1.3846852924650765,1.2146820543196926,1.0453092117612754,0.875339675478817,0.7038678447543035,0.5304168383600817,0.35496945099920213,0.17792578854507418,-2.954846402441789e-7,0.43188532982710975,0.8785697455077891,1.3528679260730279,1.864047215783236,2.4169081064586115,3.0114899640386077,3.6432483761100327,4.303539774868702,4.980300569910836,5.658861092676192,6.322863813023142,6.955261310754589,7.539362092666712,8.059880538959398,8.503936647235301,8.861944405343069,9.128325168094674,9.301983865299777,9.386490459551338,9.389916594407072,9.324289312791347,9.204644525619074,9.047700432419287,8.870234068959272,8.687333953688844,8.510799316150134,8.348014375289116,8.201585545118235,8.069864963419453,7.948244717505692
-7.402867039720477e-7,0.06017744457112438,0.12353528227154015,0.19378271345400055,0.27538422287471936,0.37334223810000905,0.49264429566828166,0.6376470940315151,0.8116262103536959,1.0165567910123288,1.2530714843996897,1.5205180675027796,1.8170644943188827,2.1398269719531333,2.4850121927756375,2.8480703522372086,3.223856230024542,3.606794730994677,3.9910463625088024,4.370667668712667,4.739761737420234,5.09261448104747,5.423813361922773,5.728346461311703,6.00168115092601,6.23982298295645,6.439356639726691,6.597471757767172,6.711977065877617,6.781306487886521,6.804520636186714,6.806740220225145,6.813374698407481,6.824351838597586,6.839553197834026,6.858816964069852,6.881941791442262,6.908691497314132,6.938800466513252,6.9719795941948535,7.007922593421227,7.046312496012722,7.086828184060654,7.129150802983718,7.172969923363687,7.217989336342776,7.263932384706447,7.310546747866412,7.357608613141773,7.404926177726783,7.452342435576922,7.4997372114548675,7.547028411069113,7.594172462260797,7.641163928264416,7.688034280916086,7.734849829987049,7.781708815161987,7.8287376799847905,7.876086562575731,7.923924056043646,7.936436388555309,7.86466366622708,7.719677002247774,7.533180676990666,7.328050594322518,7.116443019417127,6.904988767598246,6.697778603547422,6.497659659185487,6.306782993599891,6.126833133387799,5.959117339717226,5.804592335158364,5.66386665038958,5.537199780712513,5.424510659934192,5.325402162350006,5.239203577396826,5.165028932484862,5.10184594146451,5.048548593856004,5.0040261319133545,4.967222236530857,4.937180251143565,4.913072694600868,4.8942156621871025,4.8800706272433105,4.870237426207338,4.8644427640179915,4.862528440467106,4.854120049801336,4.828698934605487,4.785716553290467,4.724383690530725,4.643838433372756,4.543346247896498,4.422505117241578,4.28142969029888,4.1208923775016215,3.9424049072662632,3.748229785136582,3.541316615259139,3.3251631777533075,3.10360591717394,2.880549998574071,2.659656505362562,2.444014534351294,2.235838260726476,2.0362399492361303,1.845132395702643,1.661300432480598,1.4826480308569152,1.306583267887221,1.1304658640211753,0.9520282233888537,0.769695385453506,0.5827618520218996,0.3914179100301005,0.19664340955962994,-7.402867039720477e-7,0.06311463491921027,0.12492068455646582,0.18467379439713044,0.24281003945906443,0.30159114877446525,0.36558441407499304,0.4415794979199249,0.5376049106209411,0.6612982012831032,0.8184994827941829,1.0127043021579498,1.2452417766638615,1.515710344210182,1.8223824887473485,2.162520951679248,2.5326416114370685,2.9287610798355663,3.3466454839936572,3.7820572978374285,4.230984469885051,4.689829718242108,5.155536666972785,5.6256329924017,6.0981786593786325,6.571619034529615,7.044556744921601,7.515470234139913,7.982418040855513,8.442773020573549,8.893028333786795
-7.337190440422864e-7,0.5315107724547098,1.0624384629915435,1.5926150663070302,2.1226089303493856,2.6538713269518426,3.1886543613286564,3.72968722852099,4.279648173761383,4.840518296435038,5.412935788895708,5.995673514567103,6.585337126029475,7.17633494483191,7.7611206301795646,8.33066933326604,8.87512420071602,9.384541799495048,9.84966712219151,10.26267559936802,10.617826872210546,10.911980903315708,11.144931015774391,11.319511733333576,11.441444243680682,11.518892706046993,11.561725336839261,11.580509660085566,11.585322121576171,11.584510684637824,11.583596366475744,11.579957668435245,11.569052144200477,11.55091143188527,11.52558802367895,11.493154910550162,11.453705088244321,11.407350927993718,11.354223416344372,11.294471269494847,11.228259928536643,11.155770442982858,11.077198250968355,10.99275186549507,10.902651477074826,10.80712748407956,10.706418963034906,10.600772091974507,10.490438540793548,10.37567384328325,10.256735766172907,10.13388269103089,10.00737202525821,9.877458658620855,9.744393481788897,9.60842198315512,9.469782939773598,9.328707217568994,9.185416695008639,9.040123323191047,8.893028333786798,8.777495079884034,8.741509649623051,8.776690968764353,8.854123632040542,8.953760019840752,9.066240535190698,9.187619023718668,9.316290708242505,9.45160668495971,9.593239361260489,9.740873016832154,9.894047106678952,10.052080011871013,10.214040152015126,10.378747343466351,10.544794201603937,10.710580691605344,10.874356779791814,11.034269375273569,11.188410698522043,11.334865977440352,11.471758984895793,11.597294408192138,11.709796395561746,11.80774287725698,11.889795431252239,11.954824576634424,12.001930448482739,12.0304588490757,12.040012690470714,12.021864078695511,11.966919312618515,11.873757836299347,11.74025549665254,11.563914479448568,11.34226185317014,11.073267670089237,10.755735327733065,10.389624421760718,9.976277193220241,9.51853158020461,9.020715133876095,8.488523708141747,7.928796569746949,7.349205507845473,6.757879966221837,6.162993544346143,5.572339709357665,4.9929263332424165,4.430619495005305,3.8898661836639556,3.373521926601531,2.8828015187955804,2.4173579508367258,1.9754768675660637,1.554354483489732,1.1504113442764565,0.759588869334267,0.3775841448521352,-7.337190440422864e-7,0.2890616471010324,0.5694628507732005,0.8339690932095306,1.0780422121013715,1.3007712427082678,1.5052352213312017,1.6980539703933557,1.8879871322203048,2.0837515130378925,2.2916679224884575,2.513996850921943,2.748569897681804,2.9897041441085803,3.229882746419679,3.4615810545559276,3.678795002585868,3.8780477840264607,4.058796665384769,4.223244039687308,4.3756234132525975,4.521112611838168,4.664617023219442,4.809723387822853,4.95809668896819,5.109459992115715,5.262104248382371,5.413708152715703,5.5621750014137605,5.706225155638042,5.8455853411498335
-4.778998330670247e-7,0.06017744457345515,0.12353528227257118,0.19378271345484496,0.27538422287519854,0.3733422381004393,0.49264429566863943,0.637647094031782,0.8116262103539414,1.016556791012515,1.253071484399856,1.5205180675029317,1.8170644943190224,2.1398269719532546,2.485012192775748,2.848070352237317,3.2238562300246434,3.606794730994776,3.9910463625088934,4.3706676687127555,4.739761737420321,5.092614481047556,5.423813361922859,5.728346461311783,6.00168115092609,6.239822982956529,6.439356639726769,6.597471757767251,6.711977065877695,6.7813064878866,6.804520636186792,6.802863098837934,6.797904171218191,6.789684637916167,6.778271582712798,6.763757070656278,6.746256338724544,6.725905530818078,6.702859022932045,6.677286394244659,6.6493691093309515,6.619296985503449,6.587264527057864,6.553467214567927,6.518097841897977,6.481342995839923,6.44337977281823,6.404372823595115,6.364471810114789,6.323809348472921,6.282499498594492,6.240636844866756,6.198296193225995,6.155532889749157,6.112383744507788,6.06886852324992,6.024991949348411,5.980746140308402,5.936113387758416,5.891069177886574,5.845585341149836,5.797986733106996,5.747232339140995,5.694192682564604,5.6396640330891135,5.584364875523599,5.5289358876720005,5.473942865199958,5.419881837989036,5.367185500340715,5.316230042570226,5.26734153070636,5.220801129976344,5.176848691560529,5.135684496566318,5.09746924543407,5.062322660878127,5.030321304347314,5.001496360849805,4.975832204323587,4.953266506754482,4.933692503687794,4.916963794810081,4.902901770148057,4.8913054461767524,4.881963209077614,4.8746657276479874,4.8692191404781315,4.865457554570505,4.863253918011152,4.862528440467128,4.854120049801359,4.8286989346055,4.785716553290499,4.724383690530753,4.643838433372787,4.543346247896522,4.422505117241603,4.281429690298908,4.120892377501654,3.942404907266287,3.7482297851366146,3.5413166152591677,3.325163177753334,3.103605917173974,2.8805499985741125,2.659656505362614,2.4440145343513513,2.2358382607265237,2.0362399492361782,1.845132395702703,1.6613004324806573,1.4826480308569872,1.3065832678873097,1.130465864021276,0.9520282233889655,0.7696953854536178,0.5827618520220826,0.3914179100303594,0.19664340956011328,-4.778998330670247e-7,0.4905677505725276,0.9896516252616787,1.5052164623639068,2.0440449319646055,2.611008674405085,3.2083097604113044,3.834825266999131,4.485700060702028,5.1522943519348745,5.822527124049068,6.48159115311175,7.112966488992504,7.699630943415388,8.225354899533295,8.675968278437798,9.040495373064713,9.312065577425717,9.488522959939763,9.572674036553039,9.57213075464995,9.498725963355238,9.367505435236817,9.195340490873503,8.999265394675875,8.794723837401184,8.593990864551044,8.40507879142343,8.231387680070695,8.072203317393516,7.923924056043646
1.6811535832962496e-7,0.049542580419373976,0.11140064972537037,0.19389259770595801,0.301182962903817,0.43490605732464077,0.5953756572333817,0.782158118808421,0.9943014852604387,1.2304183409514788,1.488713499292381,1.7669957595783936,2.06269084691702,2.3728629564501778,2.694247662774679,3.023296449710646,3.3562316480233534,3.6891096909211685,4.0178901148460255,4.338507548787185,4.64694398748618,4.939298882734612,5.2118549654312885,5.461138181754582,5.6839706419081555,5.877515992671052,6.039317092127685,6.167326249441208,6.259928566469088,6.315959065099321,6.334714301343888,6.333044948832515,6.328046726137073,6.319748951787758,6.308199874260977,6.293465763068442,6.2756296655180055,6.254789857984901,6.231058028168447,6.204557231931541,6.175419674758024,6.1437843734171365,6.109794757878721,6.0735962766500915,6.03533407028001,5.995150777590531,5.953184537084039,5.909567241817783,5.864423099803547,5.817867543728707,5.770006523658971,5.720936204627765,5.670743077994623,5.619504481599573,5.567289509547257,5.5141602784499515,5.460173503671364,5.405382327040421,5.349838327085953,5.293593634441528,5.236703068955859,5.17748144726713,5.114840661726503,5.049722655174591,4.983043507827241,4.915681814747005,4.848468445769483,4.782177681999563,4.717519646599809,4.655133895679083,4.59558401629897,4.5393530978427385,4.486839999716585,4.438356425614947,4.394124919019352,4.354277997841415,4.318858727504387,4.287823072051939,4.261044348213154,4.238320032475629,4.2193810410459545,4.203903431632626,4.191522285665176,4.181847343970358,4.174479810371507,4.169029622990753,4.165132431515467,4.162465511936921,4.160761893585364,4.15982205798059,4.159522684863478,4.153019563927299,4.1332305309950375,4.0993665534213255,4.050271053279613,3.984631189719379,3.901227108645454,3.7991849250274132,3.6782020715062775,3.5387200559333456,3.382027305650353,3.210281850590136,3.026449184309715,2.834154699500763,2.637453417096416,2.440523967895195,2.247301407265864,2.0610770809533596,1.8841141491232358,1.7173496824495722,1.5602652713805487,1.4109902499584233,1.2666472100738693,1.1238755717547495,0.9794130548449063,0.8306069709750984,0.6757656099990722,0.5143166956166907,0.3467863092307156,0.174635856089484,1.6811535832962496e-7,0.25810871364024207,0.5085336046835444,0.7448172477943051,0.9628201702549005,1.1615198001390714,1.343324009269207,1.5136956251502776,1.6799706749941496,1.849506438994402,2.027660748374145,2.2163247290958816,2.413547633257173,2.614286813739837,2.811874828912896,2.9996766568643416,3.172539421712022,3.327815849838153,3.465861700785615,3.589967704049825,3.7057338604569794,3.8199703016702573,3.939325624889164,4.068962221367494,4.211636550778541,4.367433375651449,4.53417115936624,4.708261049542051,4.885684713912761,5.062787015974833,5.236703068955857
2.3631047135587384e-7,0.41741425759365475,0.8309915174305346,1.2374689464185573,1.6346737221957708,2.0219204353577998,2.400229264464865,2.7723104247939547,3.142280976748224,3.515120109727754,3.8959253748463682,4.289089260823775,4.697548325683389,5.1222461604636,5.561897242075972,6.0130638584295415,6.470492976710745,6.927623652667525,7.377169887017175,7.811698183204768,8.224140861834316,8.6082070625238,8.958670129791813,9.271522940993062,9.544003175641707,9.774499938824446,9.9623622160274,10.10763816138968,10.210781242674459,10.272363333759081,10.292834480830168,10.289864947139042,10.28096579249686,10.266165293820071,10.245510371691608,10.219066280039959,10.186916173892415,10.14916055742846,10.105916615229953,10.057317430318458,10.003511093292685,9.9446597076333,9.880938297030117,9.812533621409203,9.739642909192646,9.66247251421007,9.581236506591356,9.496155207896656,9.407453681671699,9.31536019153756,9.220104639816778,9.121917000539108,9.021025761435306,8.91765639018554,8.812029840710407,8.704361115641579,8.594857901252658,8.48371929103471,8.371134613733535,8.257282381000518,8.142329368824889,8.04105982757955,7.977097354483202,7.956476086694081,7.973510581082515,8.017670333686548,8.080371438250921,8.156327504085212,8.242582585680779,8.337471952711734,8.439946817111137,8.549184667636446,8.664373979807543,8.784602276802252,8.908807276314139,9.035767825122033,9.164120055627324,9.292388820666634,9.419027186703405,9.542458645568459,9.661118193482945,9.773489685672212,9.878137943175453,9.97373496164922,10.059080243140636,10.133115745148043,10.19493623392576,10.243795967515739,10.279112649464052,10.30046951759954,10.307616291273293,10.289351506413187,10.234063262749281,10.140355130497825,10.006171306830208,9.829162766047972,9.60712618252146,9.338459449583025,9.022580485814492,8.66026535885465,8.25387447630388,7.8074489152792,7.326670978454377,6.818692824769755,6.291844353146373,5.755236787119215,5.218282389381758,4.690154585320273,4.179218057256137,3.6924668621329975,3.235021451820698,2.8097511201111156,2.417099888486647,2.055187577101921,1.7202187728304117,1.4071578842148535,1.1105413735170226,0.825241796568034,0.5470067460881288,0.27266642413194425,2.3631047135587384e-7,0.3645886970375153,0.7316490578065203,1.1043169242459614,1.4867338818964135,1.8838422650705533,2.300594390210754,2.740757234860386,3.205657444070641,3.6932355162978068,4.197657567909604,4.709547421111141,5.216746385015963,5.705429394016581,6.161394814789436,6.5713690359499255,6.924199464966336,7.211838331380195,7.43004225080152,7.578730620466868,7.6619626226836495,7.687511736039461,7.666043418809733,7.6099424283757635,7.531895537931938,7.443408622733998,7.353502399835704,7.26784981408944,7.188553873988853,7.114616642268762,7.042969387558445
2.839507453862671e-7,0.04954258042109197,0.11140064972690529,0.19389259770730496,0.3011829629049927,0.43490605732568083,0.5953756572343246,0.7821581188092699,0.9943014852612073,1.2304183409521892,1.488713499293034,1.7669957595790107,2.0626908469175897,2.37286295645072,2.694247662775188,3.0232964497111214,3.3562316480238037,3.689109690921592,4.017890114846424,4.33850754878756,4.646943987486537,4.939298882734948,5.211854965431612,5.461138181754892,5.683970641908444,5.877515992671333,6.039317092127955,6.167326249441475,6.259928566469352,6.315959065099582,6.334714301344146,6.33631635187605,6.341102869280227,6.349015396674058,6.3599579766991425,6.373799306585366,6.3903756562098835,6.409494457194408,6.430938454088669,6.454470297333258,6.479837452015877,6.5067772960111405,6.5350222851565185,6.564305070671544,6.594363463987031,6.624945155457714,6.655812105150479,6.686744535285438,6.7175444644342885,6.748038732956058,6.778081477294038,6.8075560177765695,6.8363761307146165,6.864486681237989,6.891863598895295,6.918513184027891,6.944470739773916,6.969798532678541,6.994583094609955,7.018931890216435,7.042969387558445,7.046793901490976,7.003208719203659,6.908942179020279,6.772603145334065,6.607740068897465,6.425971528835638,6.235549188844453,6.042234231330554,5.850245750207012,5.662849481762419,5.482669629027073,5.311839132446742,5.152063143248671,5.004639243302805,4.870460410870899,4.750017142287071,4.643409208209441,4.550372971421439,4.470326119394249,4.402428007561882,4.345650926109697,4.298855908812707,4.2608664013026285,4.230534077386906,4.206792937845051,4.188700021392929,4.175463111739769,4.166457388554819,4.161233867926677,4.159522684863558,4.153019563927375,4.133230530995117,4.099366553421402,4.050271053279693,3.9846311897194537,3.901227108645527,3.7991849250274807,3.6782020715063535,3.5387200559334078,3.382027305650424,3.210281850590203,3.0264491843097807,2.8341546995008273,2.6374534170964763,2.440523967895256,2.247301407265926,2.0610770809534205,1.8841141491232845,1.7173496824496213,1.5602652713805907,1.4109902499584628,1.2666472100739021,1.1238755717547941,0.9794130548449416,0.8306069709751217,0.6757656099990972,0.5143166956167133,0.34678630923075904,0.17463585608953416,2.839507453862671e-7,0.05113200014262771,0.1082243305845598,0.17658346103055142,0.26055955673519016,0.3635875519831632,0.4883484869645169,0.6368881347933297,0.8106527848790114,1.0104657682558968,1.2364814417124863,1.4881472038814345,1.7641946339788657,2.0626724781361556,2.381027269926299,2.7162313388353367,3.0649524306675695,3.4237540005931555,3.7893105351528518,4.158618296613689,4.52917912343656,4.899134000894453,5.2673248028719675,5.633267651791744,5.997030194873262,6.359017473904491,6.719685568457361,7.079216174414781,7.437195310431677,7.792342284074784,8.142329368824885
-3.338406339946795e-7,0.5030230397555964,1.0048391359905808,1.5047846521822223,2.0031782451477746,2.501561609485574,3.0026723152472496,3.5101208806636714,4.027802098386887,4.5591334091930245,5.106260983030039,5.669387614369896,6.246348535074358,6.832502893516045,7.420942765574943,8.00296937091831,8.568757600156356,9.108123074782082,9.611312600442496,10.069750687768153,10.476686391844428,10.827693917560577,11.12098746147364,11.357517225269532,11.540821903004023,11.676626183289017,11.77219282346069,11.835469226881845,11.87410641050797,11.894466633475298,11.900762100160307,11.897272076115645,11.886811740448321,11.86941024406334,11.845115977209161,11.813996278948306,11.776137033135091,11.731642153612404,11.680632962104559,11.623247463040487,11.559639520288153,11.489977941514793,11.41444547660462,11.333237737262861,11.246562045606538,11.15463622018535,11.057687308481382,10.95595027550021,10.849666658578485,10.739083198986787,10.6244504612913,10.506021451744497,10.384050247191698,10.258790646096381,10.130494853291895,9.999412209948915,9.86578797999636,9.729862203840804,9.59186862968575,9.452033732056368,9.310575826279756,9.19276780508005,9.135053860430803,9.140490365960783,9.194793598975176,9.280753700056575,9.386604439930448,9.505712448957647,9.634491515624319,9.770937568691897,9.913812185396653,10.062203272331924,10.21528565971204,10.37218964328773,10.531931275302258,10.693380476386164,10.855253786314318,11.016123885031993,11.17444076036384,11.328560905005148,11.476781814931066,11.617379630783844,11.748648158928711,11.868937804772905,11.976693188181223,12.070488411838975,12.149059130260724,12.211330725641123,12.256442039214061,12.28376423403033,12.292914477789006,12.277935434722362,12.23229372166562,12.153966828036664,12.039875014152884,11.886275272753107,11.689236831894599,11.44514081565048,11.15115027858879,10.805607057907189,10.408325401860948,9.960766208253135,9.4660880017663,8.929080577227467,8.35599437556494,7.754283390690856,7.132282118312898,6.4988381204792836,5.862921481294466,5.233230988980494,4.617814501087831,4.023717904493515,3.4566738105771635,2.920838335312746,2.4185829974485564,1.950349999687466,1.5145834478712843,1.1077552138643214,0.7245082126579729,0.3579358395595943,-2.2661292550256562e-7,0.06638289333632315,0.14295708187296857,0.2373692039293277,0.35402147767947423,0.494792966687663,0.6600087819995697,0.8491482725787245,1.0612757698200264,1.2952857615436313,1.5500333658297019,1.82439197813583,2.1172642950369114,2.4275665763428678,2.7542033169878626,3.096046935986109,3.4519330824041705,3.820676513487985,4.201105897497267,4.5921094567218645,4.992678308412658,5.401931729893431,5.81910907543067,6.243516944830999,6.674427109340124,7.110929659683318,7.551755283031572,7.995088581478845,8.438399091439464,8.878316952200286,9.310575826279768
-2.2661292550256562e-7,0.058754427423277376,0.12853403513618283,0.21758587865985998,0.3308440877651699,0.47085182631870764,0.6387111308025256,0.834634191116723,1.0581933020248453,1.3084148356329772,1.5838065536145467,1.8823639424354086,2.2015777039207025,2.538452598644093,2.889541606257511,3.2509959176489867,3.6186292786761753,3.9879940535728924,4.354465770927927,4.713332696173475,5.059887042062926,5.389514709866155,5.697780888064698,5.980509366641873,6.23385400119162,6.454361332817532,6.639023892787082,6.785324157917308,6.891269446144062,6.9554182359990095,6.976898456446045,6.979100920195359,6.985681716644621,6.996561769964443,7.011611620647062,7.030654828618563,7.0534725502811435,7.079809117834897,7.109378420497488,7.141870870503909,7.176960731761557,7.214313594493074,7.253593793139389,7.294471584851873,7.336629929640473,7.379770738430286,7.4236204800615795,7.467935061286663,7.512503914225189,7.557153243172055,7.601748397161119,7.646195346644387,7.690441252652811,7.73447412559934,7.778321579258135,7.822048694178824,7.865755014555702,7.9095707139100275,7.9536519782019734,7.998175670266063,8.043333356577774,8.062432617901464,8.018999001967188,7.912437253828282,7.759410172351643,7.579374462743792,7.386158803511982,7.188222770959622,6.990693642487165,6.796788270465829,6.608594992742793,6.4274895467518816,6.254364453903583,6.089765423024906,5.933981720252236,5.787114171673754,5.6491325999700255,5.519928058626904,5.399361480325573,5.28730809979298,5.183695729923006,5.088534430631318,5.001935181360565,4.924115745939357,4.855392899333998,4.796161457730778,4.746861984869058,4.707940473559275,4.679804515258816,4.662781237240368,4.657082386484868,4.6486873230784305,4.623363710867031,4.580727790296654,4.520240309108179,4.441341585270435,4.343612645117215,4.2269404914096835,4.091665922087881,3.93869514870211,3.769560761120144,3.586422438103179,3.3920026282872437,3.189457087230472,2.982184973426423,2.773588856730175,2.566802234897018,2.364411245016088,2.16820703095275,1.9790122196467208,1.7966236092298453,1.6198983209828328,1.446982027841826,1.2756432427025386,1.103650594521696,0.9291219300602743,0.7507867962702361,0.5681293997296333,0.3814060865781785,0.19155165517130796,-3.338406339946795e-7,0.46099523029572326,0.9343802970918168,1.4313403610689717,1.9606730753903294,2.5277626980945724,3.133883366886429,3.7759165278726985,4.446467514135108,5.134322245129855,5.8251806062648095,6.502605965766225,7.149127414045024,7.747423982721403,8.281513270093306,8.737864169878515,9.10635614249748,9.381015338312059,9.560469547126434,9.64807779698283,9.651705350093245,9.58313119015215,9.457095653212356,9.290026211415803,9.098526167955573,8.897776002727703,8.70006807732167,8.513739815222184,8.342745024022392,8.18698445975028,8.043333356577762
-1.6999488255240125e-7,0.05875442742323362,0.1285340351360454,0.21758587865961893,0.33084408776485663,0.47085182631837985,0.6387111308021791,0.8346341911163858,1.0581933020244843,1.3084148356326306,1.5838065536141894,1.8823639424350533,2.201577703920349,2.5384525986437527,2.8895416062571724,3.250995917648661,3.6186292786758507,3.987994053572575,4.354465770927608,4.713332696173157,5.059887042062608,5.3895147098658445,5.697780888064394,5.980509366641567,6.233854001191319,6.454361332817231,6.639023892786777,6.785324157917007,6.8912694461437605,6.9554182359987085,6.976898456445746,6.975099255823441,6.9697150108865475,6.96078557924087,6.948376682504366,6.932578854887082,6.913505991664106,6.891293518280782,6.866096207102939,6.838085675274852,6.807447603721152,6.774378723921755,6.739083625539884,6.701771444075075,6.662652493172078,6.621934910726399,6.579821391138959,6.53650607763001,6.492171688089738,6.446986945230664,6.401104376614761,6.354658542365067,6.307764738091426,6.260518207971162,6.212993888395426,6.165246686638041,6.117312282261801,6.069208422164827,6.0209366640353,5.97248450825236,5.92382784559481,5.872832143036542,5.817942539665287,5.759964646503053,5.699653591958158,5.637707920254958,5.574766512978211,5.511408317964329,5.448154484315625,5.38547235039277,5.323780629416496,5.263455096749356,5.204834110182652,5.148223388875871,5.093899629789378,5.042112736925181,4.993086656331058,4.947019022013067,4.904079996916557,4.864410814596207,4.828122574573216,4.795295812152351,4.765981257882445,4.740202039159906,4.717957379645078,4.6992276470506065,4.683980411901819,4.672177031359057,4.663779180177286,4.658754725560768,4.657082386484875,4.6493305009405645,4.62587946918444,4.586179360162563,4.529428850880314,4.454730236547671,4.361274474867013,4.248531700193877,4.116423650215095,3.965458233442383,3.7968117439551263,3.6123498565109875,3.4145837690153202,3.2065624335982226,2.9917058969032455,2.7735888567300884,2.555688328633268,2.3411154043091664,2.132358452943048,1.931072353111593,1.7379520369117205,1.5527238827658854,1.374271447841674,1.2008837806115098,1.030583367675967,0.8614691537948908,0.6920074324168288,0.5212201734213663,0.3487486594002971,0.1747993837720794,-1.6999488255240125e-7,0.2622039540452938,0.5193834392403263,0.7673671733061151,1.0036741739140929,1.2281445555507868,1.4430756288760744,1.652680908455314,1.8619314675751868,2.075104403531849,2.29452724493704,2.5199531728315425,2.7487363960237094,2.9766634784459014,3.1991096228553033,3.412172326407209,3.6135200450279275,3.802802700606956,3.9815717446815633,4.152752870513532,4.319810278304063,4.48582412228995,4.652738110232065,4.820989583982929,4.989610990548357,5.156735814838247,5.320319109251234,5.47883554006012,5.631747646763729,5.779616745199367,5.923827845594815
-1.9406725510525346e-7,0.05984352489213675,0.1277014740285054,0.21031271982733477,0.31265416433998744,0.438149617343669,0.589064311644244,0.7667910252767837,0.9719882093305647,1.2046222202687389,1.4639678022565117,1.7486021428198437,2.0564114405097116,2.3846182955675146,2.7298319482897093,3.08811981042037,3.455096770939833,3.826027772018282,4.1959387869757805,4.559731389099959,4.912296458415076,5.248623151757832,5.563899994016782,5.853605773383565,6.113588778928656,6.3401337425887805,6.530016580313382,6.680547616373825,6.78960438048716,6.855655265864909,6.877775323925749,6.879602478070827,6.885063062943804,6.894094945232307,6.906596217515622,6.922427613731482,6.941415780962093,6.96335730545216,6.9880233717944265,7.015164921416973,7.044518169896771,7.075810341720826,7.108765485052421,7.143110236724181,7.178579417868993,7.214921352153919,7.251902810488718,7.289313497552275,7.326970005987812,7.36471917340192,7.402440785357363,7.44004957458713,7.477496473072583,7.514769079945067,7.5518913149952205,7.588922235544666,7.625954004161629,7.663109006717166,7.700536134968454,7.738406265406167,7.77690698643381,7.777301909443333,7.688433241114633,7.5285879697885845,7.332792049641389,7.122885366048707,6.909859359954772,6.699713534027176,6.496217753923817,6.302028226744647,6.119143825168159,5.949094199317138,5.793012484028144,5.651657874581823,5.525419907834009,5.4143221669586845,5.318035852191575,5.235908672650401,5.167010335397076,5.110192352880131,5.064157257996275,5.027530928100741,4.9989316671696935,4.9770307783094,4.960601164914839,4.948552551177766,4.9399538016131075,4.934044273946868,4.930237036558028,4.9281171130531405,4.927437747302298,4.918451341214726,4.891354305847779,4.845765234081028,4.781150540642121,4.696961978538918,4.59280087255706,4.468586784341671,4.32470862243509,4.162139021755631,3.9824971580781483,3.7880501143190086,3.58164787219043,3.3665917967054835,3.1464413927159414,2.9247697810718543,2.70488550650502,2.4895472427793295,2.280707668860896,2.0793300087466426,1.8853200789372657,1.697602892451019,1.514345049659847,1.33328930490985,1.1521390838895917,0.9689203738197583,0.7822593718595937,0.5915393972893334,0.39692831460117006,0.19928927514058453,-1.9406725510525346e-7,0.06271660187501707,0.12993941401642867,0.20566504584238748,0.2931103225616119,0.39473358437000095,0.5124328756594835,0.6477751241252433,0.802162064073914,0.9768976665032485,1.173161501620394,1.3919148102047696,1.633776517452402,1.898907554298903,2.186935358685403,2.4969388396069965,2.827500518807063,3.1768197191452923,3.542870203528197,3.923578276717399,4.316993240182167,4.721421380312398,5.135497642399541,5.558176064161988,5.988630818266319,6.426073456906332,6.8695067216644015,7.3174482323551455,7.76766542937351,8.216964062249469,8.661065789767733
-5.5259824367378415e-8,0.5193171962948014,1.0353087291443086,1.5453206945223106,2.047944230116216,2.5433958073554366,3.0336227412791743,3.522081086725395,4.01318364577399,4.511484386485102,5.020735033900491,5.542993183138157,6.077956884411342,6.622646533621391,7.1714729316399115,7.716652456546209,8.248879616002563,8.758149130987816,9.234625563422998,9.66947548603715,10.055595361763855,10.388182840181605,10.665109444948307,10.887060438361937,11.057416097212329,11.181861445876997,11.267732395830986,11.323137639220185,11.355936321065897,11.372694117106512,11.37777081880468,11.374053384473383,11.362912258188745,11.344380901703511,11.318514857095277,11.28539140692296,11.245109101291602,11.197787154675625,11.143564716171271,11.082600017672508,11.015069405293294,10.941166260189329,10.86109981576639,10.775093879095353,10.683385465183562,10.586223353575475,10.4838665775645,10.376582857086277,10.264646987123218,10.148339194167287,10.027943473951625,9.903745924255373,9.776033087093383,9.645090315001973,9.511200176406282,9.374640915178455,9.235684979448957,9.094597634493576,8.951635674063379,8.8070462438403,8.661065789767733,8.550597374229838,8.526542877732153,8.573467725519691,8.65924066705852,8.76489980421001,8.882246500049654,9.00791291623557,9.140518944434143,9.27947399240203,9.424440911992997,9.57507512958734,9.730891097133323,9.891195889388909,10.05506293603816,10.221332067477364,10.388627622819131,10.555388949189348,10.71990902183504,10.880377845681455,11.034928025096033,11.181680494145347,11.3187889039749,11.44448157044906,11.55710019928333,11.655134838887788,11.737254678272436,11.802334424630011,11.849476076841365,11.878025968418246,11.8875869945258,11.870265948538226,11.817742328897266,11.728417516164397,11.599891426750755,11.42932010354677,11.213846774998379,10.951053082304362,10.639379659060216,10.278473963662641,9.869435386700763,9.41494059179146,8.919243978400292,8.388058131514766,7.828326896555031,7.247909473240561,6.655198043494802,6.058694357643108,5.466572754108505,4.886258477485097,4.324050817746373,3.7848200446103357,3.2718043765230083,2.7865269141444777,2.328841288423029,1.8970985323106775,1.4884084977494523,1.0989519464786937,0.7242908418492472,0.35962962793539105,-5.5259824367378415e-8,0.29447950959143426,0.581323648711208,0.8540930040308315,1.1085942244600437,1.3436242219507117,1.561232569865127,1.7663411422650064,1.9656576348796124,2.166034651078728,2.3727001694784295,2.5879381168951023,2.8106623076750523,3.0369534857727447,3.261269203627045,3.4778887517562125,3.6822118042208323,3.8716661580589866,4.046104318559155,4.207661774925323,4.360132055059632,4.508002862184416,4.655384941941737,4.805112977045227,4.958262188442244,5.114195576986467,5.2710803813102425,5.426664964025492,5.579045461004356,5.727182494793988,5.871023099737284
2.904059882221407e-7,0.059843524893384466,0.1277014740291227,0.21031271982783906,0.31265416434049526,0.4381496173441848,0.5890643116447455,0.7667910252772747,0.9719882093310382,1.2046222202691952,1.4639678022569385,1.7486021428202418,2.0564114405100797,2.38461829556785,2.729831948290013,3.088119810420641,3.4550967709400715,3.8260277720184908,4.195938786975962,4.559731389100112,4.912296458415204,5.248623151757939,5.563899994016866,5.85360577338363,6.113588778928706,6.340133742588818,6.530016580313406,6.68054761637384,6.789604380487172,6.855655265864918,6.877775323925761,6.876022142731358,6.870777095757108,6.862083395184916,6.850012140947666,6.834660958077371,6.816152124826737,6.794630227426995,6.770259387549081,6.743220118564558,6.713705876371372,6.681919379595048,6.648068782065271,6.612363787202138,6.575011798883257,6.536214206042689,6.496162898234658,6.455037106304011,6.41300065587375,6.370199711475537,6.326761075891456,6.2827910929339446,6.238375182978488,6.193578019788773,6.148444335409823,6.103000318127613,6.057255547711147,6.011205393333084,5.964833783555495,5.918116245248162,5.8710230997372825,5.821897564362516,5.769736232761642,5.715445983615783,5.659870001669622,5.6037799578398415,5.54787119685826,5.492760710575058,5.438987508650538,5.387014871053548,5.337233893886623,5.289967731094907,5.245475991430402,5.203958866019038,5.1655607224179745,5.130373085308808,5.09843710754766,5.069745793561476,5.044246348629706,5.021843077295257,5.002401235369859,4.985752155527866,4.9716998280419835,4.960028944533103,4.95051422646885,4.9429306849268695,4.93706431454837,4.932722628189328,4.9297443985461955,4.928007991287407,4.9274377473022914,4.918451341214727,4.891354305847785,4.845765234081037,4.781150540642123,4.6969619785389245,4.5928008725570715,4.468586784341684,4.3247086224351,4.162139021755639,3.982497158078163,3.788050114319018,3.581647872190445,3.366591796705499,3.1464413927159636,2.924769781071868,2.7048855065050375,2.4895472427793477,2.280707668860915,2.079330008746665,1.885320078937295,1.6976028924510522,1.5143450496598807,1.3332893049098893,1.1521390838896366,0.9689203738198165,0.7822593718596647,0.5915393972894123,0.3969283146012997,0.19928927514084274,2.904059882221407e-7,0.4712460317414553,0.9502443302444691,1.4443056919370256,1.9597647638434748,2.5013208653743226,3.0713127498231496,3.669056342412231,4.290394121268058,4.927571859773767,5.569495221688424,6.202352792366108,6.810541600218755,7.377801178323453,7.8884496039149195,8.32861415075849,8.687355489424766,8.957594719358942,9.136765103730664,9.227124185319711,9.235676828597608,9.173677069864674,9.055700556795134,8.898317154119693,8.71845345952164,8.531619706580168,8.350268232824696,8.182607554331268,8.03215966949837,7.898190392153976,7.776906986433814
3.8339415360649827e-7,0.06290086836088704,0.13123844445238705,0.21027626815240308,0.30493103174808533,0.4196036488988861,0.5580250418191758,0.7231262620517867,0.9169391485413112,1.1405304187021277,1.3939699623639517,1.6763327872685418,1.985733019034084,2.319387358768572,2.6737044424120726,3.0443957020692864,3.4266026790990134,3.815035338483998,4.204115816327845,4.588122206523452,4.961327446793252,5.318129066672477,5.653166460605685,5.961423382343101,6.238314444345293,6.479755463159406,6.68221843378775,6.842772665617444,6.959114107977804,7.029585096569028,7.053186653565062,7.051410121396363,7.046096565698112,7.037293843619503,7.025080835773731,7.009566134692625,6.990886229824307,6.969203211009144,6.94470201966797,6.91758728487022,6.888079790011803,6.856412624920291,6.822827087615557,6.787568409371254,6.750881385721838,6.713006004111443,6.674173165379958,6.634600600579195,6.594489086065345,6.554019057849339,6.513347720361776,6.472606734858902,6.431900558667209,6.391305488629484,6.350869441060209,6.310612477105055,6.270528057700895,6.230584987565847,6.1907299840607966,6.150890785538994,6.110979695955399,6.06909149696619,6.023922837699545,5.976213862506474,5.926613101477397,5.875676757327566,5.823872901184723,5.771589937832437,5.719148413161758,5.6668150298056075,5.614817631991451,5.563359926172758,5.512634815872492,5.462835432023335,5.41416321022304,5.366832675212259,5.32107291051358,5.277125988768781,5.235242890363235,5.1956776236656905,5.158680364863835,5.124490451322603,5.093329990245571,5.06539869371655,5.040870340300155,5.019891018170307,5.0025790559739205,4.989026327131319,4.979300449479935,4.973447315978911,4.97149339376054,4.9631525401973695,4.937912974913391,4.895165138315387,4.83402498344033,4.753511104665977,4.652755655264466,4.53122065451622,4.3888925036921735,4.226431906791038,4.045262400179889,3.8475870076885816,3.6363283384691316,3.414992526346358,3.187462140917949,2.957728431095857,2.7295801048374515,2.5062751741000198,2.290233830423688,2.082800915073646,1.8841301054661026,1.6932308120600215,1.5081891415964879,1.3265320835859131,1.1456653605467726,0.9632975285132573,0.7777728141838658,0.5882651800707552,0.3948209957523561,0.19826504731462793,3.8339415360649827e-7,0.2869651737459209,0.5657655525233346,0.82977190454287,1.0752190176727945,1.3020917228850901,1.5143027533346658,1.7189323569550095,1.9245020346114996,2.1386548558487704,2.366017168424925,2.6070555711705925,2.858282913100937,3.1135448954869887,3.3657789135523957,3.608673561693936,3.837870201772137,4.05154890701957,4.250378700947085,4.436914135089377,4.614615959617625,4.786758264674022,4.955521689828593,5.121523020090542,5.28389268440978,5.440832402223121,5.590439199662134,5.73151992803168,5.86414650568112,5.989788970947312,6.11097969595541
4.639083519502019e-7,0.06290086836211893,0.1312384444527755,0.21027626815280054,0.3049310317483517,0.41960364889914953,0.5580250418194534,0.7231262620520629,0.9169391485415733,1.1405304187023946,1.3939699623642035,1.6763327872687954,1.9857330190343296,2.319387358768823,2.6737044424123124,3.044395702069521,3.4266026790992474,3.815035338484227,4.204115816328069,4.588122206523672,4.9613274467934705,5.31812906667269,5.653166460605896,5.9614233823433125,6.2383144443455,6.479755463159613,6.682218433787953,6.842772665617649,6.959114107978007,7.029585096569232,7.053186653565265,7.0558934718460895,7.06398445210694,7.077371977609791,7.095912675525793,7.119411279905163,7.147625809985185,7.180273854730693,7.217039721485093,7.257582189112004,7.3015426034400095,7.348553063279533,7.39824446596551,7.450254209072793,7.504233376449275,7.55985326916639,7.6168111731341925,7.674835283386611,7.733688729511473,7.793172667088256,7.853128416503208,7.913438643692134,7.974027587999109,8.034860351325985,8.095941270982959,8.157311406966969,8.219045183483303,8.281246234895164,8.344042518211923,8.407580767731568,8.472020382282727,8.499761381083594,8.43800265010781,8.293385387019097,8.097998670620782,7.87871933642001,7.650877710896197,7.422831404973989,7.1994466693198635,6.9837883532861165,6.777895584404548,6.583148545100235,6.400451267927253,6.230330022864101,6.072994064089679,5.9283822861860545,5.79620800784724,5.67600762075615,5.567194507623193,5.469116532688404,5.381113340982954,5.302568681793885,5.2329529830640995,5.171852319763957,5.1189815053095105,5.074180994971901,5.03739931843999,5.008664573986698,4.988049877842495,4.975638378524992,4.971493393760545,4.963152540197374,4.937912974913407,4.89516513831539,4.834024983440339,4.753511104665988,4.65275565526447,4.531220654516234,4.388892503692184,4.226431906791042,4.045262400179904,3.847587007688595,3.6363283384691485,3.4149925263463783,3.187462140917971,2.957728431095876,2.7295801048374706,2.5062751741000358,2.290233830423716,2.0828009150736615,1.8841301054661388,1.6932308120600725,1.5081891415965218,1.3265320835859535,1.1456653605468194,0.9632975285133267,0.777772814183939,0.5882651800709146,0.39482099575249685,0.19826504731494263,6.104700607828769e-7,0.5214370703626873,1.0555050439629052,1.6136192075403915,2.2048332809717524,2.8348431173829844,3.5052285218421253,4.2130151124727835,4.950612661105723,5.70614803744125,6.464169675573554,7.206664327313471,7.914299845263667,8.5677909987357,9.149278535595204,9.64361390419078,10.039451902802874,10.33006931653349,10.513847306287735,10.594376855249811,10.58016835882958,10.48396812977683,10.321707960375798,10.111143180907067,9.870275258264188,9.615708990946585,9.361153179816306,9.116312180773079,8.886397719780856,8.672391075876538,8.472020382282718
6.104700607828769e-7,0.5511206660869499,1.1022103495370854,1.6537112178148108,2.2068981430323253,2.764027510894639,3.3282125503788147,3.9030144917330127,4.4918016792837046,5.096987142724279,5.719289892187735,6.357163015235967,7.006493547022015,7.66062045955244,8.310658817917938,8.946075698450668,9.55544186167321,10.127278753628733,10.65092593716356,11.117362969063187,11.519927956606464,11.854880911551778,12.121763720952131,12.323511539109813,12.466275412477717,12.558927139595045,12.612240036903813,12.637778223006913,12.646582855912511,12.647807890111142,12.647509824844194,12.643672102707203,12.632168105515557,12.613025287352455,12.586289226891147,12.55202336177092,12.510308619861215,12.461242950528549,12.404940759876594,12.341532254760416,12.27116270117382,12.193991603369485,12.110191810786059,12.019948560520122,11.923458463684833,11.82092844453523,11.71257464170408,11.5986212812747,11.47929953171138,11.354846350865447,11.225503335369899,11.091515582720964,10.953130576215461,10.810597102664318,10.664164212431233,10.514080230850597,10.360591829459684,10.203943164739808,10.044375091203909,9.882124454701902,9.717423470747264,9.587424192142507,9.546014776455213,9.589212670990976,9.687497077049422,9.816415226504324,9.962861003396805,10.120445885537645,10.285964978898571,10.457659397211483,10.634400158530966,10.815290518413882,10.999464122488583,11.185981636356987,11.373781030195294,11.561659272868305,11.748273452229583,11.93215436411989,12.111728294430893,12.285344263499294,12.451304927089561,12.607899869609522,12.753440309824645,12.886294353623658,13.00492194207112,13.10790861370081,13.193997171723236,13.262116348219907,13.311405602490208,13.34123528171106,13.351221503417745,13.334621066221603,13.284084021778671,13.197500167852503,13.071661983512582,12.902683450192677,12.686505453233272,12.419426487588368,12.098601033100843,11.72245870626811,11.291011635014536,10.80603234458736,10.271097707874786,9.691505198137074,9.074075586960022,8.426861607088918,7.758785364454472,7.079228843326835,6.397602031144711,5.7229122409457664,5.0633563253926415,4.425954849075846,3.8162441477205578,3.2380388562304376,2.6932742939500085,2.181935396771496,1.702076829953597,1.2499372207973216,0.8201482480174944,0.4060353400928443,4.639083519502019e-7,0.0665849143742733,0.1380975258846966,0.21868613884097293,0.3113320453342858,0.41792945207920085,0.5396490371080296,0.677369740045077,0.8320439667487673,1.0049340232607333,1.1976984011988707,1.4123321887457414,1.6509887371949514,1.9157295657500504,2.208259896474978,2.529703500870187,2.8804541731182614,3.260118758643637,3.6675458055103007,4.100919348323085,4.55789020216994,5.035716195472878,5.53138610436156,6.0417081031483955,6.563351266185818,7.09283726052085,7.626488041252989,8.160343125109625,8.690065807689924,9.210860580019691,9.717423470747265
-4.225523850853713e-7,0.06769500673014707,0.13967511916066894,0.22060897036321375,0.3156601731598109,0.4302311991897317,0.5694667662370537,0.7377433356608462,0.9383042047636655,1.1730741388981765,1.4426117135239054,1.746146196557905,2.0816630069580455,2.4460194317011403,2.835082141594325,3.2438816572262024,3.666779404695228,4.097642460279902,4.530020525382664,4.957319480709343,5.3729661314553345,5.770559440155426,6.144004566941322,6.487627291005441,6.796267752457326,7.065353805317179,7.290955486914359,7.469823074454058,7.599411825740099,7.677896729904676,7.704180407985317,7.702308490580519,7.696707605247404,7.687422034036373,7.674524525557631,7.6581147378256755,7.638317108183374,7.615278199812821,7.5891635877637,7.560154360144416,7.528443321803087,7.494230998076816,7.45772154454875,7.419118674722708,7.378621720596804,7.33642194081674,7.292699187025829,7.247619030947275,7.201330442561292,7.153964093620285,7.105631341068601,7.056423922323447,7.006414369678561,6.955657125322301,6.904190312736581,6.852038095701759,6.799213533857995,6.74572182471391,6.691563806902967,6.636739588888596,6.581252161491848,6.523423609702048,6.462349381577744,6.399133389779106,6.334787618799914,6.270226962293546,6.206268530123163,6.143634594719056,6.082958080568495,6.024789341417941,5.969602943489874,5.917803293508901,5.869728214550192,5.825649957993096,5.78577360383201,5.7502332859141445,5.719087116319908,5.69231200804602,5.669799751772932,5.651355650572895,5.636700722599625,5.625477869136601,5.617261150238857,5.611564150278061,5.607838577322123,5.605544306802699,5.6045312376556184,5.604608426431157,5.605204077530701,5.605785627512282,5.6060171449415765,5.597237341503322,5.570556753631148,5.525011042813624,5.459180939730682,5.3714436410931565,5.260270718456275,5.124532333127467,4.963770520721731,4.7784116211214585,4.569897037080737,4.340720353374318,4.094366272410267,3.8351525648906954,3.567980822886195,3.2980064462637837,3.0302447843416345,2.7691407064311733,2.518144195076929,2.2793528078694756,2.0532953311269124,1.8389265214590003,1.6338688642545514,1.4348760172785995,1.2384269239724708,1.0413218303907141,0.8411597944198058,0.636622450598542,0.42754425234607774,0.2147921824745903,3.8463977357364873e-7,0.5211412219508612,1.0490598404389975,1.590508378811642,2.1519484836076552,2.738932957284484,3.3552042619938742,4.001713446508626,4.675807552006171,5.370790175686525,6.0759651830253985,6.777171174305187,7.457734804598811,8.099724568224168,8.685368452252986,9.198499030807882,9.62589953151604,9.958438830625278,10.19189953607823,10.327420222397887,10.371490669080071,10.335459614717637,10.234542960184221,10.086364788479248,9.909133135917266,9.719648892397434,9.531450481392486,9.35346073021713,9.18946315558796,9.038561395311218,8.896520137651182
1.9320460550588348e-7,0.06769500673127449,0.13967511916110148,0.22060897036351146,0.31566017316012407,0.4302311991899335,0.5694667662372108,0.737743335661017,0.9383042047638447,1.1730741388983241,1.4426117135240417,1.746146196558032,2.0816630069581636,2.4460194317012416,2.835082141594415,3.243881657226285,3.6667794046952995,4.097642460279966,4.530020525382719,4.95731948070939,5.372966131455373,5.770559440155462,6.144004566941352,6.487627291005464,6.796267752457345,7.0653538053171925,7.29095548691437,7.469823074454076,7.599411825740106,7.677896729904695,7.704180407985323,7.706704137351247,7.714245953227436,7.726718435603609,7.743978181259516,7.765829161879925,7.792027257401522,7.822285810176697,7.856282019067763,7.89366397655237,7.934058146106755,7.977077080441833,8.022327191867445,8.069416402073015,8.117961517789212,8.167595199152254,8.21797240748367,8.268776237412128,8.319723054054542,8.370566869039054,8.421102899584723,8.47117026305438,8.520653766012973,8.569484752650457,8.617640983352453,8.665145521125321,8.712064612362035,8.758504559816348,8.804607600188552,8.850546816658145,8.896520137651175,8.891201520326323,8.769032061323076,8.565349641464806,8.325983174514473,8.073809471878032,7.819464009325386,7.568919068923947,7.326248522325022,7.094611311976609,6.876608236754257,6.674395878543909,6.489697583829866,6.323771727305386,6.177369503386359,6.050703194955325,5.943439307497579,5.854724911801203,5.783249008980821,5.727334316425164,5.685049819743199,5.654331905331068,5.633102637310188,5.619378696873686,5.6113725728371735,5.607501203561978,5.606061436246402,5.605699074489582,5.605771696136973,5.605940358839063,5.6060171449415614,5.59689995435803,5.569237509859111,5.522153668542291,5.454367597983479,5.3644339393393246,5.25102764454912,5.113234918827529,4.950814171204637,4.764397515048629,4.555611817072405,4.327106637364087,4.082483529418878,3.826126872050299,3.5629413159356367,3.298006446263759,3.036167404957205,2.7815930166498375,2.537350900228361,2.3050683753000647,2.0847585306886436,1.8748782138319398,1.6726399763165596,1.4745322538173578,1.276940098181027,1.0767336840579005,0.8717134643639065,0.6608521799467018,0.44432719745954563,0.22337303532464914,-4.225523850853713e-7,0.31132627974663746,0.6154284908725055,0.9063850831796306,1.1807296639293225,1.4382479039835834,1.6821650760635205,1.9185143299172576,2.1546708535927563,2.3973641567314843,2.65077921072812,2.9153924672484814,3.1878854415627877,3.4620387345374937,3.7302130384606262,3.9849713318078948,4.220498646952023,4.433606811471967,4.624210120650768,4.795226347600991,4.951925025292418,5.100558613557351,5.248326020196466,5.399611093989384,5.55758341751073,5.722770646691854,5.89367783825043,6.067615497844739,6.241649721982476,6.413367820224242,6.581252161491852
3.8463977357364873e-7,0.5947399825882274,1.1863642485111494,1.7723611711227862,2.351334091414303,2.9233321623045536,3.4899302690182052,4.05401703630077,4.619295846797211,5.189560983781906,5.7678658087170165,6.355733242875151,6.952555760482067,7.555291404506815,8.158498585345738,8.75468793488372,9.334922379076458,9.88957365261518,10.409141093287282,10.88504831312296,11.31034737564696,11.680273648832555,11.992606050525994,12.247797822885072,12.448854534067985,12.600951599273529,12.710805893344517,12.785846117949712,12.833262325500977,12.859049449889065,12.867181449752378,12.862844428685353,12.849847856286686,12.828235100890932,12.798078096782572,12.7594768270143,12.712558603822666,12.657477151143226,12.594411495058598,12.523564669375503,12.445162244924862,12.359450692615459,12.266695591746517,12.167179696595632,12.061200875838678,11.949069940919193,11.831108381051182,11.70764602408997,11.579018644018403,11.445565537234518,11.307627091158897,11.165542369856368,11.0196467423439,10.870269579977231,10.717732049719162,10.562345030138893,10.404407176620104,10.244203161432093,10.08200211303429,9.918056277325844,9.752599921940293,9.633229699179399,9.623790635487541,9.69257402718465,9.797553237955974,9.919739455738318,10.052367231886342,10.19319967584844,10.341638453341252,10.497611818163286,10.661092070522724,10.831865244379427,11.009420370291686,11.192905855673564,11.38112857372463,11.572581660956038,11.765491252062375,11.95787451568361,12.147602873871712,12.332465667211649,12.51023084797626,12.678700491723909,12.8357599397213,12.979420173437116,13.10785356888733,13.219423505531056,13.312708454072093,13.386521189438342,13.439923716374869,13.472238393935939,13.483055629000576,13.458769477830272,13.38543430585633,13.261709344409315,13.08564521070005,12.855069731980697,12.568052303542224,12.223387707500946,11.821041949537353,11.362511188609853,10.851057427330367,10.291798585147252,9.691643881580745,9.059077005849385,8.403799071770543,7.736251246850139,7.067044090602951,6.406328245207887,5.763150393698636,5.1448498394744675,4.556563231707052,4.0009130116227825,3.4779503728409695,2.9853961160499636,2.5191689489208917,2.074120847612918,1.6448383134609637,1.2263448734968256,0.8145666673230594,0.4064879294803284,1.9320460550588348e-7,0.013052660838095764,0.02964407257283151,0.05313813994470578,0.08707009183615398,0.13559408605094875,0.20355014735005533,0.29612693420587355,0.4183302135281126,0.5744651751089032,0.7677617828442006,1.00018527320245,1.2723985724349893,1.5838113544453825,1.9326711103362422,2.316190056273549,2.7307216393600635,3.171995852787843,3.6354063821400566,4.116326520413769,4.6104187354103825,5.114171918607415,5.62379500423397,6.1377997022968955,6.654485618311775,7.172930381931444,7.692441174752465,8.212152021693015,8.730597005231294,9.24532301838297,9.752599921940286
-3.1963332419842837e-7,0.4219574891285811,0.8423448730846078,1.2602608990967297,1.6760350086164433,2.0915790778117307,2.5104409143059025,2.93750782173795,3.3783722309937625,3.838453238827123,4.322040385230299,4.831454895215692,5.366491207198477,5.924221992575765,6.4991599106649405,7.0837033736665935,7.668765043428207,8.244483796854905,8.800938455247607,9.328802125339646,9.81989325517842,10.267592280524328,10.667102438997784,11.015542075173345,11.31186540363602,11.556620423785843,11.751566772502771,11.899191907360724,12.002178987924212,12.062890870847495,12.082938012721804,12.080050616492093,12.071395335974131,12.05699285753605,12.03687753153313,12.011097182713826,11.979712846372308,11.942798431827729,11.900440315253702,11.85273686432221,11.799797897557674,11.741744081722299,11.678706270969174,11.610824791903191,11.53824867908147,11.461134865860197,11.379647335853226,11.293956240605427,11.204236989398522,11.110669317394505,11.013436338579321,10.912723590192003,10.808718075508107,10.701607311985859,10.59157839187465,10.478817062421731,10.363506832791487,10.245828114723425,10.125957403801248,10.004066507974324,9.880321829668544,9.765323492479823,9.675203849328673,9.61674415769315,9.592607235064559,9.600724802821748,9.63604345808949,9.692886549141079,9.766360860611051,9.85271595070732,9.949183223197705,10.05368591117827,10.16457972830705,10.280461288474154,10.400038871214345,10.52205112865775,10.645220589847572,10.76823197089339,10.889728039938614,11.008317765004788,11.122592835854604,11.231149596918717,11.332614106433006,11.425668541981432,11.509077560701291,11.581713526395834,11.642579756166375,11.690831130146282,11.725791560614796,11.746967940512498,11.754060294075932,11.741598353444276,11.703366717728386,11.636932952350827,11.538577351871767,11.403743392080248,11.22757834616915,11.005497868809881,10.733714271551644,10.409681537959425,10.032426473337829,9.602751222816506,9.123305650410805,8.598538010488117,8.034539087996793,7.438799044834431,6.819898143033535,6.187152752123312,5.550236845309187,4.918796651726298,4.302072271447439,3.708534890170882,3.1455419372688103,2.6190057979776764,2.133066306796409,1.6897570500604748,1.2886672218072515,0.9266329351482827,0.597547687000083,0.29244272063816423,-3.1963332419842837e-7,0.383413557903142,0.7825076307615333,1.210807838263631,1.6780500062782606,2.1893068383600687,2.7448046766783913,3.340211362870361,3.9671948385470572,4.614134100958541,5.266931307763248,5.909904182863896,6.526740343995432,7.101484626488784,7.619517638136965,8.068474147330951,8.43904535811543,8.725609518342772,8.926639573032624,9.044843499273759,9.087001910769908,9.063479301237544,8.987402988871558,8.873532971988269,8.736892597528906,8.591295212857919,8.447973160742105,8.314560993972616,8.194663579235753,8.088129729509792,7.991978811623342
-2.865361729043132e-7,0.05294636742298093,0.12650603249141765,0.23168419242893132,0.37191388342032433,0.547232569779341,0.7562202283237158,0.9966946698319034,1.2659806186181641,1.5610397084017418,1.8785516294343736,2.2149756147804287,2.5666021809352237,2.929598670879633,3.3000500494673677,3.6739958117873868,4.047463813973188,4.416501941158736,4.777208621930996,5.125763206074587,5.458457112417313,5.771726425100098,6.062186289125036,6.326667063441116,6.5622517744808695,6.766314020038678,6.936555145024436,7.07103928190609,7.1682247437422415,7.226990287969947,7.246654932543819,7.248255083155795,7.253035514793303,7.260936672280417,7.271860964319784,7.285675204614905,7.302213913305308,7.321283370620192,7.3426662943527194,7.366126998943514,7.391416886733923,7.418280120893965,7.44645933383596,7.475701233513245,7.505761981679159,7.536412231759056,7.567441728407102,7.598663385217283,7.629916770811583,7.661070946268221,7.6920266084496385,7.722717504321358,7.7531110910663585,7.783208426060366,7.8130432800163785,7.8426804762842774,7.872213469823683,7.901761191094041,7.931464193234954,7.961480155483126,7.991978811623342,8.008276780857182,7.991304809245353,7.936315620458359,7.842630630760906,7.714227916465726,7.557971045934587,7.381222234334379,7.1904118398990144,6.990657412158973,6.785906305678986,6.579211726614179,6.372983352839807,6.169176091069803,5.969422763226939,5.7751251650153845,5.587516339785943,5.407703432350326,5.236697452320041,5.075434046404112,4.924787819157882,4.785581666300238,4.658591863170669,4.544549212180302,4.444136364932714,4.357981477920332,4.286648605434033,4.230625620449709,4.190310887590957,4.166000266637088,4.157876172510064,4.150337361782002,4.127613852260541,4.08940946709446,4.035310440183714,3.964893098032445,3.8778526418002373,3.7741356425768817,3.65405902499444,3.518400461024781,3.368448495922701,3.206004679730854,3.0333339980475214,2.853063811850946,2.6680354680880174,2.4811171084893022,2.2949914159393825,2.111938228415804,1.9336384161842644,1.7610300966111445,1.5942477726581818,1.432665918930129,1.2750500309059507,1.1197941579412356,0.9652027555836581,0.8097647673300402,0.6523726303084351,0.49245501024757365,0.33001212926411516,0.16555984692093292,-2.865361729043132e-7,0.05557981747302577,0.13109944661071543,0.23770124686946675,0.37919454863342134,0.5559061634588456,0.7666394555969267,1.0094270693571679,1.2818380267126228,1.581134434520513,1.904376716777817,2.2485112457167746,2.6104525118924236,2.987163919149657,3.375737613785749,3.7734714783001064,4.177939616526253,4.587051151079137,4.999091072279187,5.412736471953812,5.827042040549738,6.241390412427087,6.655405871681958,7.0688339095628345,7.481393710260747,7.892615137267207,8.301675358244076,8.70725209332887,9.107410083354754,9.499534676086235,9.880321829668546
3.3661187218378784e-7,0.05294636742535573,0.12650603249254203,0.23168419242970478,0.3719138834208609,0.5472325697798042,0.7562202283241224,0.9966946698322895,1.265980618618519,1.5610397084020875,1.8785516294347109,2.214975614780751,2.566602180935543,2.929598670879947,3.300050049467679,3.6739958117876927,4.0474638139734855,4.4165019411590345,4.777208621931294,5.125763206074886,5.458457112417608,5.7717264251003915,6.0621862891253295,6.326667063441407,6.562251774481158,6.7663140200389655,6.9365551450247285,7.071039281906376,7.16822474374253,7.226990287970237,7.24665493254411,7.24459902391304,7.238442521909637,7.228218943463386,7.213983636619753,7.1958130183174704,7.173803523333754,7.148070280426366,7.118745536221464,7.085976851836719,7.049925101538065,7.010762306831045,6.968669343193088,6.9238335600463214,6.876446357423763,6.826700764950217,6.7747890700931235,6.720900542990535,6.665219304395797,6.607922381279415,6.549177991321597,6.489144092883335,6.427967231088923,6.3657817034798585,6.302709060469032,6.238857946759723,6.174324280279027,6.109191755339943,6.043532647047087,5.977408884768206,5.910873354162579,5.841561394667408,5.767642734876452,5.689958033404933,5.609328061204528,5.526543144679787,5.442354232837328,5.3574658343824515,5.272530980865428,5.188148270835528,5.104860943893194,5.023157830027898,4.943475926544615,4.866204279562546,4.791688795465978,4.720237583599352,4.652126436098468,4.58760408245846,4.526896911189691,4.47021292272348,4.4177447594987775,4.3696717435212005,4.326160931803678,4.2873672703057295,4.253432983184786,4.224486373982535,4.200640238075938,4.181990092024508,4.168612417089856,4.160563093588466,4.157876172510072,4.150337361782006,4.127613852260548,4.089409467094476,4.035310440183728,3.964893098032466,3.8778526418002595,3.7741356425769093,3.6540590249944667,3.51840046102482,3.3684484959227383,3.2060046797309023,3.03333399804757,2.8530638118509897,2.6680354680880654,2.4811171084893613,2.2949914159394535,2.111938228415869,1.9336384161843432,1.761030096611222,1.5942477726582662,1.4326659189302131,1.2750500309060429,1.1197941579413404,0.9652027555837686,0.8097647673301633,0.6523726303085857,0.49245501024775223,0.33001212926437484,0.16555984692140216,3.3661187218378784e-7,0.24369062279131082,0.48288893838158714,0.7138539010251649,0.9342230882309204,1.1433973406178035,1.342583523818198,1.5344462112845367,1.7224098566702455,1.9097701126708142,2.0988651762492716,2.2905613069360444,2.4841995151236933,2.6779845844711088,2.8696592274357386,3.057247970472741,3.239672532881157,3.417099377648598,3.590953402195653,3.7636084258797697,3.9378403475731036,4.1161907108132905,4.300415511069422,4.491167593501281,4.687982764294189,4.889538555118058,5.094071332796522,5.299801122751299,5.505228656679188,5.709221330648276,5.910873354162577
1.472025697787444e-7,0.49444826907287454,0.9883739241166256,1.4818900261702284,1.97625584696782,2.4741491065377725,2.9796161270723243,3.497668716760259,4.033570357853631,4.591932704601567,5.175798403156681,5.785892910839777,6.420181965808692,7.073793306649059,7.739283341372942,8.407175990247842,9.06667852971752,9.706480633492998,10.315556082741933,10.883902432110858,11.40316759147966,11.867122905281224,12.271951043183787,12.616325812020085,12.901271908957021,13.129807389262979,13.306391153033632,13.43622151099687,13.52445706861588,13.575452404697561,13.592111225415636,13.588757783695659,13.578705126024873,13.561976212767242,13.538609171145175,13.508657086193745,13.472187710151198,13.429283092326983,13.380039132051609,13.324565057861387,13.262982836601944,13.195426516642776,13.122041509879505,13.042983817656161,12.9584192061631,12.868522337255039,12.773475860982419,12.673469476436628,12.568698967770127,12.459365222463502,12.345673239070022,12.227831131769866,12.106049139108807,11.980538644276347,11.851511214194124,11.719177664534278,11.583747157568519,11.445426339460411,11.30441852325735,11.160922923413295,11.015133947183775,10.882902985841703,10.787702541288711,10.73772800867148,10.733717767293122,10.769497795289556,10.836192198464486,10.92575122313543,11.032142420272285,11.151163163825215,11.279895166292505,11.416217701020118,11.558461547473199,11.705183225604593,11.855024624443796,12.006630299270109,12.158603541003366,12.309488772604261,12.457771978415211,12.601893461677783,12.740268859298409,12.871315409270526,12.993481191766186,13.10527557800454,13.205299494717144,13.292274390352532,13.36506900103876,13.422723180608116,13.4644681955124,13.489743004213459,13.49820615024585,13.484440659455315,13.4421276538321,13.368344604228733,13.258624875910531,13.107501223064046,12.909156170886412,12.658098578123637,12.349793460075231,11.981188876569371,11.551103848137505,11.06046052640625,10.512359757157219,9.912010945970705,9.266535021570375,8.584663980848164,7.876362706208404,7.152399012162988,6.4238865296898755,5.7018222248352215,4.996636136549728,4.3177654152334055,3.673258303612411,3.069407268777524,2.510406120431458,1.9980273902281105,1.5313290103401502,1.1064285710489188,0.7164273263048724,0.35160509438223875,1.472025697787444e-7,0.45695094611431464,0.9312112522430213,1.4378854076362027,1.9881215002226453,2.588049515666855,3.2383908480198165,3.934583918141914,4.667266194557471,5.423006602426777,6.185229986106531,6.935294855779343,7.653682559746412,8.32124303913891,8.920429462098006,9.436446571669851,9.858237086728131,10.179236302934292,10.397835397983702,10.51750690206491,10.546560074690612,10.497509942909264,10.386064625449414,10.229767438193553,10.046380328365673,9.852165487548838,9.66029970089961,9.479706769064558,9.31457090096513,9.164671496872206,9.026483563923787
2.7963587684859086e-7,0.060505025150892414,0.14006684104641115,0.25014366029915425,0.39530221143952005,0.5765168504984616,0.7930870747778489,1.0434231435866417,1.325353604904301,1.6362560171095106,1.9731229118762426,2.3326045356042173,2.711044677329142,3.1045164197878714,3.508860784335586,3.9197294815672064,4.332632069910285,4.742987288768567,5.14617798316337,5.537608796095961,5.912765639879522,6.267275852845146,6.5969678941741865,6.897929420412841,7.166562616220202,7.399635712792881,7.594329713899334,7.74827945551277,7.859608245173697,7.926955456785327,7.9494965918735385,7.95176158659076,7.958528847035007,7.969715927955771,7.9851878121205395,8.004760401321528,8.028205217918687,8.055255145851515,8.085611010453025,8.11894877832071,8.154927151819663,8.193195336446875,8.233400771509611,8.275196633196154,8.318248941861633,8.362243130070153,8.40688995280138,8.451930644853162,8.497141251928673,8.542336080722826,8.58737022945488,8.632141173992494,8.676589396475602,8.720698053825275,8.764491693429532,8.808034033350046,8.85142483522958,8.89479591021345,8.938306311955147,8.982136786255841,9.026483563923792,9.051962261911179,9.032840603502645,8.963187712896419,8.844453866959542,8.684896020081549,8.495336990921322,8.285607798810112,8.06332874009841,7.834072371508059,7.601889136655674,7.369780206680015,7.140036598357852,6.914465795103839,6.694541200931218,6.481502182613369,6.276423187004792,6.0802635097845465,5.893904674077348,5.718179334011748,5.553893575149327,5.40184310183357,5.262822919629315,5.137629686691028,5.0270559197089515,4.931875698944591,4.852822382288889,4.790559991761762,4.745651161779222,4.718525538707024,4.709452976008864,4.701330790934911,4.676782465549577,4.635299214620106,4.576149322931138,4.498534443682297,4.401775907931882,4.2855059149971515,4.1498393156423,3.9955053492275403,3.823923876712256,3.637216228628458,3.4381460495017326,3.229990284582777,3.016345055012318,2.800876364291408,2.5870323341799306,2.377742627148284,2.17514125703688,1.9803580849445714,1.7934261279870596,1.6133397803370875,1.4382706550740556,1.2659094423862878,1.0938686883669835,0.9200675024225703,0.7430297775463097,0.5620549828968636,0.3772515306454513,0.18944663996039582,3.151442814189086e-7,0.2764334726841397,0.5465030802539409,0.8050133595738399,1.0489250761844124,1.2779757808404895,1.494754154234989,1.7041108836038632,1.9119455029951862,2.123647793810664,2.342676869127468,2.569762997044838,2.8029666207322004,3.0384799202026795,3.2718228391497197,3.4990482150207955,3.717663228900664,3.9271012297646886,4.128692621754501,4.325184063189217,4.519948154454635,4.71610032166105,4.915766432586931,5.119697416364596,5.327310438452036,5.537093621774342,5.747201210262653,5.956025850831661,6.16256545373163,6.366480242056284,6.567832192777027
3.151442814189086e-7,0.06050502515182271,0.14006684104675576,0.25014366029936796,0.39530221143973193,0.5765168504986166,0.7930870747780031,1.043423143586773,1.3253536049044166,1.6362560171096525,1.9731229118763722,2.33260453560437,2.7110446773292693,3.1045164197879904,3.5088607843357047,3.9197294815673307,4.3326320699104155,4.74298728876869,5.1461779831635,5.537608796096095,5.912765639879658,6.26727585284528,6.596967894174327,6.897929420412979,7.166562616220345,7.399635712793019,7.594329713899474,7.7482794555129155,7.859608245173848,7.926955456785468,7.949496591873679,7.947282117778675,7.940652287982049,7.929647689481376,7.914335334780293,7.894807721570936,7.871181533218062,7.8435959971620965,7.812210923487861,7.777204451157861,7.7387705347523985,7.697116209925379,7.652458681070041,7.605022279747618,7.555035347079903,7.502727097324923,7.448324522995575,7.392049403882965,7.334115482945508,7.274725870980237,7.214070739102754,7.152325353190104,7.08964849753452,7.026181326067806,6.96204666880845,6.897348808939855,6.832173732534667,6.766589838881196,6.700649085188572,6.634388525727475,6.567832192777029,6.49839188996472,6.42406358180467,6.345715370788964,6.264175165571429,6.180222084000852,6.094580652420308,6.007917866312621,5.920843010438409,5.833909974878172,5.747621660490572,5.6624359556939705,5.578772695869948,5.497020992770801,5.417546345067897,5.3406970088177,5.266809210165568,5.196210910941786,5.1292239780380955,5.066164746360084,5.007343090517372,4.9530602221959645,4.9036055013639,4.859252586725238,4.820255254650769,4.786843190356379,4.759218007654047,4.737549693515464,4.721973611001283,4.712588137958268,4.709452976008878,4.701330790934917,4.67678246554958,4.635299214620099,4.576149322931141,4.498534443682293,4.4017759079318735,4.285505914997148,4.14983931564229,3.9955053492275314,3.8239238767122417,3.6372162286284455,3.438146049501713,3.2299902845827595,3.016345055012289,2.800876364291388,2.5870323341799137,2.377742627148264,2.1751412570368664,1.980358084944538,1.7934261279870376,1.6133397803370442,1.4382706550740634,1.2659094423863015,1.0938686883669946,0.9200675024225526,0.7430297775462755,0.5620549828968279,0.37725153064536043,0.18944663996014197,2.7963587684859086e-7,0.06376725167374184,0.1463742881961755,0.25932262568516234,0.4072061016616308,0.5908718505857129,0.8094111782450332,1.0610547259427954,1.3435753875885879,1.6544978416701874,1.991228374847942,2.3511466995698513,2.7316757853302787,3.130336604211069,3.5447912946660796,3.972876658043093,4.412628702234136,4.862297703302986,5.320351982357468,5.7854675242141775,6.256500017715658,6.732436180116792,7.21232253555176,7.695172158843343,8.179853045449606,8.664965269408158,9.1487173203629,9.628814301597847,10.102371469571004,10.565865603282097,11.015133947183784
-2.896940291207317e-7,0.4940518934368039,0.9874965690166696,1.480175134658528,1.97272396532333,2.4667323139047106,2.964651423944594,3.4694408595682984,3.98399396321219,4.510439072657082,5.049448690999474,5.599691312903667,6.157528739657136,6.71700827231756,7.270143686205039,7.807437127001885,8.318572059620712,8.793202381263438,9.22176794081086,9.596275388710293,9.910991158967533,10.162998437272424,10.352571889772868,10.483323703051862,10.56207455487896,10.598407998302438,10.60388337625475,10.590919099849112,10.571420129696095,10.555304852287446,10.549162721549186,10.545660625005993,10.535164852416212,10.517706888659447,10.493338988169484,10.462133845901972,10.424184139721405,10.37960194723924,10.328518041000214,10.271081066777842,10.207456610601145,10.137826160990716,10.062385973731612,9.981345847348601,9.89492781827235,9.80336478548645,9.706899075218887,9.605780956977481,9.500267122917709,9.390619143160377,9.277101910233139,9.159982086276674,9.0395265670185,8.916000976755672,8.789668208683002,8.660787024838415,8.529610729690228,8.396385930949299,8.26135140053263,8.124737047726994,7.986763015490955,7.889561027103339,7.888292365115678,7.955867114997433,8.05568807451636,8.170656852558333,8.294356492418535,8.42441108706957,8.559971324127014,8.700754234392877,8.846630388614523,8.997424181013335,9.152809253615596,9.312253309846822,9.474992658086308,9.640027013769515,9.806129336261183,9.971867341604781,10.1356341794974,10.295686154654295,10.450185560912159,10.597246805328675,10.734984094985291,10.861559074600574,10.975226950554834,11.0743798142063,11.157586073549936,11.223625103134232,11.271516414389293,11.30054282239355,11.310267235644117,11.296382764314563,11.25415587123349,11.181939116887648,11.077220051653699,10.936938111202174,10.757869139978384,10.537032319731896,10.272076476189566,9.961610208559229,9.605450590279114,9.204776085971952,8.762179243328884,8.28162281961993,7.76830904841171,7.228475852963572,6.669136227584728,6.097778016364098,5.522041165976411,4.949388429510732,4.386783670621248,3.840389644657633,3.3152948272129277,2.81527710629346,2.3426116853997523,1.8979320537945708,1.4801565673881039,1.0864980453504514,0.7125769733276878,0.35265595827349966,-2.26339545239385e-7,0.05949301738688636,0.1229224705387904,0.19369748756285332,0.2744253456184753,0.3669516196295486,0.47260319971702125,0.5924821783286996,0.7277024928918304,0.8795159318992127,1.0493148060532371,1.2385278697830282,1.448447372055729,1.6800366222908942,1.9337665969945514,2.2095179040623685,2.5065657897854616,2.823646845923631,3.1590909140604535,3.5109919600477424,3.8773870972059434,4.25641259911405,4.646409050485773,5.045954523880685,5.453814675724642,5.868811299708804,6.289624686727674,6.714557787048544,7.141298938538048,7.566722578229041,7.986763015490962
-2.26339545239385e-7,0.05620415193164132,0.11663253947983926,0.185464825387773,0.2667423812162971,0.3642171145679146,0.48117471199161865,0.6202729242873285,0.7834195678983674,0.9716961160922951,1.1853226158602925,1.4236573299653001,1.6852254541151337,1.9677725340939658,2.268338859145236,2.583351186229708,2.9087279501147836,3.2399938845223692,3.5723998677780933,3.901043881304967,4.220989248205442,4.527376787252491,4.81552813927687,5.0810382487877925,5.319855755626828,5.528350807637798,5.703370485137361,5.84228257747902,5.943008829305143,6.0040489539134665,6.024496688207618,6.0230061275190945,6.018549794518037,6.011173420952195,6.000952180747859,5.987989141980734,5.972413140659291,5.95437611757919,5.934049971505376,5.911622993878087,5.887295961883776,5.8612779777308655,5.833782151859054,5.805021236031142,5.77520331817876,5.744527693849324,5.713181028518097,5.681333920380566,5.649137964200895,5.6167234032795355,5.584197438833627,5.551643244592345,5.519119710042608,5.486661909632405,5.454282268651567,5.421972370847547,5.389705329447888,5.357438623356638,5.325117284820405,5.292677314467726,5.260049194603929,5.2256922095827205,5.18861246685862,5.149517484776929,5.1090554686025555,5.067812021554037,5.026309356901135,4.985007657137596,4.944308115071196,4.90455712283622,4.8660510558814165,4.829041132079958,4.793737907548132,4.760315091315491,4.728912506964007,4.699638184170392,4.672569709224259,4.6477550846076205,4.625213430142791,4.604935893150284,4.5868871192554055,4.571007571750839,4.557216884263278,4.5454183019509244,4.535504126449001,4.527361945863486,4.520881318458036,4.515960499301853,4.512512760737158,4.510471863015909,4.5097962792124795,4.500559167343994,4.472849638133193,4.426686110570578,4.362140734435873,4.279395260987842,4.17880758666973,4.060979275789271,3.926813966969706,3.777557297386307,3.614810624030982,3.440513124323803,3.2568895976950887,3.0663643322646306,2.8714447116259083,2.674581834758975,2.478019269331424,2.2836448863797183,2.0928638411234357,1.9065119729435098,1.7248267150824494,1.5474859270296026,1.3737141079628288,1.2024423970016933,1.0324973667359776,0.8627876297680694,0.6924585853934391,0.5209933454938213,0.348249039234964,0.17442895275965978,-2.896940291207317e-7,0.45759009252416905,0.9265000955166415,1.4167062884199246,1.9356939284098782,2.4876361934448745,3.0729398570094615,3.6881312805095514,4.326029766810654,4.976157886371859,5.6253501540172355,6.2585288538607635,6.859614802398805,7.412533277711292,7.902264993681398,8.315882204762348,8.64350292604315,8.879092778169323,9.021044137423978,9.0724656409927,9.041121453963347,8.938970220253298,8.781272456545167,8.585270764848508,8.368511041260984,8.146971283706613,7.933282961819991,7.735417437378731,7.556190631571195,7.393765746766714,7.243051225800304
1.7082823249636808e-7,0.05620415193174444,0.1166325394800207,0.18546482538778855,0.2667423812163887,0.36421711456800915,0.48117471199165723,0.6202729242873796,0.7834195678984023,0.9716961160923568,1.1853226158603325,1.4236573299653297,1.6852254541151417,1.9677725340939871,2.268338859145255,2.58335118622972,2.908727950114794,3.239993884522385,3.5723998677781075,3.901043881304979,4.220989248205465,4.527376787252503,4.815528139276886,5.081038248787804,5.319855755626839,5.52835080763781,5.703370485137367,5.842282577479017,5.9430088293051515,6.004048953913478,6.0244966882076225,6.0270704823823555,6.034760681354847,6.047474557699003,6.06506027393986,6.0873108224085195,6.113969306488617,6.144735351604099,6.179272403053773,6.217215653095265,6.258180340480001,6.3017701794617205,6.347585698760757,6.395232300350592,6.444327879695592,6.494509880205998,6.545441682939719,6.596818256546623,6.648371011477108,6.699871816581666,6.751136145945952,6.802025330029087,6.852447889015726,6.902359928977144,6.951764584202818,7.000710493095361,7.049289301386356,7.097632196024285,7.145905486563463,7.194305268605882,7.243051225800306,7.250475022090946,7.163059757291023,7.010066752996063,6.830179190021315,6.642463808385163,6.455154402031659,6.272256892197699,6.096027419435319,5.927895832083623,5.768842414017284,5.619563858751942,5.480548662818523,5.352110375187161,5.234401222262593,5.127418203250678,5.031008803518034,4.944880501917927,4.86861604711393,4.801694715183423,4.743518424237071,4.69344073421766,4.650796425773872,4.61492947880173,4.585217738707805,4.561093211739455,4.542057617624023,4.527693426756709,4.517671042629873,4.511753024208964,4.509796279212474,4.500559167343984,4.472849638133198,4.426686110570582,4.362140734435882,4.279395260987849,4.17880758666974,4.0609792757892755,3.926813966969713,3.7775572973863163,3.6148106240309876,3.4405131243238083,3.256889597695099,3.066364332264654,2.871444711625915,2.674581834758982,2.4780192693314427,2.2836448863797343,2.0928638411234535,1.9065119729435225,1.7248267150824625,1.5474859270296173,1.3737141079628579,1.202442397001716,1.0324973667360053,0.8627876297681045,0.6924585853934797,0.5209933454938525,0.34824903923503125,0.17442895275972223,1.7082823249636808e-7,0.2599355563797558,0.5142977684734477,0.7583902170804774,0.9891616998258091,1.2057483679468237,1.4096643633681065,1.6045314849736227,1.7953096067005907,1.9871326824288706,2.1840307951398943,2.3879211583203586,2.5981824915330907,2.811905969183401,3.024677187305963,3.2316137021747133,3.428382135402356,3.6119892953365054,3.7812240958789047,3.936698943662306,4.080505934007004,4.2155739888174795,4.344884010999929,4.470747626231713,4.594350198087302,4.715684451361826,4.833875477041292,4.94776912365952,5.056573309231725,5.160329931492314,5.260049194603932
-4.3710073490055064e-7,0.055638715391808855,0.1270590594902798,0.2242359962610003,0.3515382022715038,0.5101982997785879,0.6999172565009443,0.9195706719822319,1.1674930630556715,1.441595305540361,1.7394186285126212,2.058165854479954,2.3947266469192456,2.745704084561617,3.1074458351245773,3.476081255981523,3.8475646845278217,4.217724526976321,4.582317322929266,4.937085675219716,5.2778187536873755,5.600413987485345,5.900938538573794,6.175689186172526,6.421249335344445,6.634541980036654,6.812877589989363,6.953996041404559,7.056101864479696,7.117892230461821,7.1385772428630405,7.1365995431967555,7.130679179278282,7.120854159421637,7.107187177405021,7.089764642906913,7.0686953452556205,7.044108771690817,7.01615310743983,6.984992950987994,6.9508067838969,6.9137842402862075,6.874123226495581,6.832026946295785,6.787700891103566,6.741349857728356,6.69317505798435,6.643371384786644,6.59212489788898,6.539610589031806,6.485990480845072,6.4314121063683265,6.3760074065999035,6.319892072267872,6.26316534334573,6.205910266137655,6.148194393538686,6.090070899898144,6.031580068363408,5.97275109622562,5.913604153140761,5.85197838581616,5.7862916383329805,5.717404573743745,5.646139259805665,5.573269663816296,5.499514575472419,5.425533027858722,5.351922141944802,5.279217181668833,5.207893487533669,5.138369868211645,5.071012980756074,5.006142225317102,4.944034719441606,4.8849299946421505,4.829034163912659,4.7765234298522525,4.727546923961924,4.682228973683787,4.64067097221576,4.602953068245448,4.569135894712797,4.53926251928072,4.513360731419247,4.491445693244869,4.473522887501285,4.459591210908569,4.449645997567867,4.443681724770155,4.441694157218959,4.434024862807949,4.410837742616523,4.371630660894906,4.315679945946265,4.242192565400607,4.1504874862616115,4.040181803308491,3.9113581182854045,3.7646932703171774,3.601533585016141,3.4239072031153652,3.2344690672904277,3.036378604985078,2.8331143717416976,2.628234675855554,2.425099498733374,2.226577634356803,2.0347735099527005,1.8508178275798681,1.6747692006266768,1.505663353009288,1.3417189416494548,1.1806705337602899,1.0201646778948925,0.8581399997631695,0.69312243031027,0.5243944336340823,0.3520284667388468,0.1767989321467974,-1.1844371544710754e-7,0.4246788779347905,0.8609202193560344,1.3192374715590136,1.8081066884044004,2.3331116943385033,2.8962994174083754,3.495807670639058,4.125802021392346,4.776729795802345,5.435872185090777,6.088151990459865,6.717135889408425,7.306156840121154,7.839474652473172,8.30339080912859,8.687236874943297,8.984163411043001,9.191667016866402,9.311805754100973,9.351067100180702,9.319868435280735,9.23169083493915,9.101878097618057,8.946180726354628,8.779190650859501,8.612886887996117,8.455787484818888,8.311101783547125,8.179975123741182,8.059245777075038
-1.1844371544710754e-7,0.4608258912176368,0.9198450771895905,1.3758740241112317,1.8288749266680013,2.2802824157522097,2.733055235249466,3.1914079935297437,3.66023424766027,4.144302578498414,4.647370498420597,5.1713898755424985,5.7159561423604455,6.278089720809916,6.852359337324001,7.43129258951,8.005984607473124,8.566809357757698,9.10414918194729,9.6090753179958,10.073928473399825,10.492761610809152,10.861617484816785,11.178622899079981,11.443892097187103,11.659244731012564,11.827760207114022,11.953209315591755,12.039423542657094,12.089678159118353,12.106171790237688,12.10294509283012,12.093273192276378,12.077180616504918,12.054708088779124,12.025912293853548,11.990865552755594,11.949655408346683,11.902384124422541,11.849168101707399,11.790137214682131,11.725434073757269,11.655213217856943,11.57964024301541,11.498890873100022,11.413149979260501,11.322610555158935,11.227472655453546,11.12794230538717,11.024230389662163,10.916551529061774,10.805122953497216,10.690163380312892,10.57189190676312,10.450526925574998,10.326285072428796,10.199380214010276,10.070022485017782,9.938417382132428,9.804764922482812,9.669258873552762,9.548699209668106,9.468224755324076,9.435377854696194,9.447884834621703,9.496591484366583,9.57152476833369,9.66503447609549,9.772011102966518,9.889153788005595,10.014259319741289,10.14573022272647,10.28226756561614,10.422687049113227,10.565813117901028,10.710422599298933,10.855220391181701,10.99883622637128,11.13983531826264,11.276737951221032,11.408044507710839,11.532263387353096,11.647939957985464,11.753685180538513,11.848202919440713,11.930315220103747,11.998985028404855,12.05333596373192,12.09266885409011,12.116474813063302,12.124444694892087,12.10932179115254,12.063188901046027,11.983855595583709,11.867996433359277,11.711589544335654,11.51044322378278,11.260745329576668,10.95957515356029,10.605329754524233,10.198032473729118,9.739507119016237,9.233414977043774,8.685162501841322,8.101695194163524,7.4911982219379265,6.86272724010369,6.225794087401066,5.589931884898275,4.96426274310435,4.357088948815839,3.7755253091905363,3.225186540040093,2.7099396593838425,2.231728022785138,1.7904718840341138,1.384051060010699,1.0083784372713482,0.6575767656627549,0.3242710865788967,1.3300428799040865e-7,0.0484491971056322,0.1144703638594806,0.20779237423011554,0.33167573657782845,0.4863734126793163,0.6708874158490329,0.8836550534061138,1.1228376154681154,1.3864680184727352,1.6725396835429456,1.9790581351020966,2.3040469166423683,2.6453979115666706,2.9968069485276687,3.3756130932644286,3.7564142889135663,4.148102862413311,4.548770942061862,4.957138044511406,5.372162435584255,5.792976734551079,6.218830623662101,6.649007439780347,7.082710453009286,7.51892428183079,7.956260886490385,8.392575228602249,8.826217526926959,9.25297681861478,9.669258873552776
1.3300428799040865e-7,0.05563871539361499,0.12705905949122065,0.22423599626157448,0.35153820227188276,0.5101982997789458,0.6999172565012374,0.9195706719825095,1.167493063055915,1.4415953055405915,1.739418628512836,2.0581658544801553,2.394726646919449,2.7457040845618,3.107445835124753,3.476081255981685,3.847564684527974,4.217724526976464,4.5823173229293985,4.937085675219839,5.277818753687487,5.600413987485451,5.90093853857389,6.175689186172614,6.42124933534453,6.63454198003673,6.812877589989438,6.95399604140463,7.056101864479763,7.117892230461886,7.1385772428631045,7.140491773444525,7.1462124197157495,7.1556709303855115,7.168755482243228,7.1853134997688715,7.205155459839698,7.22805954957845,7.253777021791307,7.282038077354264,7.31255809730618,7.34504404859135,7.379200895139558,7.414737858733727,7.451374390242536,7.488845729707591,7.526907952106109,7.56534241329629,7.603959526973479,7.642601818039611,7.681146210547246,7.719505519506701,7.757629125723013,7.795502821968455,7.833147827772367,7.870618979504292,7.908002112765034,7.945410665805407,7.982981546025283,8.020870316631463,8.059245777075045,8.078043614386132,8.050223621120406,7.970648764940869,7.843963009220674,7.681614001768774,7.495747072567938,7.296018558541159,7.08933417804102,6.880540799422824,6.673102762518226,6.469566747996099,6.271851257454209,6.0814234277684385,5.899409208296053,5.726665600589119,5.563832030167628,5.411370785087793,5.269602055677557,5.138736277493006,5.018904585911803,4.910186940818245,4.812636754038238,4.726300601720123,4.651231786112507,4.587497054597973,4.535176574703036,4.4943581497838965,4.46512746665398,4.4475567231872235,4.441694157218951,4.434024862807941,4.410837742616497,4.3716306608948905,4.31567994594625,4.242192565400597,4.150487486261592,4.040181803308472,3.9113581182853845,3.7646932703171534,3.601533585016121,3.423907203115348,3.2344690672904095,3.03637860498505,2.8331143717416674,2.6282346758555297,2.425099498733346,2.2265776343567723,2.03477350995266,1.8508178275798264,1.674769200626624,1.5056633530092387,1.3417189416493847,1.1806705337602195,1.0201646778948201,0.8581399997630894,0.6931224303101865,0.5243944336339424,0.3520284667386505,0.1767989321464148,-4.3710073490055064e-7,0.26241881854072435,0.5185701487026291,0.7632595708747433,0.9932939790506903,1.2081012609239694,1.409870407279997,1.6030836770408454,1.793440312136259,1.9863865778297871,2.185682829838102,2.3924957030069582,2.605321786902993,2.8208146870122475,3.038979071028183,3.236546954755766,3.4343677067332985,3.620986953455486,3.7978857671576423,3.9677353549313152,4.134095474769088,4.300585260768449,4.470066608976146,4.644091248914106,4.822753616922292,5.004951184878144,5.188921632737048,5.372852084701727,5.555357333423959,5.735685777765956,5.913604153140766
1.7719708362203053e-7,0.056639954452815826,0.1272133490845666,0.22101675701991663,0.34250487657702733,0.4931619927929892,0.6729208320760299,0.8808602694126052,1.115509451035428,1.3749801362612573,1.657028231427921,1.9590871937606908,2.27829175756664,2.6115004237791988,2.955320798126161,3.306139792992073,3.66015959826308,4.013439643208779,4.361944293972251,4.701595666853984,5.028330647803443,5.338160978239006,5.627235091342509,5.891900260108205,6.12876354859215,6.334750040738501,6.507156855746456,6.64370154295781,6.742563579238293,6.802417863133003,6.822459306905254,6.824454452641965,6.830415968513468,6.840272673140099,6.853907852440756,6.871162071325946,6.891836973530039,6.915699943534196,6.9424894821798775,6.971921133385484,7.003693793259748,7.037496234090448,7.07301368290389,7.1099343059821845,7.147955465245728,7.186789628217237,7.226169829074719,7.265854593089998,7.3056322499106665,7.345324572398976,7.38478968713241,7.423924210500793,7.462664571111813,7.500987485587558,7.538909561526292,7.576486009155605,7.613808452710877,7.651001844410202,7.688220498433607,7.725643279591277,7.763468000864464,7.778369259667177,7.739965557831865,7.646253232606423,7.508359124983689,7.341688570578975,7.15862576633493,6.967416357959275,6.7733663096402195,6.580011514014684,6.389859979343252,6.2048172338726815,6.02642400899444,5.855985738482853,5.694637435263141,5.543367956948431,5.403018083647796,5.274262502735721,5.157584032539971,5.053247684574991,4.961281536425753,4.881470315052329,4.813365836007183,4.7563160698314055,4.709511928087621,4.672048335940448,4.642994232587142,4.621465111605636,4.606691653160349,4.5980787629460025,4.595250617209782,4.5874183122632886,4.563751600964487,4.523773105111452,4.466789188795662,4.392027425449545,4.2988011382303375,4.186679412963305,4.055641715150602,3.9061994493657015,3.739471410694208,3.557205113031794,3.3617407683712193,3.155918941941062,2.942936668903002,2.726160397381757,2.508907971596455,2.2942163931935426,2.0846173263771037,1.8819474115954928,1.687223301527232,1.5006086642917398,1.321489151101008,1.1486511638190748,0.9805357222930486,0.8155185741767815,0.6521606024159203,0.48938203969165067,0.3265362691798802,0.16338534951394315,3.8068632104720917e-7,0.05414145800923017,0.12300080036659404,0.21546474717266426,0.3348359533036887,0.48145729209321647,0.6544793363679257,0.8526576175841901,1.0746504184784451,1.3190978490255676,1.584610836307677,1.8697300149646388,2.1728869177027486,2.4923864845824624,2.826418245303091,3.173077267275803,3.5312976667715312,3.897345672564055,4.271276092914706,4.65130843687725,5.036405600202386,5.425897068912523,5.819450234106656,6.216992141678341,6.618569493502689,7.024151173027796,7.433387503229766,7.845311412796534,8.258711823632899,8.670082995869148,9.076242164158783
3.73769097406274e-7,0.47767330555385035,0.9532395314565473,1.425187041144717,1.8930987990061083,2.357964781070893,2.822233270676513,3.2895593151585962,3.764260671073515,4.250556308332152,4.751721381275239,5.269321576011145,5.802673735239722,6.348623615257264,6.901658650536441,7.454310506644608,7.997764965833408,8.52258615395089,9.01946949306069,9.479952621146744,9.89702866284235,10.265618651388047,10.582869628907853,10.848253640281799,11.063452755016712,11.232028675618219,11.35889410460676,11.449627077879303,11.509696625707814,11.543692816115435,11.554668214168808,11.551283299406602,11.541138647706179,11.52426447514166,11.500710936588396,11.470547819134293,11.433864115423717,11.390767479502893,11.34138356847085,11.285855273975796,11.224341848332296,11.15701793076896,11.084072480048757,11.005707620431401,10.922137408667636,10.833586530424311,10.740288935231094,10.642486419710943,10.540427169495983,10.434364270832699,10.32455420343255,10.211255326617419,10.094726371229022,9.975224950108176,9.85300610019041,9.728320869403063,9.601414961586748,9.47252745261995,9.341889590865593,9.209723695148769,9.076242164158796,8.966519219782557,8.906683333031442,8.900783652017537,8.939658597165106,9.009775782487091,9.100519657163371,9.205296128056892,9.32031927950961,9.443425078103498,9.573309815126823,9.709082531051141,9.85000257023821,9.995323293104796,10.144199352707028,10.295634978451837,10.448460884400044,10.601332409534285,10.752743890366526,10.901055409693631,11.044528648301757,11.18136893216782,11.309770874823979,11.427965323356556,11.534265637699177,11.627111655791362,11.705110005742565,11.767069706950897,11.812032247448823,11.839295532703957,11.84843127445087,11.833164961632605,11.786699432558787,11.707123813584316,11.591536917705373,11.43643091089571,11.23815407414097,10.993396443684011,10.699645541348508,10.355569347185122,9.961296879117324,9.518580376035745,9.030835226216203,8.503063528714327,7.941674345480028,7.35421852778238,6.749058854815605,6.134997460861793,5.520882427154379,4.915214178327598,4.3257701247456275,3.7592630479487132,3.221045387913579,2.7148684338977502,2.2427032793921224,1.804630213534631,1.3988055010935088,1.0215183939523678,0.667353634845834,0.3294709554393783,3.73769097406274e-7,0.2500004190600376,0.4976149962342495,0.7407927014671413,0.9781188015337967,1.2090192556896617,1.4337987481078105,1.653481015381561,1.8694767612732637,2.083156279562363,2.295435884940498,2.506487179099683,2.715643571314554,2.921522710485764,3.1223295040915953,3.3162834724832138,3.5011702860053453,3.678273014443483,3.8461974204235823,4.006580297983158,4.16137971172754,4.3129300668016715,4.463525483489251,4.615024665183223,4.768586557804021,4.9245995129915885,5.082802670760086,5.242534524893868,5.403003356616449,5.563470948323373,5.723274525686319
3.8068632104720917e-7,0.05663995445390304,0.12721334908538506,0.22101675702060003,0.34250487657764744,0.4931619927935735,0.672920832076588,0.8808602694131532,1.115509451035972,1.3749801362617904,1.657028231428444,1.9590871937612115,2.278291757567153,2.611500423779708,2.9553207981266665,3.306139792992574,3.6601595982635775,4.013439643209273,4.361944293972742,4.701595666854473,5.028330647803931,5.33816097823949,5.627235091342991,5.891900260108685,6.128763548592629,6.334750040738977,6.507156855746932,6.643701542958286,6.742563579238768,6.802417863133476,6.822459306905729,6.820578542353948,6.814950830007691,6.805619648995195,6.7926565867268165,6.776160039198171,6.756253425417517,6.733082949901909,6.706814956731998,6.677632927970282,6.645734188156683,6.611326384867801,6.574623822664613,6.53584373381583,6.49520257358464,6.452912430211492,6.409177639634965,6.3641916921408495,6.318134512284764,6.271170184492267,6.223445184764857,6.175087164154607,6.126204312552093,6.076885312476092,6.027199872727003,5.977199811834025,5.926920642102851,5.8763835876422545,5.82559795481595,5.7745637617885555,5.7232745256863256,5.669602011307859,5.612386288140705,5.552473955626797,5.490685360266429,5.4278053552147725,5.364574766869742,5.301682646478108,5.239759419417093,5.179371079240922,5.121014597991473,5.065114729446739,5.012022361964602,4.96201453154516,4.915296138285032,4.872003329100577,4.8322084265133585,4.795926206553439,4.763121265283717,4.733716167546956,4.707600046213885,4.684637317858801,4.664676203746454,4.647556795033925,4.633118477346684,4.6212066252174,4.6116785728747525,4.6044089324061215,4.599294324935424,4.596257494430227,4.595250617209784,4.585649720155187,4.556871605156176,4.5090006332436054,4.442211272716898,4.356813606519194,4.253307206526369,4.1324351336844165,3.9952294032387248,3.8430397983404068,3.677539275983935,3.50070119557059,3.314746038715025,3.122058063644946,2.9250753981524347,2.726160397381695,2.5274605865084405,2.33077387751047,2.137434350439477,1.9482356954320472,1.7634072259095102,1.582651380847981,1.405242129143656,1.2301725179855172,1.0563297969295355,0.8826710634597273,0.7083726892585879,0.5329322922482529,0.35621068003994183,0.17841081873662087,1.7719708362203053e-7,0.4164939236230077,0.8469860558194875,1.3036522047343757,1.7953703614460101,2.326816023086669,2.8981606868585152,3.5052515859091757,4.140101215117184,4.791549800720182,5.446023323005028,6.088353995776759,6.702649409037717,7.2731970084367275,7.785381416739332,8.226580209626647,8.58699306431601,8.860351414156648,9.044451225831702,9.141449993116638,9.157870347596681,9.104257807921222,8.994452684297233,8.844463431387952,8.67098135576723,8.48966240014208,8.313413955643309,8.151059564604065,8.006030460735952,7.878440394337092,7.7634680008644725
2.918775589280911e-7,0.05998851409426267,0.1328740175758196,0.22778774723166914,0.34965045919348553,0.5005798151071315,0.6811259987093705,0.8909311126808476,1.129021449480571,1.3939254407495838,1.6837183916368876,1.9960410380106104,2.328113607953561,2.6767554489758263,3.038414652127308,3.4092091211553894,3.7849788103255135,4.161347803863837,4.533794274957872,4.897726017424045,5.248559117072137,5.581797372701776,5.89311024738717,6.178407391723961,6.4339080968222655,6.656204373425654,6.842316685654287,6.989741669472497,7.096491419199506,7.16112411947158,7.1827659318865775,7.185052209494915,7.1918857567633685,7.203191304025452,7.218845337755985,7.238678933189633,7.262481582318569,7.290005890355762,7.320972991489651,7.355078520847157,7.391998973917523,7.43139828646656,7.472934475877228,7.51626619727485,7.561059083040468,7.606991750796038,7.653761381315667,7.701088783062663,7.748722873519285,7.796444518863563,7.844069682871115,7.8914518434500085,7.938483641424743,7.985097731669509,8.031266812123858,8.077002812292214,8.122355230180597,8.167408615816925,8.212279210940283,8.257110768303429,8.302069590114133,8.321821806053967,8.283401511768828,8.183624199585514,8.033524908358435,7.849685166928958,7.646061658757006,7.43229232365694,7.214802773673452,6.998034248902853,6.785240683527801,6.578940467124932,6.381159883010425,6.193558352969224,6.017487081624692,5.8540106836113415,5.703909882574129,5.567677369176303,5.445515460351523,5.337341745275603,5.2428066717482045,5.161324757357381,5.092118861706508,5.034274965264042,4.986803445206428,4.9487021252956875,4.919016469166124,4.896893084835038,4.8816239697403985,4.872680313571866,4.869735837694882,4.860873082324651,4.834164983540017,4.789279024640011,4.72574744644248,4.64308530798969,4.540934726426192,4.419218390690023,4.278284706577618,4.119027097256297,3.942960654014217,3.752241173092286,3.5496157967267354,3.3383011863757757,3.12179314171047,2.903619564356824,2.6870566835199976,2.4748372883487963,2.268889013934675,2.0701475434153114,1.8784884299429747,1.692806664418027,1.5112443286266126,1.331531067018741,1.1513733309942333,0.9688184720581062,0.7825314992529163,0.5919481724375915,0.3972965509310107,0.19950153262759604,2.918775589280911e-7,0.452476722542467,0.9196383892898384,1.414288110038726,1.945819542449144,2.5192561728350467,3.134876996408126,3.7883164625704935,4.470997707735043,5.1707925307084395,5.872844749605817,6.560518339203628,7.216436323284095,7.823569087378406,8.366320021601979,8.831547602788268,9.209458633159523,9.49430782170215,9.684843607125682,9.78444820700896,9.800931052462582,9.745950290151,9.634060557954863,9.481422700742069,9.30426797107318,9.11728378238719,8.932162157112106,8.756589316526634,8.593889372101074,8.443512535597032,8.302069590114142
3.6746077284158587e-7,0.05998851409492818,0.13287401757611814,0.22778774723190445,0.34965045919371746,0.5005798151073545,0.6811259987095881,0.8909311126810681,1.1290214494807864,1.393925440749788,1.6837183916370875,1.996041038010801,2.3281136079537426,2.6767554489759977,3.0384146521274755,3.4092091211555466,3.784978810325664,4.161347803863979,4.533794274958008,4.897726017424171,5.248559117072259,5.581797372701892,5.89311024738728,6.178407391724065,6.433908096822367,6.6562043734257506,6.842316685654381,6.989741669472589,7.096491419199594,7.161124119471668,7.1827659318866655,7.1808533735885565,7.1751311315337505,7.165645208291783,7.152471293719491,7.135713312256518,7.1155014270591295,7.091989538978751,7.065352329281687,7.035781905763335,7.003484122342013,6.968674652046372,6.93157490217906,6.892407867914127,6.851394026178935,6.808747374871382,6.764671722771107,6.719357332483587,6.672978012087013,6.625688740674578,6.577623898751076,6.528896156734924,6.479596054169173,6.429792279416641,6.379532635560896,6.328845654040317,6.277742794346895,6.226221147031942,6.1742665392702225,6.121856928145716,6.068965957198909,6.0134505522965895,5.953962437201644,5.891412617157256,5.826675833712465,5.7605814376329345,5.693906236795921,5.627369215289702,5.561627916883944,5.497276210450173,5.434843116539293,5.3747923789328835,5.317522512455137,5.2633671415630445,5.212595549446513,5.165413466132272,5.121964216884416,5.082330412908214,5.046536386505622,5.014551554379479,4.986294848441253,4.961640303468671,4.940423855894852,4.922451398332302,4.907508139174803,4.895369297561164,4.885812063876319,4.878628526507335,4.873638908667026,4.870704057707614,4.869735837694863,4.861213250887222,4.835490683557361,4.792136956260095,4.730538964112443,4.65004250984875,4.55011792996349,4.4305260359472385,4.2914612548562765,4.133654024835156,3.958422059362113,3.767667648072273,3.5638233617465103,3.349750752210378,3.1285974436941797,2.9036195643568434,2.677979811495077,2.4545363058235345,2.235642805776241,2.022985408686458,1.8174824986839933,1.6192708375743219,1.4277893379121682,1.2419535963905266,1.0603927545102831,0.8817026728637961,0.7046628511239238,0.5283732228840327,0.35229064063714066,0.1761772816554213,4.3323802175700325e-7,0.2704961539828991,0.536548380305069,0.7945419621377947,1.0423924062657883,1.2799651907972456,1.509067179545092,1.732936665276617,1.9553025175969554,2.1792607282011685,2.40633622370528,2.636053717581431,2.8661311921803985,3.0931703202751875,3.3136064407926353,3.5248231802297636,3.7289634541582775,3.9012435075286094,4.081725023973071,4.251784917297532,4.41717265102532,4.581366135749923,4.74675152597001,4.91438847233157,5.084003663148254,5.25431616210038,5.423592032740169,5.590249538271401,5.753332268501045,5.912713213937489,6.068965957198904
4.3323802175700325e-7,0.5122280061282418,1.0227186245888151,1.5303140558733397,2.0349152582582604,2.537768280003202,3.041485220525073,3.5497640021620853,4.0668254935512556,4.596649958962805,5.142148593218892,5.70442852297196,6.282289593424054,6.872035623865941,7.467613740217617,8.06103675720576,8.643008927943034,9.203664989361336,9.733338409443801,10.223287854416956,10.666324712533445,11.057296259858347,11.39338869579874,11.674223309430266,11.901729618292737,12.0797936690614,12.213699455886273,12.309406758696607,12.372737166051255,12.408565782574565,12.420130555124132,12.416582021691246,12.40594615545309,12.388252099674194,12.363548230469688,12.331901864209478,12.293398850665545,12.248143054675566,12.196255729875809,12.137874788826899,12.073153974613806,12.002261939744471,11.925381238896492,11.842707242762424,11.75444698092107,11.660817922304984,11.562046702440627,11.458367807199872,11.350022223310825,11.23725606632594,11.120319197126179,10.999463838341365,10.874943202280745,10.747010142082779,10.615915837803533,10.481908529060254,10.345232305635768,10.206125967138282,10.064821962444602,9.921545419332208,9.776513274695787,9.656567444880121,9.588855343785198,9.578869786371277,9.617904280757,9.691698993320465,9.788579022024212,9.901109602773701,10.024946147298051,10.15755907112868,10.29738738303209,10.443337287821784,10.594490899864606,10.74993722784214,10.90867632651186,11.069569703138763,11.231321674117856,11.392482313398654,11.55146572289299,11.70657904146385,11.856058621730956,11.998110495785433,12.13095278436436,12.252858147419467,12.36219475231668,12.457464557024728,12.53733797309833,12.600684191360523,12.6465966283264,12.674413091495992,12.683730375000833,12.667250755675154,12.617119921940198,12.531354019952223,12.406940473457094,12.240235871940644,12.027446507578116,11.765133548747825,11.450688188230025,11.082732193937774,10.661412834400144,10.188575225223612,9.667807762453418,9.104366493705454,8.5049918041838,7.87763586439884,7.231122256201011,6.574760410952624,5.9179372320825205,5.2697067427667985,4.638396001237623,4.03124215856628,3.4540719221304377,2.911031723583311,2.404375861121625,1.9343221416187142,1.4989904230475308,1.094446431875053,0.7148747881366929,0.352893779492148,3.6746077284158587e-7,0.04940796237061055,0.11546549717593799,0.207470247071173,0.32836246086051557,0.47798361134844985,0.6549340201260908,0.8574420389003642,1.0838255035491497,1.332735752153974,1.6032087544021019,1.8945413862786493,2.2060674946702172,2.536937836270659,2.885957611401533,3.251334851039101,3.6275941289092613,4.03770141457833,4.44137071360906,4.858311688117146,5.284602074882222,5.718617024336035,6.159175342697824,6.605315072147057,7.056156828649217,7.510742874418696,7.967845273082207,8.425758972616068,8.882127319087664,9.33373667834634,9.776513274695779
-3.0805397680672003e-7,0.05558609599927107,0.12114418081263847,0.20429780142039083,0.3098091972546752,0.4403162448666632,0.5971361267044946,0.7807411616070042,0.9909714544231187,1.227108465059334,1.487890512500215,1.7715129866324009,2.0756341289019486,2.397395672507967,2.733461429624454,3.080073454631187,3.4331234428595896,3.7882359405923896,4.140859438146596,4.486361324050411,4.8201228877426034,5.137630992711567,5.434563635574636,5.706867297763348,5.9508247253688635,6.163112481330487,6.340848248630483,6.481628377064538,6.583556524342358,6.645264424369852,6.665925818492221,6.66415488280649,6.658855524259996,6.650067836954776,6.6378578110564685,6.622316099451983,6.603556324375824,6.58171295723092,6.556938814139566,6.52940221881861,6.499283893002951,6.466773642610975,6.432066914861399,6.395361307276694,6.356853113570303,6.3167339934338225,6.275187852856846,6.232388018524003,6.188494783831648,6.143653395072006,6.097992534424415,6.051623341827032,6.004639001015288,5.9571148966077265,5.909109329836139,5.86066476118315,5.811809529670255,5.762559981666564,5.71292292760792,5.662898333536895,5.612482146329737,5.559962788720741,5.5038905226647925,5.445122775183669,5.384480513010487,5.322741105032759,5.260632965026283,5.198831746082448,5.137957765344912,5.078574282187073,5.021186244132383,4.966239157278546,4.914117830168635,4.865144873397034,4.819578996382373,4.777613306858478,4.739373963948463,4.704919638870487,4.6742422793811516,4.647269643953204,4.623869968989904,4.6038589682960005,4.587009160278574,4.57306130386987,4.561737529555589,4.552755601951409,4.5458436555752195,4.54075469590747,4.537280126795745,4.535261529664654,4.5345998924432696,4.526805509701535,4.503249452985118,4.463446694394047,4.406696193785379,4.332225477995818,4.239363525002766,4.127719138047852,3.9973428150863524,3.8488535642211157,3.683517036927761,3.503266666325287,3.3106643618059093,3.1088010421052603,2.901139224642072,2.6912998472838607,2.482795907400397,2.2787236046215624,2.08144382967685,1.892314198725213,1.7115419238831726,1.5382090951970175,1.370482248119933,1.2059712862488718,1.0421638033647882,0.876844375222851,0.7084203698083691,0.5361079551337462,0.35996827716044766,0.18081139279780284,3.327957860641019e-7,0.03580793204473278,0.08469607235204112,0.154028177681592,0.2465211212525809,0.36283966388881816,0.5029241781170213,0.6665122282463705,0.8533383097872992,1.0631914768733017,1.29589020572925,1.551201702008429,1.8287300864702711,2.1278017055760556,2.4473757979851993,2.786001742588296,3.14183031487417,3.51262362674219,3.896751122647027,4.290531699993342,4.6925529071596115,5.100676339862796,5.513251798217281,5.929024588913265,6.347073162152537,6.766670026600405,7.187072455419784,7.607266129708081,8.0257519096778,8.440114488773672,8.847197150042017
3.327957860641019e-7,0.0555860960012473,0.12114418081361822,0.2042978014210373,0.30980919725503975,0.44031624486696563,0.597136126704717,0.7807411616071784,0.990971454423281,1.2271084650594761,1.4878905125003545,1.7715129866325192,2.0756341289020686,2.3973956725080723,2.733461429624556,3.0800734546312833,3.4331234428596815,3.7882359405924824,4.140859438146691,4.486361324050501,4.820122887742691,5.137630992711662,5.434563635574717,5.706867297763434,5.95082472536895,6.16311248133057,6.340848248630568,6.481628377064619,6.583556524342441,6.6452644243699375,6.665925818492303,6.667945928626434,6.67398418466865,6.683974867641641,6.697810108877524,6.715342324740007,6.736387509712094,6.760729281018839,6.788123548780346,6.8183036733398605,6.8509859658465215,6.885875388799333,6.922671319059668,6.9610732455461335,7.000786286081332,7.0415264213777,7.083025357821015,7.125034943682174,7.167331075092117,7.209717038269588,7.252026243072654,7.294124310144884,7.335910480106976,7.377318318879781,7.418315698858464,7.458904041850602,7.49911681698013,7.539017295611657,7.5786955761201895,7.6182649042212445,7.657857329580607,7.671706819098979,7.62406186282,7.513520355358763,7.355418388463203,7.1682559194051185,6.965540830106238,6.755924758657799,6.545086127985028,6.337044164089831,6.134863178586321,5.941001849036242,5.757476496899843,5.58592798943443,5.427639488305286,5.283531854639259,5.154153601182382,5.039676832894261,4.939906742207995,4.854308694480467,4.7820534734093085,4.722078111331335,4.673157361655997,4.633979649247137,4.603221356168347,4.579614354953204,4.562003373263115,4.549391601536238,4.540974568808653,4.536163486514338,4.534599892443296,4.527232380570347,4.504900603702083,4.466958699102465,4.412463271019535,4.340351657278255,4.249653553551849,4.139707248945494,4.010353276352054,3.8620829458540586,3.6961253487113512,3.514462639541095,3.3197690634172923,3.1152745458041817,2.904559942805098,2.6912998472839025,2.4789796522586762,2.2706208029472887,2.0685452805160547,1.874201887648194,1.6880753101661747,1.5097023493867825,1.3378119132716062,1.170579859347491,1.005957729984563,0.8420125477030793,0.677213231243429,0.510616551721226,0.3419321602118576,0.17147119683776807,3.658255352457454e-7,0.26747685818712086,0.5285632063742246,0.7779284805233317,1.0122350984702169,1.2307867880379655,1.4357125773852448,1.631538140359515,1.8241170363729147,2.0191128457287966,2.2204600136925046,2.4293184766839664,2.643862387399039,2.8598998989912214,3.0720351342693264,3.274991546943188,3.464782637058174,3.6395802412808678,3.799174059444778,3.947609166590427,4.088385447097756,4.226611965639083,4.366791920757532,4.51201498481793,4.663460349096795,4.82043866490072,4.9809164973808615,5.142308990835478,5.302265128129644,5.459206777290269,5.612482146329741
3.658255352457454e-7,0.47511037381414245,0.9480503923368588,1.4171744607439904,1.8818046959281678,2.342515482661516,2.801196690643697,3.260859194147574,3.7251880090269136,4.197900472174662,4.682016007302296,5.179171919185815,5.689113033538245,6.209442619876482,6.735663383755416,7.261481511852919,7.779309100793999,8.280884823486083,8.75793444496419,9.202803701131053,9.609009450601198,9.971667396436965,10.287765304905193,10.556260452348731,10.777990640824394,10.955401165680657,11.092106612227777,11.192326053396194,11.260250947491897,11.29942245569158,11.312203208934122,11.308840413625513,11.298762165948101,11.28199881292243,11.258600707612056,11.228637872727305,11.192199532792172,11.149393518001459,11.10034554379528,11.045198371082195,10.984110852949916,10.917256874611379,10.844824194242648,10.76701319327337,10.68403554558406,10.596112815941527,10.503474998855106,10.406359009849533,10.305007141914476,10.19966550058871,10.090582431751525,9.97800695670783,9.862187229541965,9.743369031960436,9.62179432092088,9.497699844232162,9.371315838989231,9.242864827158305,9.112560521843172,8.980606856739449,8.847197150042007,8.736007299330195,8.678756435834634,8.679389585298981,8.725224541298262,8.800479166881141,8.894370629597192,9.000914753045468,9.116972205625704,9.240860331294563,9.371574258562477,9.508365672076485,9.650513524833418,9.797200510613468,9.947451698272756,10.100112240433193,10.253850816008432,10.407180238911238,10.55848918963447,10.706080548839955,10.848212883878007,10.983142487334861,11.109164072431732,11.224648815538178,11.32807890565042,11.418078118770875,11.493438191407531,11.553140936620139,11.59637614550712,11.62255536408636,11.631321645614893,11.61333752169215,11.558879814431114,11.466509507572605,11.334074071984745,11.15904061175783,10.938898304436478,10.671580776010636,10.355860983013844,9.991678909877578,9.580373428753639,9.124801654850305,8.629340349379481,8.099773425176085,7.5430770815507815,6.967119630100952,6.380296972090311,5.791127312180976,5.207830378392842,4.637917410247074,4.087818555362123,3.562573877725646,3.0656123147603678,2.5986385490252477,2.161639567674425,1.753009810644809,1.3697770073377902,1.0078934798297043,0.6625458079774569,0.3284357117258563,-3.0805397680672003e-7,0.428161883093414,0.8652265148699317,1.3194444768633298,1.797721675660299,2.3049018266695454,2.8431010286488396,3.4111995207929855,4.004584932017327,4.615205228775583,5.23194454900988,5.841293978353188,6.428258604477742,6.977422824807525,7.474085980111581,7.9053775476327015,8.26126348371851,8.535361583921592,8.725493064253742,8.833909522023676,8.867149395733978,8.83549795858513,8.752053906446363,8.63144959308845,8.488335061439848,8.33581322806959,8.184082287709826,8.03956244117232,7.904660333388584,7.778523665001737,7.657857329580597
-2.7241284400633007e-7,0.063612139081641,0.13404576610212265,0.2174143013765782,0.3187514166461195,0.4419881940822925,0.5900790317653085,0.765114854063351,0.9683745842642221,1.2003300527720715,1.4606339154420014,1.748113691625107,2.060785090703635,2.395890014986413,2.749959610775367,3.1188997880739784,3.498095010391694,3.8825253706240215,4.266891723822434,4.645743778686085,5.01360646062175,5.365100483609822,5.695053847838215,5.998601855954029,6.271274149788397,6.509068146093454,6.708509030382141,6.866697095578896,6.98134364280706,7.050796869105257,7.074059146673418,7.072290927991889,7.067001477657261,7.058236133724417,7.046069534204381,7.030604245885655,7.011968878615631,6.990315719052908,6.965817927652943,6.938666352293737,6.909066021319435,6.877232387641852,6.8433874035845434,6.807755513006696,6.770559652481948,6.732017356483491,6.692337062202197,6.651714707414439,6.610330709426548,6.568347404404846,6.525907014378842,6.483130194115321,6.440115192347721,6.396937642160555,6.353650974493963,6.3102874276884755,6.266859605725338,6.223362519300114,6.179776027967555,6.136067589022313,6.092195210039691,6.047249058913922,5.9993585063458745,5.949289058698192,5.897727871787685,5.845286712842929,5.792508365226499,5.739875435838202,5.687820359167593,5.636735335770872,5.586981009617679,5.538892877999881,5.492784724666476,5.44894874325747,5.407652435343811,5.369132780829564,5.3335885423004745,5.301171836845848,5.271980254944894,5.246050804945646,5.223356808648468,5.203808582026573,5.187258335963004,5.173509268870599,5.162328347267488,5.153461838823024,5.146652352375624,5.141656081064828,5.138259298881356,5.1362938209359195,5.135651198742486,5.12471725016942,5.091993416329794,5.037717106243882,4.9622946579752565,4.866315336920564,4.750567210585591,4.616051720153133,4.463993545898176,4.295842520349046,4.113264854943267,3.9181217604066374,3.712434591752792,3.4983368684845284,3.2780148556816604,3.053639826838957,2.8272967631585626,2.60091659415123,2.376224522724865,2.154737809597302,1.9379581886899353,1.7283598667272608,1.5288147514532733,1.3365547335071502,1.1478344877697078,0.960164624723429,0.7717818367852269,0.5816179816419409,0.3893202294404528,0.19518518618473876,3.402545094152007e-7,0.491257892562315,0.9975675714473875,1.5319544746214253,2.103777942699721,2.71771850437471,3.373425091298139,4.065698027511518,4.785032644499138,5.518379003972177,6.250029469556745,6.962589062769562,7.638002884380458,8.258615678424178,8.808230008972568,9.273118748900444,9.642938807517426,9.911487907541638,10.077244783523787,10.143634603823818,10.118964936554937,10.015983626419152,9.851021862379538,9.642711455607602,9.410317363565532,9.171815913622916,8.941971013058541,8.730776298501123,8.542715813616176,8.376425242388922,8.227447845013216
2.5003994799964875e-7,0.06361213908271897,0.1340457661026432,0.21741430137696416,0.3187514166463543,0.4419881940825598,0.5900790317654605,0.765114854063465,0.968374584264341,1.2003300527721599,1.4606339154420647,1.7481136916251618,2.06078509070368,2.395890014986466,2.7499596107754014,3.118899788074012,3.498095010391729,3.88252537062405,4.2668917238224635,4.645743778686119,5.013606460621784,5.365100483609855,5.695053847838248,5.998601855954058,6.271274149788432,6.509068146093479,6.70850903038217,6.866697095578928,6.981343642807091,7.050796869105294,7.074059146673451,7.076472107751143,7.083681480953367,7.0955995133012255,7.112082509323601,7.132934564490641,7.1579125883719055,7.186732431445162,7.2190758990074,7.254598418412194,7.292937121431323,7.333719110345814,7.37656969206387,7.421120386399788,7.467016539871051,7.513924402501782,7.561537550164224,7.609582557541805,7.657823846053253,7.706067646795175,7.754165030964891,7.802013969909268,7.849560394756881,7.896798232536597,7.943768402835993,7.990556767457244,8.037291036133505,8.084136644931807,8.131291640946973,8.178980627265105,8.227447845013202,8.237654386539491,8.158969695716989,8.006374987759212,7.81378305640344,7.604330645732565,7.3899316747450845,7.176828436778214,6.968655800586719,6.767791437507239,6.575955063991995,6.394485239709807,6.224467475173442,6.0667872591545,5.922142397665617,5.7910332324448754,5.673742670821365,5.570314904762023,5.480539859386861,5.40394875454804,5.339824292467755,5.287226878616518,5.24503614795482,5.212005208098392,5.186823699038316,5.168185147408417,5.15485411152622,5.145729016561354,5.13989699403922,5.136677348252115,5.135651198742378,5.126779078248389,5.099980048918335,5.054742364032293,4.990328569617838,4.905930897549727,4.800856834657675,4.6747201286943465,4.5276133159958025,4.360241474029024,4.174002081635293,3.9710014994886085,3.754003931870624,3.5263135258032743,3.291594650672511,3.053639826838883,2.8160997333221873,2.582195130493269,2.3544336710992715,2.1343412444659444,1.9221082104335852,1.7155874644308184,1.5110192848697255,1.3093668345554321,1.1120475222027006,0.9191153328722736,0.730149820358464,0.5445311730954842,0.36152280766436096,0.18030542294799767,-2.7241284400633007e-7,0.2724825565885114,0.5415295445661367,0.8043235770307176,1.0591774269118748,1.3058303903430912,1.5454399540342438,1.7802399498311021,2.012926680612421,2.2459238902710057,2.4807244029958704,2.717483040227131,2.954952114847121,3.190748583597384,3.4218612161639577,3.6452646034687257,3.858501886151693,4.060119318989512,4.249873523287447,4.428680157663897,4.598326393835455,4.761020663690295,4.918899443318311,5.07361282407818,5.226102574836754,5.376615180140682,5.524923056271034,5.67065827675757,5.813628054383701,5.953987996089416,6.092195210039688
3.402545094152007e-7,0.5560898181561317,1.1107901357674559,1.6632664593725266,2.2136834491613038,2.7634394674097393,3.3151201020124335,3.8721446266814876,4.438140284840259,5.016143709652718,5.607776733518701,6.212556337781949,6.827469226264227,7.446881844152672,8.062789259389652,8.66535227341158,9.24364159601251,9.786499377182231,10.283433910218418,10.725474439742365,11.105923910392258,11.420955518140394,11.67000383738368,11.855904539717317,11.984741197185212,12.065367852102778,12.108597787258295,12.126087876877875,12.129005554381605,12.12663355928002,12.12512460327699,12.121211180890231,12.109482519678457,12.089973363859512,12.06274137553234,12.02786676901171,11.985451802356623,11.935620129549179,11.878516017761655,11.814303435127485,11.743165015401901,11.665300906859672,11.58092751372733,11.490276139381066,11.393591541454652,11.291130409887385,11.183159779792934,11.069955391835911,10.95180001355152,10.828981735723142,10.701792258525426,10.570525182629432,10.435474320833533,10.29693204600791,10.155187691203722,10.010526017663938,9.863225766173334,9.713558306713258,9.561786400806312,9.408163090465047,9.252930728035944,9.137445418400395,9.110559337674447,9.159603849326157,9.252889956645294,9.369399561142421,9.49921501932649,9.637948334685245,9.783653456269574,9.935447484647108,10.092877239998536,10.255602963993097,10.423226746998644,10.595194504412078,10.770740559848573,10.948860521491099,11.128305225827306,11.3075915410779,11.485027034035207,11.65874591533393,11.826753768925126,11.98697857904945,12.137325605377258,12.275733767424747,12.4002313859634,12.50898937402214,12.600370247522669,12.6729716106735,12.725663044657514,12.7576155779449,12.768323137966298,12.751666254291887,12.701083720341325,12.614820394814647,12.49020838684006,12.32401680200191,12.112876298955673,11.85372838976616,11.544251555673348,11.183224269717988,10.770796310081593,10.30865186967022,9.80005915258418,9.249810423642359,8.664063514258,8.050100658248915,7.416023486876508,6.770404342956931,6.121914042056373,5.478945049340323,4.84924700113913,4.239588906491875,3.6554596892639357,3.1008166313990055,2.5778905148889573,2.0870574124144614,1.6267899698171764,1.1937040627521953,0.7827167397917073,0.38732490330816177,2.5003994799964875e-7,0.04539576310143973,0.1018774106600136,0.17614904407148388,0.2706057449928393,0.38540958371242295,0.5200535293428141,0.6741393313861936,0.847665856551204,1.0410457349482618,1.2549786652004316,1.4902683643331331,1.747641308543478,2.027595224104488,2.3302837669511636,2.6554392290841085,3.002340330497876,3.3698340707056667,3.756413303815246,4.160338481562435,4.579779363922061,5.012947176419222,5.4581822349696765,5.91398067046957,6.378939750534794,6.85162747136824,7.3303889401342435,7.813113802374227,8.296941601243208,8.778630689828423,9.252930728035933
-2.5370967525191575e-7,0.06721813479493371,0.14347232865615392,0.2364841684742638,0.3521429154976224,0.4946920913348083,0.6671030284441779,0.8713352537920707,1.1084465219440889,1.3786109306638588,1.681104324376012,2.0142945772800105,2.3756557119230797,2.7618128494945453,3.168618057251904,3.5912533336133072,4.024354969294669,4.4621526102650995,4.898616132569105,5.32760371214877,5.743005116080973,6.1388751724610815,6.509553519719223,6.849768012556941,7.154720482179426,7.420154817538156,7.642408455589352,7.818449253534139,7.94590029337502,8.023055394218215,8.048887969761395,8.046875064261293,8.040850157879332,8.030854412183189,8.016955539594415,7.999246488242922,7.977843640881626,7.952884567570972,7.924525382541606,7.892937765751499,7.858305718935013,7.82082213411359,7.7806852592774645,7.738095150906657,7.69325020581917,7.646343865178759,7.597561581075374,7.547078130702366,7.49505535470661,7.441640384830997,7.386964411713905,7.331142027036902,7.274271155655232,7.216433573579797,7.15769598747718,7.098111631539881,7.037722318977968,6.97656086876402,6.914653814294231,6.85202428983748,6.7886949833979475,6.721413930852944,6.650050066919845,6.575762124514767,6.4996380077661025,6.422682994027973,6.345811814901777,6.269844436599187,6.195505114874434,6.123424097708946,6.054141215015915,5.988110547183651,5.925705411479039,5.8672230431443095,5.812888559843173,5.762858056349787,5.717220945774669,5.676001906100232,5.639162971135546,5.606606396510639,5.578178920310958,5.553677925785337,5.532859815944778,5.5154506536470285,5.501158839476872,5.48968932897835,5.480758663736922,5.474109933981897,5.46952672036854,5.466845084501469,5.465962785975152,5.456385616845427,5.427433982305046,5.378492949813805,5.308682211037043,5.217050180863305,5.102804886519556,4.965550172186788,4.805496857024127,4.623623004229958,4.421763675689029,4.202616858870318,3.9696572631721727,3.726951341744672,3.4788592650408625,3.229583151740933,2.985816829072776,2.748052686555713,2.51907346436764,2.3000058349077714,2.0903768246420684,1.8883492649446054,1.691102091376121,1.4953418321616372,1.2978596372109916,1.0960278405952453,0.8881536798440015,0.6736515230643606,0.4530366077493196,0.22777054615398667,-2.5370967525191575e-7,0.10519091300403591,0.20946738131834058,0.31274431896425053,0.41653596308126273,0.5245250957293425,0.6426809633901451,0.7786775495002202,0.9406274109857775,1.1355749956567882,1.3683738451282574,1.6412778112323587,1.95413122992717,2.30484889194695,2.68994734301314,3.1050273139765143,3.5451931285054705,4.005419043666959,4.480786047135506,4.967372349494647,5.461006129446547,5.959102169052592,6.459682476469518,6.961552696042258,7.464096239579007,7.966982153051121,8.469810122857647,8.971735613615795,9.47112457228445,9.965284383892456,10.450309916329866
-2.0634011756499105e-7,0.5802538410824621,1.1582595842096999,1.7323903511753167,2.3021558480337525,2.8685145280370454,3.433905988840559,4.00196491951927,4.576933789118832,5.162857148927232,5.762697537696085,6.377539649331918,7.0060326441869725,7.64416544877864,8.285397830713515,8.921105798686487,9.541259183487144,10.135234336248478,10.692668595652517,11.204275924248412,11.662557593072444,12.06235443013821,12.401197465030055,12.679423263931637,12.900031357281424,13.068276804819813,13.19101364206984,13.275835624238802,13.330096923266959,13.35993008995668,13.36940016557277,13.365446695011217,13.353597629992695,13.33388694256102,13.306371026588915,13.271128359580771,13.228259031414083,13.177884142259776,13.120145072595985,13.055202628926459,12.983236069540139,12.904442015405074,12.81903325207984,12.727237429350847,12.629295666163205,12.525461069304413,12.415997175220319,12.301176325283025,12.181277985784144,12.05658702487901,11.927391959644035,11.793983187311497,11.656651215590557,11.515684907745538,11.371369758753955,11.223986219376709,11.073808085308867,10.92110096870965,10.766120869303876,10.609112861876032,10.450309916329884,10.31633835672574,10.24741444343561,10.24621526247154,10.295344789249326,10.375876159347632,10.47601987681562,10.58975438465415,10.714201402343797,10.847978126588234,10.99031814663766,11.140609052272094,11.298148477369224,11.462021273386874,11.631049251180407,11.803787075486946,11.978548072085383,12.15344873405128,12.326463605889462,12.49548425687417,12.658377715108218,12.813041166633202,12.957450943671425,13.089704815228943,13.208057343270099,13.310948589716226,13.397026781581225,13.465165700581524,13.514477598004055,13.544322380227765,13.554313693519813,13.533009061997511,13.468546632460217,13.359366711010916,13.203144181591297,12.997160487061127,12.738753146887197,12.425787551493357,12.057097642461496,11.632850470508536,11.154801813873547,10.626423446800661,10.052895351748527,9.440967078766402,8.798701187527465,8.135118353202966,7.4597686186556675,6.782256856059742,6.1117531442593505,5.45652070190172,4.823495165922869,4.21794880761778,3.64327053617999,3.1008855049486215,2.5903251059703676,2.1094386938960934,1.654714899897911,1.2216588025751873,0.8051597274870405,0.3997900753586198,-6.978831211832433e-8,0.5176035410966824,1.0454412351673679,1.5929830720598057,2.168126744765423,2.7763685573932166,3.4200462664439426,4.097771474797988,4.804149938088486,5.529846674003542,6.262006853403022,6.985002921525132,7.681447386712584,8.333389784123353,8.923604277457928,9.436869575296146,9.861143823639324,10.188542591530714,10.416036801526875,10.545798523209902,10.585135781933719,10.545974577308085,10.4438718484525,10.296585350795434,10.122294397662142,9.937660819303701,9.756023231125532,9.586081836353904,9.431394005062604,9.290833988166103,9.159915533108384
-6.978831211832433e-8,0.06721813479438049,0.14347232865635978,0.2364841684741244,0.3521429154976452,0.4946920913348313,0.6671030284442407,0.8713352537921243,1.1084465219441402,1.3786109306638712,1.6811043243760497,2.0142945772800327,2.375655711923123,2.7618128494945706,3.168618057251919,3.5912533336133214,4.02435496929468,4.462152610265103,4.898616132569128,5.327603712148787,5.743005116080987,6.138875172461098,6.50955351971924,6.849768012556949,7.154720482179435,7.420154817538168,7.642408455589358,7.818449253534148,7.945900293375028,8.023055394218224,8.048887969761408,8.051237091835151,8.058257125466065,8.06986671521689,8.08593238736608,8.10627165084878,8.130657189538928,8.158822008165336,8.19046536958965,8.225259345478296,8.262855795509711,8.302893591380839,8.345005909673693,8.388827430448343,8.434001294470137,8.480185689578528,8.527059954421526,8.574330104507426,8.621733700533643,8.669043991882202,8.71607327900085,8.762675447381875,8.808747633489192,8.854230989906352,8.899110523912114,8.943413991394474,8.987209837218902,9.030604184515742,9.073736889344426,9.116776694122956,9.159915533108373,9.17062887945962,9.10670263194631,8.968727191654203,8.777574230888087,8.555771537624873,8.318733193145489,8.076012825207378,7.833803216815038,7.59645707480537,7.367244803076384,7.148709302445803,6.942823827426589,6.751057186946082,6.57440042201614,6.413384860513118,6.268108508997118,6.138279423799082,6.023278358916257,5.922237894217333,5.834131516519459,5.7578640655705,5.692354699399525,5.6366048948954885,5.589746521142912,5.55106811381929,5.520020565094013,5.496206065776032,5.479355983140417,5.469304256038897,5.465962785975161,5.455525846848378,5.424119304275236,5.37148332366643,5.297272069145793,5.201171523804933,5.0830407014684305,4.943057222314914,4.781848154741999,4.600589177799607,4.401058843304418,4.1856394650396105,3.95726195253335,3.719300440091875,3.4754404941326418,3.2295831517409366,2.9825669123595664,2.7402103173712726,2.504229305297899,2.275753717103454,2.0551040684906923,1.8417231903180211,1.6343012246219712,1.4310281836010972,1.22991281242676,1.0291047775124504,0.8271622925218289,0.6232240691401372,0.41706751069156284,0.20905678664539176,-2.0634011756499105e-7,0.30730674002960146,0.6078289574181988,0.8959405394040453,1.1681971502469266,1.424045615006887,1.6660113149005435,1.8992004585128217,2.13010499936089,2.364942716250364,2.6080032846832344,2.86053530519177,3.120511556622967,3.383261975558777,3.642682962337746,3.892638612348104,4.128227691830748,4.346702376436548,4.5480044620676745,4.7340877921334625,4.909830242027348,5.080401705358949,5.251164736359841,5.426383109375218,5.6085312741170545,5.7980843348041,5.993797795304064,6.193324277436062,6.393928540798886,6.593069318206399,6.788694983397936
-8.208144566809775e-9,0.05815317152409015,0.1321624952091528,0.23233424136360523,0.3634929093314676,0.5273185858729896,0.7239230886806778,0.9525483400350595,1.2118348071053233,1.499918079284746,1.8144632612795166,2.152682113307485,2.5113519191267195,2.886844131883712,3.2751657059039117,3.672013274492606,4.072838715816832,4.472923671782058,4.867460044297517,5.251633289768941,5.6207054026006285,5.970094768445491,6.295450524763045,6.592719634396035,6.858205499931851,7.08861756551581,7.281111915047895,7.433323335187856,7.543389633266133,7.609969163346559,7.632252514145359,7.630254768282545,7.624271534763732,7.6143326883621505,7.600487564395032,7.582804282293383,7.561368813643918,7.536283809717288,7.507667207723158,7.475650639175964,7.4403776677597655,7.402001887872214,7.360684918510709,7.316594330225414,7.269901545373407,7.2207797537255045,7.169401886455431,7.115938691539632,7.060556952488469,7.003417890013491,6.9446757826516095,6.884476837497439,6.822958336087166,6.760248073235394,6.696464098424511,6.631714760416413,6.566099046386011,6.499707197389048,6.432621572720576,6.3649177270411,6.2966656563752315,6.227406190231976,6.153569088779671,6.076027638073348,5.995617909782614,5.9131338007503205,5.82932438388152,5.74489324792874,5.660499366929185,5.5767589433193745,5.494247623884869,5.413502502223232,5.335023397482877,5.259273032971397,5.186675919802711,5.117615964157332,5.052433040881808,4.991418986071312,4.934813630063097,4.88280159398401,4.835510586577566,4.793011851809569,4.75532323351391,4.722415058461625,4.694218725429437,4.670637566314488,4.651559259409025,4.636868862260889,4.626461418060229,4.620253086589537,4.618189855598339,4.6106852819458135,4.587943906052562,4.549324747244589,4.4938925620623005,4.420594872803816,4.3284697878433525,4.216854877281042,4.085570111737403,3.935054428023014,3.76644358844683,3.581584398506725,3.38298566938985,3.1737095390988923,2.957208921059598,2.7371192037193888,2.517015829307981,2.3001545286057006,2.0892177219951393,1.8860978451664179,1.6917533743580726,1.5061716582462121,1.328459874078747,1.1570606870022728,0.9900584646550821,0.8255168834948502,0.6617805189909607,0.497684852975998,0.33264509320242414,0.16662371157607103,4.3878232727087837e-7,0.25504980343439765,0.5051911610985275,0.7464981403062052,0.9768691997517479,1.1965361583757834,1.4080442488770317,1.6156098447767568,1.8239576519853233,2.03696178922597,2.2565420324538743,2.4821862303025584,2.711209312729073,2.939583395066854,3.163190187490274,3.378011758963474,3.5826348641243793,3.7768458685196644,3.9624597696702213,4.142655509329122,4.321221704184472,4.501715218507675,4.686751797643968,4.877607455694017,5.074205362286285,5.2754343056900925,5.479645564577185,5.6851408066802716,5.890495338376442,6.094634453329708,6.2966656563752395
1.459453546342173e-7,0.05815317152392813,0.13216249520942597,0.23233424136369757,0.3634929093316394,0.5273185858732116,0.7239230886809049,0.952548340035271,1.211834807105585,1.4999180792849627,1.8144632612797231,2.152682113307709,2.5113519191269544,2.8868441318839357,3.27516570590413,3.6720132744928247,4.072838715817051,4.472923671782277,4.867460044297735,5.25163328976916,5.620705402600852,5.970094768445712,6.295450524763261,6.592719634396248,6.858205499932068,7.088617565516023,7.281111915048113,7.433323335188079,7.543389633266342,7.609969163346771,7.6322525141455895,7.634105940591137,7.639641559388138,7.6487860446830584,7.661419348249199,7.677377858100323,7.696458658700486,7.718424743160736,7.74301100107267,7.769930788547448,7.798882879595497,7.829558599408385,7.861648949008404,7.894851545371326,7.928877219631853,7.9634561365578875,7.998343319572229,8.0333234859927,8.068215116020724,8.102873695883495,8.137194090327938,8.171112012562505,8.204604571161322,8.237689883944615,8.270425759073294,8.302907454195276,8.335264536056332,8.36765687602108,8.400269831750327,8.433308681926125,8.466992399202645,8.48212177835151,8.453466799930267,8.376441739159624,8.254102186227923,8.09562927485498,7.911788479621037,7.711843620393015,7.502811594925417,7.289808237887143,7.076574761974546,6.8658924528097485,6.6598600558574645,6.460071879103286,6.267734926240845,6.083751990323371,5.908787480538937,5.743325495312387,5.5877246517646455,5.442270713216627,5.307225687524478,5.1828705941598585,5.069538434272788,4.967634004974397,4.877638029888735,4.8000945490695415,4.735582475963381,4.6846744497410535,4.6478882417228125,4.625637576991032,4.618189855598355,4.610291104877344,4.5864013948838185,4.54597705585239,4.488229237761568,4.41228304461555,4.317370042973518,4.203030218181839,4.069299222250473,3.916858662797267,3.74713053289277,3.562301380981951,3.3652672829566606,3.159496725768912,2.9488148218574004,2.7371192037194496,2.5280467347095597,2.32462212352173,2.1289342015597508,1.9418986556339586,1.7631684828518472,1.5912354605947734,1.4237249100476788,1.2578337410582066,1.0908208517820208,0.9204480915570321,0.7452907673249275,0.5648755626167615,0.3796457003146048,0.19079029289989716,1.459453546342173e-7,0.4385259199110006,0.8910127441587402,1.3698798957947016,1.8846628374366774,2.441031622243762,3.0402457584075893,3.6790278561267997,4.349792328765214,5.0411639928971175,5.738733458262501,6.4260011521270854,7.0854568023808175,7.6997315923324985,8.252751881476039,8.730819889597953,9.123549119420348,9.424589838499795,9.632090965927,9.748857264445988,9.782173394888824,9.743279206185834,9.646496248800679,9.508029775880361,9.344511311815557,9.171409102823567,9.001511197199564,8.843539567928579,8.702465193933246,8.577971783696102,8.466992399202658
4.3878232727087837e-7,0.48659596803678523,0.9725579754876176,1.4577472797766582,1.9429191598556512,2.429939129696902,2.9217536978765324,3.4220919299760517,3.9349268976298326,4.463782053297824,5.011009052801986,5.577174007940519,6.160663342663658,6.7575686206813685,7.361851773510402,7.965746228315042,8.56032398291962,9.136152151678125,9.683968108665432,10.195313086623068,10.663075403412225,11.081904587677123,11.44846671030636,11.761520355610038,12.021803363282503,12.231734037516397,12.394947581940873,12.515708459324495,12.59825978265699,12.646187387114797,12.661883424385675,12.658601347545577,12.648763612306299,12.632395653721831,12.60953969455742,12.580254492870406,12.544614990760575,12.502711866429374,12.45465099230105,12.400552802574397,12.340551574189448,12.2747946258092,12.203441440030804,12.126662714649646,12.044639349402987,11.957561375209885,11.865626833499961,11.7690406137752,11.66801325807245,11.5627597414796,11.453498238297374,11.340448883820338,11.223832542025153,11.103869589689264,10.980778727607417,10.854775829616388,10.72607284006917,10.594876730211553,10.461388523602954,10.325802400298675,10.188304888993489,10.066214360620236,9.979457643592616,9.935116486492163,9.932679302101056,9.96550236240184,10.02528831335339,10.105104431202957,10.200058938989647,10.306889341824172,10.423377858690905,10.547890603981948,10.67906980855331,10.815643836603678,10.956318234919356,11.099721019112353,11.2443840603244,11.388748229151743,11.531183641303562,11.670018771728538,11.803573906644658,11.930195683359958,12.048290471418483,12.156355142288417,12.253004390953416,12.33699423238889,12.407241618506276,12.462840327491312,12.503073389073423,12.527422346981613,12.535573642517301,12.519794273888031,12.471707760244302,12.389168186662458,12.268915629815602,12.107003818752364,11.89931491580369,11.642098402107353,11.332475348677665,10.968860895030819,10.551272777679682,10.081509011241252,9.563191228687808,9.001680789552033,8.403882447158079,7.777955443608794,7.132954819227288,6.4784268826295275,5.823982484288376,5.178870173638277,4.551568669421703,3.949414574935215,3.378277370290674,2.8422902309089424,2.343643455824703,1.8824488256347618,1.456688911560792,1.0622731454026215,0.6932250233542424,0.34201197643428594,-8.208144566809775e-9,0.057383345701166016,0.12949753602461714,0.22602158649189072,0.3515107011265007,0.5075235196741825,0.6941710335922833,0.9108642383154133,1.156633210281304,1.430252342076289,1.730278091812108,2.055050695612394,2.402690160645732,2.771104002219418,3.157851750939871,3.561043079842502,3.977666948799856,4.4054424855343175,4.8420012130557755,5.285160871581884,5.732997688951196,6.1838923282565545,6.636535487548891,7.08988320583617,7.54305817016145,7.9952013782615685,8.445285525275098,8.89211574469878,9.333236135257037,9.766487713468019,10.18830488899348
-6.265360574432439e-7,0.0670760403127098,0.14513810851846554,0.24272832932459845,0.3653011593345885,0.5159109879960333,0.6960640666513769,0.9062679072304045,1.1463010913006833,1.4153217909553297,1.7119015359084557,2.034032896700846,2.3791361639015536,2.744077168087209,3.1252013349852645,3.5183850979030837,3.9191034812188876,4.322511329092104,4.72353492884454,5.116970474493769,5.497585814005919,5.860222141656084,6.199892669969663,6.511875788791338,6.79180074237688,7.035724384024771,7.24019806210737,7.40232411885336,7.519801820080165,7.590962766796388,7.614795965964896,7.612800878528944,7.606833774884526,7.596948788243997,7.583235003926478,7.565814774962698,7.54484140537374,7.520496242787376,7.492985234181925,7.462535010652489,7.429388578978594,7.393800709126787,7.35603311724089,7.316349552647443,7.275010904355225,7.2322704468345655,7.188369345911874,7.143532542861989,7.097965127813156,7.051849302180931,7.005342014056421,6.958573330620296,6.911645588370125,6.864633336152993,6.8175840588411845,6.770519642280761,6.723438514242853,6.676318372816502,6.629119394142264,6.5817877964901,6.534259628015066,6.484351536457935,6.430504841475035,6.373553177832717,6.314279081984942,6.253409019445798,6.1916107259329225,6.12949260749226,6.067604843611414,6.006441767170779,5.946445063053052,5.888007336766176,5.8314756546853435,5.777154743228326,5.72530964620503,5.676167765408904,5.629920335161002,5.586723492680575,5.5466991899854605,5.509936239669444,5.4764917907925525,5.446393491781301,5.419642519474327,5.396217546832118,5.376079599498887,5.359177628360401,5.345454516405419,5.334853156517122,5.327322191762206,5.32282100634389,5.321323593927429,5.31032378721692,5.277355288673385,5.222522495033685,5.146036431419093,5.0482644403948775,4.929788857417269,4.791465542622473,4.6344726729652175,4.4603408126865585,4.270956820846293,4.068536418126251,3.855563030452512,3.6346937175108,3.4086364998947043,3.1800071487072055,2.951177333066011,2.724129538805559,2.500336625830935,2.2806841862568636,2.0654508331710315,1.8543545353957707,1.646662670453219,1.4413517031315226,1.2372925053319301,1.0334323293956391,0.8289457734215158,0.6233339852375498,0.4164614471603403,0.20853017634203866,-6.265360574432439e-7,0.5316613156535296,1.081148256784806,1.6637652939649692,2.290338444897675,2.9661129489861437,3.6904697439759677,4.457241224716038,5.255394345348284,6.069922596543379,6.882865226207119,7.674417379643592,8.424108629649522,9.112021723884393,9.720009794889062,10.232856204920994,10.639310445376656,10.932927469546017,11.112636516060745,11.182968363044463,11.153876962634497,11.040104236165824,10.860060555339919,10.634237498945156,10.383245120139808,10.125676785573237,9.876129809627056,9.643792030710811,9.431965612617539,9.238699657139275,9.058398856656252
-3.8801375126435606e-7,0.5767370238205324,1.1533885788607554,1.7304042315844008,2.30917789198043,2.892223199279524,3.4830440683650963,4.085686887651155,4.704031279272936,5.340942585712926,5.997449033927294,6.6721040590210166,7.360650608471313,8.056037431510608,8.74877168487125,9.427545380240254,10.080050482735496,10.69389406848349,11.25753228205722,11.761152429015,12.197441952339842,12.562189654532087,12.854668678719614,13.07775415696736,13.237734049965647,13.343783918296591,13.407100631872511,13.439731135470254,13.453190684251531,13.457031289640778,13.45757415687354,13.45359828038054,13.441681855341711,13.421858425238689,13.394183663572461,13.358735027140408,13.315611274078844,13.26493185011533,13.206836147443822,13.14148264159132,13.06904791258572,12.989725557653927,12.903725003574184,12.811270227671347,12.712598397269932,12.607958438203278,12.497609543706329,12.381819635686977,12.260863790965784,12.135022645584375,12.004580790697046,11.869825173864914,11.731043519753905,11.588522784283862,11.44254765617169,11.29339911954607,11.141353090872162,10.986679142804098,10.829639326774107,10.670487105126826,10.509466402418727,10.376612669604276,10.314649183963297,10.326294609021568,10.394056783840112,10.49756235473556,10.623139105677089,10.763198713027675,10.913723775362708,11.072552164538687,11.238428885811658,11.41049330991312,11.587993656456272,11.77012315210312,11.955926093903706,12.14424788594053,12.33371534306268,12.522739343654875,12.709534645035498,12.892152954639803,13.068525959079771,13.236515339977645,13.393967041322844,13.538767284862255,13.668898087970375,13.782490323120399,13.877872656630267,13.953615000474274,14.008565390556793,14.041879458777332,14.053041890869618,14.037620765425446,13.990535611201356,13.909418990602939,13.790637946951966,13.629718733620612,13.421862282174823,13.162490600153566,12.847767938122955,12.475051090421978,12.043237111890647,11.552990981766532,11.006848286262167,10.40919785365981,9.766156284527003,9.08535073591827,8.37562855118346,7.646712762216482,6.908821426893387,6.172266423277302,5.447043916653688,4.742424568657901,4.06654729465006,3.426017209710866,2.8255084923439333,2.2673795456832067,1.7513249172530403,1.2741177778728072,0.8295325355952327,0.4085594647490396,-3.8801375126435606e-7,0.3102839968884289,0.6146152706682944,0.9079600121630292,1.1869971743123233,1.450659121632605,1.7002950471044287,1.9393647324578145,2.172652545454215,2.4051286465145885,2.6407333008736367,2.881433923163375,3.126833233023995,3.3744119939382218,3.6202780276792135,3.8601663837742017,4.0904189684016234,4.308727480297395,4.51450462442676,4.708832644954007,4.894023077761008,5.072906817790056,5.248045538788931,5.421086738649867,5.592449702537595,5.7614275940163155,5.926654907781314,6.08677108662593,6.241051019673976,6.389784522322574,6.534259628015064
-3.7831932142381006e-7,0.06707604031418898,0.14513810851919226,0.24272832932482505,0.3653011593349363,0.5159109879962025,0.6960640666514825,0.9062679072305515,1.1463010913007765,1.4153217909554148,1.71190153590853,2.034032896700904,2.3791361639016135,2.7440771680872666,3.1252013349853014,3.5183850979031255,3.91910348121894,4.322511329092137,4.723534928844566,5.116970474493804,5.497585814005951,5.86022214165611,6.199892669969685,6.511875788791367,6.7918007423769104,7.035724384024793,7.240198062107388,7.402324118853392,7.519801820080186,7.590962766796413,7.614795965964921,7.617797148299069,7.626765353068891,7.6415954626155305,7.662115273214581,7.688089854483245,7.719227404627205,7.7551863764439855,7.795583614012923,7.840003221877476,7.888005886458612,7.939138381166323,7.992943008982891,8.048966765528553,8.106770038214062,8.165934689911436,8.226071406201852,8.286826212051022,8.347886085861266,8.408983616090309,8.46990065840071,8.53047096041109,8.590581727629433,8.650174109276177,8.709242587710158,8.767833261274106,8.826041018686238,8.884005614547078,8.941906670785828,8.999957648303177,9.058398856656265,9.086301473434347,9.041268669211613,8.922851083007394,8.750725156631786,8.54734342434272,8.328330066144867,8.103073563639288,7.877212418120679,7.65432107041638,7.4368265004042415,7.226488841417781,7.02465584059383,6.832398866015313,6.650584601288058,6.47991076435046,6.320921766434914,6.174014027185066,6.039437336849428,5.917296650269986,5.807557283718403,5.710055334169769,5.624514120222464,5.5505665280679874,5.487782360531994,5.435699175684227,5.393854699987232,5.361818722796664,5.3392224100061485,5.32578317776272,5.3213235939274375,5.310323787216941,5.277355288673396,5.222522495033715,5.146036431419116,5.048264440394885,4.92978885741729,4.791465542622491,4.634472672965223,4.460340812686585,4.270956820846315,4.068536418126263,3.8555630304525317,3.6346937175108205,3.4086364998947185,3.1800071487072232,2.951177333066033,2.7241295388055793,2.50033662583097,2.2806841862568947,2.065450833171065,1.8543545353958057,1.6466626704532605,1.4413517031315783,1.2372925053319814,1.0334323293956993,0.8289457734215836,0.6233339852376322,0.4164614471604515,0.2085301763422513,-3.7831932142381006e-7,0.07107007396865841,0.15390187851621914,0.2571086229810595,0.38541138846091755,0.5406306031720257,0.7228903589835793,0.931460841127887,1.1652608214890978,1.423140249755644,1.7040237060550505,2.0069593181691254,2.331101726945877,2.6756535638963546,3.039789649346289,3.4225869166754945,3.822978786129764,4.239745210532944,4.671540084162769,5.116947973992122,5.574554059027189,6.043006233388103,6.52104746631488,7.007500026705787,7.501190735773014,8.000816986620904,8.504765160892616,9.010904067179691,9.516383812602887,10.017473283365886,10.509466402418735
2.440547536238368e-7,0.05153293198789627,0.12011284954060875,0.21558626694094463,0.3414624216923086,0.4980414328199183,0.6841505125254395,0.8978529092601301,1.1367454203782372,1.3981066896772547,1.6789878725575462,1.976277111088524,2.2867489035883746,2.6071025795194585,2.933991953168339,3.264047821121584,3.593895158837742,3.9201671821037705,4.239518643397707,4.548640722319687,4.844279604697767,5.123260338774943,5.382516859294772,5.619128257751982,5.83036053926677,6.013712333634549,6.16696239952332,6.288216336939825,6.375949740581149,6.429045097053149,6.446820040050169,6.444998548615146,6.4395481720981795,6.430510989280511,6.417956418651387,6.401980157873599,6.382702716589875,6.36026756053868,6.334838890630106,6.306599086645234,6.275745851553271,6.2424890990227455,6.2070476334067095,6.169645678117283,6.13050931460866,6.089862899839786,6.047925534712403,6.004907659171472,5.96100785100063,5.916409904461757,5.87128026149719,5.82576586202946,5.7799924708875965,5.734063527173223,5.68805954774759,5.642038100454265,5.5960343453395245,5.550062124262215,5.504115561738191,5.458171123484729,5.4121900646994545,5.364129339003837,5.312417268162387,5.257695630942479,5.200577711809971,5.14164205329871,5.08142807836632,5.020433638810854,4.959114435733613,4.897885151086064,4.837122034392346,4.777166613861218,4.718330152583169,4.660898452069654,4.605136617742315,4.551293441768699,4.499605122805908,4.45029812265839,4.4035910483175,4.359695535852128,4.318816192369759,4.28114971742799,4.246883371529661,4.2161929847165105,4.189240703243906,4.166172659555837,4.147116724729386,4.132180468742539,4.121449418095873,4.114985667602609,4.112826877244437,4.10478664413158,4.080631690520281,4.0402756357940435,3.9836267514172254,3.910658412895192,3.821493196372406,3.716488745212245,3.5963132408806735,3.4619993937909825,3.3149679790355817,3.1570147098838497,2.9902573898130487,2.8170436904148035,2.6398236092292837,2.4609948017887353,2.2827336142074306,2.1068294803786904,1.934544455058841,1.7665213104619057,1.602760691775308,1.4426788275859024,1.285242849790843,1.1291643855634588,0.9731190986183611,0.8159548770883522,0.6568557151662648,0.49543956971863623,0.33178213840684473,0.166370615473241,3.0833377429308927e-7,0.24407439352009502,0.4831960970290433,0.7132358145559615,0.9315779714001639,1.1375487147119512,1.3324707526837432,1.5192860559978412,1.7017873387407978,1.8836333056297885,2.067431408849068,2.254176585353117,2.4432071616277744,2.6326435136125994,2.8201174170086825,3.003542354965447,3.1817072447460695,3.354554951241562,3.523099391677897,3.689026832165971,3.8541087465709034,4.0196078458856475,4.185862859499219,4.352180545518073,4.517061514391614,4.678678893234593,4.835454939646803,4.9865592064534585,5.132178707944967,5.273470938254072,5.4121900646994545
3.0833377429308927e-7,0.42755118705222417,0.854056729223819,1.2791116965366378,1.7034737696293747,2.12935607848498,2.5604046855978444,3.0013222573124665,3.45717228623885,3.93248087324433,4.430315057436865,4.9515280557760635,5.494314760506608,6.054137415029191,6.623998225511259,7.194980485500766,7.756959357913173,8.29938834575126,8.812083704096755,9.285946230055567,9.713573315059332,10.089723335056537,10.411600957835258,10.678938070967458,10.893853256686015,11.060485462363667,11.184416637885203,11.271924113304227,11.329134071214645,11.361176436846849,11.371459194289095,11.368560871566332,11.359872374078073,11.345413081546534,11.325215186035209,11.299323531617413,11.267795391659769,11.230700185445835,11.188119136324564,11.14014487400519,11.086880984027678,11.028441507812941,10.96495039703481,10.896540926353158,10.823355068801694,10.745542838332018,10.66326160417578,10.576675381798626,10.48595410528109,10.391272885974919,10.292811262247463,10.19075244504427,10.085282563873973,9.976589917650768,9.864864234624223,9.75029594538711,9.633075472683704,9.51339254145056,9.391435512212055,9.267390740633497,9.141441965708458,9.029792105501787,8.95571862449367,8.925885022538749,8.938851542262322,8.986841414030355,9.060626055257043,9.1526300060343,9.257526339910891,9.371762901585356,9.49295929323783,9.619445702567038,9.749954290577643,9.88342063677143,10.01885742145368,10.155275254653839,10.291635318466545,10.4268245552025,10.559647617541929,10.688831714504497,10.813041509027748,10.930901753196123,11.04102562132277,11.142046854446686,11.232653938455917,11.311624642993822,11.377859369729766,11.430411904422135,11.468516338493902,11.49160911998321,11.499345406537385,11.490935737183019,11.464648432798997,11.41743505361982,11.344616156265467,11.240417913125459,11.098609935633029,10.913163917216652,10.67886291895305,10.391809731020478,10.04980358757309,9.652573184827105,9.201868345514605,8.70142248926028,8.156803987918751,7.575177469249125,6.964997020888578,6.335652605306292,5.697089117499502,5.05941448368042,4.432508969088843,3.8256423718188364,3.2470991073370756,2.703803902664618,2.200934682913944,1.7415084688122562,1.3259389448436396,0.9516028032182793,0.6125239548762288,0.2993717314247241,2.440547536238368e-7,0.054647126945213675,0.12825138557252924,0.23123644659017936,0.3667395448940953,0.5343145698384335,0.7319149335332136,0.9567298119221268,1.2055890476616735,1.4752169916424545,1.7624247463011942,2.0642659789668554,2.3781604156719927,2.7019825674093143,3.034112051383135,3.373443019208261,3.7193525388488586,4.071630691195218,4.430378145338548,4.795879582580542,5.168463097069702,5.548356293756416,5.935549152379921,6.329672034465754,6.7298949225424805,7.134851645102436,7.542590936492607,7.950554975013875,8.355585529939962,8.753957788982301,9.141441965708454
3.6116027341072995e-7,0.051532931987968635,0.12011284954073893,0.21558626694120553,0.3414624216924436,0.4980414328201109,0.6841505125256102,0.8978529092602856,1.1367454203783738,1.3981066896774077,1.6789878725576952,1.9762771110886745,2.286748903588525,2.607102579519591,2.9339919531684715,3.2640478211217325,3.593895158837895,3.920167182103916,4.239518643397855,4.548640722319831,4.844279604697902,5.123260338775087,5.382516859294918,5.61912825775212,5.830360539266923,6.013712333634686,6.1669623995234595,6.288216336939961,6.375949740581283,6.429045097053278,6.446820040050307,6.449019981691009,6.455593314093644,6.4664612560080865,6.481494797863357,6.500518042857159,6.523312696536447,6.549623533286611,6.579164640270262,6.611626223855843,6.646681760072327,6.683995277695041,6.7232285780538765,6.764048217038265,6.806132099495579,6.849175561973761,6.8928968446659615,6.937041876124309,6.98138831401092,7.025748801533264,7.069973412367103,7.113951267223571,7.157611313398875,7.2009222654210685,7.2438917110857854,7.2865643935412185,7.32901968735658,7.371368295270713,7.413748202983173,7.456319942115468,7.499261226285144,7.524991679832305,7.509717548318391,7.448341580556196,7.343744712668475,7.205022747226858,7.042606149235409,6.8651609358696755,6.67899864961172,6.488553863072564,6.296988273756126,6.10664955716355,5.919373886425594,5.736674669663026,5.559855827585383,5.390075663571577,5.228378065516809,5.075702120407675,4.932878078840248,4.800615915466341,4.6794917559925295,4.569936699429269,4.472231750061133,4.386511521465537,4.312778049326184,4.2509245366409765,4.200767334280872,4.162083154910616,4.134647631919119,4.118270995806778,4.112826877244415,4.104786644131556,4.080631690520259,4.040275635794016,3.9836267514171944,3.9106584128951574,3.821493196372372,3.716488745212219,3.5963132408806353,3.46199939379095,3.3149679790355426,3.157014709883806,2.9902573898130056,2.8170436904147595,2.6398236092292326,2.4609948017886856,2.2827336142073875,2.106829480378638,1.9345444550587791,1.76652131046186,1.602760691775262,1.4426788275858553,1.2852428497908015,1.1291643855634237,0.9731190986183158,0.8159548770883124,0.6568557151662212,0.49543956971859404,0.33178213840679344,0.16637061547313833,3.6116027341072995e-7,0.39125884069893463,0.8001536298831261,1.241604437141418,1.7258532055747862,2.257563419434883,2.835818183600399,3.4546667978216057,4.103932961919857,4.770133007889763,5.437449633366708,6.0887463552074115,6.70661016948437,7.274396766073241,7.777237755365321,8.202958921503182,8.542854274707107,8.792262141903862,8.9508952574408,9.022885216229225,9.016511802808283,8.943600258738744,8.81858767938182,8.65728942350242,8.475444426694766,8.28718594761838,8.103657699154017,7.932039642534011,7.775218178647706,7.632210112153794,7.499261226285146
3.281792140595077e-7,0.06777032570125385,0.14544155234599002,0.24123718240651063,0.3611327020467873,0.5091983849532167,0.6881292242181687,0.899595729713683,1.144395602375703,1.422488286761124,1.7329845251258116,2.0741343840367303,2.4433355358553013,2.8371703960786183,3.251473238640949,3.681424287007847,4.12166558856333,4.566432440357129,5.009693826301532,5.445295522033285,5.867100091173355,6.269118844125736,6.645631879393052,6.991293498802381,7.301221498321493,7.571069997944817,7.7970865013268,7.9761546906864025,8.105825003639833,8.184335268662373,8.210623587257956,8.212818667157004,8.219378785357058,8.23022915024748,8.24524700018574,8.264264376221853,8.287071880159997,8.313423302935043,8.343040986857636,8.375621770801446,8.410843359892914,8.448370960185317,8.487864023185601,8.528982953712427,8.571395646044428,8.614783726359844,8.658848392923682,8.703315758443367,8.747941610872086,8.792515519370124,8.836864221099928,8.880854232233569,8.924393633398369,8.967432986329896,9.009965345393613,9.052025335570375,9.093687278160546,9.135062357461008,9.17629483649615,9.217557347833834,9.25904530663432,9.267014024311063,9.195722221176439,9.046327011026198,8.841052017750295,8.603461148942456,8.349673492402658,8.089781440016415,7.830441467251548,7.576443848343114,7.331497057615194,7.098593818099269,6.880167376849036,6.678143447684425,6.4939432687264675,6.328470069349069,6.182099716064388,6.054689133514553,5.945610108309141,5.853810303005973,5.77789796900721,5.716242707620458,5.6670823929872585,5.628626299070432,5.599146266792417,5.577050699316652,5.560939449107862,5.549640554693279,5.542231857621378,5.538051614788833,5.536702359109563,5.527233040758821,5.498579007206966,5.450050111271006,5.380649056319195,5.28927667633412,5.174976136118233,5.037183014814345,4.875949693553369,4.6921175550607,4.487417409430045,4.264485727289516,4.026790753628881,3.778468205554977,3.524071577840548,3.2682483040454433,3.015361771983367,2.769091789525713,2.5320620472268494,2.305558056283559,2.089403731053312,1.8820482339473283,1.680872463838921,1.4826672339153844,1.2841868790033244,1.0826655664479756,0.8762040917570163,0.6639778182484696,0.44626022922758024,0.2242870204473482,4.1808752204869377e-7,0.3315532824407347,0.6535647160388172,0.9580208596415295,1.2397959716116775,1.497645479658152,1.7345958119255978,1.9574831602648282,2.175502978565558,2.3979400974578917,2.6316872036025853,2.8794236317688466,3.139111944120409,3.4048684653144727,3.6687263292675687,3.9226479914397077,4.160286289826156,4.378208642894541,4.576454493237561,4.758388220974628,4.9298885927119285,5.098022353662473,5.269482924611899,5.449181114548122,5.63937043496419,5.83953054517172,6.046970948367712,6.257879658313762,6.46843435045298,6.6756346328652665,6.877650426540764
3.9043958947554133e-7,0.580992581561578,1.158943974654738,1.7314854092554526,2.297492119972614,2.857458696265046,3.4135978991032894,3.969613742223684,4.530150502498094,5.099985308143706,5.683096622531442,6.28178033771709,6.8959803633515335,7.522950590348495,8.157289226675898,8.791312870189822,9.415687481604275,10.020212718452497,10.594658511583553,11.129567378813427,11.616953711381887,12.050847354899146,12.427642228473905,12.74622275989182,13.007853805535994,13.215835757722136,13.374947265385664,13.490723322989915,13.56864376773174,13.613330788971444,13.627866025471112,13.623772522929732,13.611504205541895,13.591097563044558,13.562613142266908,13.526135144812129,13.481770867378215,13.42964998829596,13.369923704902655,13.302763727420075,13.228361136067209,13.146925109212575,13.058681531452683,12.963871491591796,12.862749681586214,12.755582708595716,12.642647333346648,12.524228649040566,12.400618216023526,12.272112168346966,12.139009309176075,12.00160921271418,11.860210350883536,11.715108263404243,11.56659379011572,11.414951384358377,11.260457525947226,11.103379251700908,10.943972820613181,10.782482529557871,10.619139693890498,10.48256504362611,10.415209653192294,10.41926764637988,10.476048951225746,10.565635501347037,10.67558185764249,10.79940064659965,10.933866734517222,11.077337882584109,11.228860674355618,11.387699715513332,11.553086888543083,11.724090993298306,11.899558410747055,12.078098520069545,12.258098299469271,12.437755782450894,12.61512492471175,12.788166313117273,12.95479957364051,13.112954510469741,13.260618987331819,13.395882349762882,13.516973784571226,13.622295432096534,13.710450332273572,13.78026542860483,13.830809908102166,13.861409149983166,13.871654515239717,13.849711067759134,13.783265574579694,13.670569613101872,13.50901873219839,13.29557124006283,13.027252703298242,12.701683236335683,12.317567322933836,11.875095934517743,11.376224838346824,10.824808200768993,10.226580734756874,9.588993573251376,8.9209184577342,8.232241945004672,7.533376669994736,6.834720876555111,6.146101021858584,5.47623564670788,4.832261773959948,4.219366860675053,3.6405675550372756,3.096667832067976,2.5864102046846216,2.1068039488995574,1.6535784857754252,1.2216793303659663,0.8057119627852941,0.4002543922004092,3.281792140595077e-7,0.07070832109201443,0.1454723446541626,0.22839026162347603,0.32361542746911376,0.435318401348594,0.567591709042655,0.7243047825441361,0.9089265951889398,1.1243383614067757,1.372659226770138,1.6551056819950085,1.9719016497642208,2.3222513943924845,2.7043818350129634,3.1156546705753834,3.5527421736812066,4.011853900065236,4.488995315576836,4.980234003734588,5.481945359260431,5.991008303376766,6.504923449998588,7.021832076640958,7.540424560817816,8.05974116149659,8.578884519830186,9.0966791850197,9.611325291137472,10.120097990094045,10.6191396938905
4.1808752204869377e-7,0.06777032570104202,0.14544155234627368,0.24123718240674014,0.36113270204697345,0.5091983849532581,0.6881292242182143,0.8995957297136319,1.1443956023757413,1.4224882867611444,1.7329845251258413,2.074134384036751,2.4433355358553204,2.837170396078641,3.251473238640968,3.6814242870078657,4.121665588563349,4.566432440357146,5.009693826301548,5.445295522033302,5.867100091173372,6.269118844125753,6.645631879393068,6.991293498802397,7.301221498321511,7.571069997944838,7.797086501326817,7.976154690686418,8.105825003639852,8.184335268662386,8.210623587257974,8.208454535367826,8.20196293771702,8.19119516736393,8.176227515560297,8.157164717501544,8.134137931309835,8.107302212906863,8.0768335411472,8.042925458809238,8.005785405534086,7.965630828257521,7.92268516272961,7.877173785951756,7.829320043347112,7.779341455792396,7.727446209893389,7.67383002978577,7.618673520115643,7.562140057691102,7.504374293780949,7.445501310553588,7.385626454286731,7.324835845497011,7.263197542936666,7.20076331545485,7.137570954009609,7.07364703657053,7.009010042080174,6.943673696684658,6.8776504265407645,6.80883021724585,6.73587601017969,6.659922768619989,6.582044764724629,6.503245540558531,6.424450792684916,6.346503919110102,6.270163807629989,6.1961043309658335,6.12491496227732,6.05710194424602,5.993089536978045,5.933221025796696,5.877759371301649,5.826887604665381,5.780709280077784,5.739249462172344,5.702456822268562,5.670207425501964,5.64231070598753,5.618517957456886,5.598533433335791,5.582027883097552,5.56865408499871,5.5580637013757705,5.549924607509366,5.543937745143026,5.539852533283985,5.537479928935636,5.536702359109559,5.527233040758807,5.4985790072069625,5.450050111270981,5.3806490563191876,5.289276676334112,5.174976136118248,5.0371830148143415,4.875949693553358,4.692117555060696,4.4874174094300345,4.26448572728951,4.026790753628872,3.778468205554971,3.5240715778405436,3.268248304045432,3.0153617719833576,2.769091789525709,2.532062047226843,2.3055580562835667,2.089403731053305,1.8820482339473166,1.680872463838908,1.4826672339153928,1.2841868790033073,1.082665566447959,0.876204091756982,0.6639778182484822,0.4462602292274729,0.2242870204472778,3.9043958947554133e-7,0.5254274871629243,1.0594357422872769,1.6103070569086377,2.1855512466937435,2.7911775352042265,3.430777851345814,4.104606456260277,4.8088822268434495,5.535496457782384,6.27221489888043,7.0033636003753035,7.710914321211952,8.375844558797233,8.979633083628201,9.505753945399356,9.94104231319159,10.27681972677845,10.509682309801482,10.641872576035665,10.681174245577333,10.640292595139188,10.535716056684922,10.386106961943439,10.210348782717576,10.025481509354425,9.844858947896496,9.676905773950608,9.524777441945911,9.387018654782691,9.259045306634313
-4.82368762739311e-7,0.5229325018613877,1.0426180335091102,1.5565040938702335,2.0633272053047924,2.5635110663837897,3.0592837879640817,3.554458308449658,4.053871401550976,4.562547471186783,5.0847258694709465,5.622936528645633,6.177304635948209,6.745208860260355,7.321332345817757,7.898065014314361,8.46616391518634,9.015560671923657,9.536212198372674,10.018909320417908,10.45597756626944,10.841820480999138,11.173267952232992,11.449702108256503,11.672944173010437,11.846900097494776,11.976983045878919,12.069357469618422,12.130080200124535,12.164242492205517,12.175233701562654,12.171497682701622,12.160300612491188,12.141675385836692,12.1156766139021,12.082380304864257,12.041883419513285,11.994303304244271,11.939777004714394,11.878460464169219,11.810527611171752,11.736169342198414,11.65559240529553,11.569018191717182,11.476681443188603,11.378828883155306,11.275717781083054,11.167614459562527,11.054792754638836,10.937532440421226,10.816117629623202,10.69083516222654,10.561972994939882,10.42981860452041,10.294657418327748,10.156771285665075,10.016437003515776,9.873924910185416,9.729497560090625,9.583408492484246,9.435901106258251,9.313246745630437,9.257088067931702,9.268647030746784,9.329849666936216,9.421865976108402,9.532937582877384,9.656833285702133,9.790347919941743,9.931773662481746,10.080093662901264,10.234557131418947,10.394448339094298,10.558958904006516,10.727119638606462,10.897769853605965,11.069552027383102,11.240924499459625,11.410187193958908,11.575516624920994,11.735007176208642,11.886716156144752,12.028710521249671,12.15911349492032,12.276149595288958,12.378186839305549,12.463775110963573,12.531679873691676,12.580910573892409,12.610743228525521,12.620736818788975,12.603780950329112,12.552230988455685,12.46413405588511,12.336535791446682,12.165886569007242,11.948530957876581,11.68122038208975,11.361592447677058,10.988570885998913,10.562654101028699,10.086074889982314,9.56282699583185,8.998564756592774,8.40039003403186,7.776546070912518,7.136041343006212,6.48822823869091,5.842361841492936,5.2071634594372105,4.590412043604116,3.9985844680916416,3.4365630399272407,2.907425836324163,2.412332707615506,1.9505167871540767,1.5193868519022258,1.1147373025200578,0.7310474809381443,0.3618329438224789,-4.82368762739311e-7,0.4700604913055168,0.950700293825154,1.4517221097464752,1.9812755454851996,2.544938773412296,3.1449207934273833,3.779523988665384,4.4429407145095,5.125406998162433,5.813702116758725,6.491955560926916,7.142700214052607,7.748093156991156,8.291213812115043,8.757343035122046,9.135125815850293,9.417523858517267,9.602471760294021,9.693161223564026,9.697891982205205,9.629448172963217,9.503990355372949,9.339505308208485,9.153936559520824,8.963225350603196,8.779594925431354,8.610450664737009,8.458164334385145,8.32090604122785,8.194030794969919
-4.6367833718785643e-7,0.06137484435610445,0.135353322473765,0.23097910249282258,0.3532291449718932,0.5043008875278525,0.6848047879623456,0.8944252942149519,1.1322236258170808,1.3967640692978647,1.6861634129971317,1.9981111037675994,2.3298825014071185,2.6783558882768768,3.040038204474364,3.411101482116039,3.78743022363367,4.164678900467921,4.538338070632396,4.9038071978964135,5.25647203257192,5.5917843398544385,5.90534180285014,6.192966055289014,6.450776987890922,6.675261699363097,6.863336707851692,7.012402284518974,7.120388004871075,7.185788826948374,7.207691194397653,7.205656789406912,7.1995723088838135,7.189493582454054,7.175512420386637,7.157754778201738,7.136378233852741,7.111568824609459,7.083537304657487,7.052514898389832,7.018748638159253,6.982496388504466,6.944021671045905,6.903588414725228,6.86145576409744,6.8178730831880285,6.773075293224097,6.727278678659801,6.68067728684416,6.633440032191044,6.585708595912974,6.53759618775633,6.489187207600949,6.4405378134859275,6.3916773700946665,6.34261071963045,6.2933211870099655,6.243774204939064,6.193921422992367,6.143705149213326,6.093062963477283,6.038863568236584,5.980842441089299,5.9199823287758795,5.857235466806661,5.793510527106747,5.729661175846856,5.6664763575497,5.604672342841426,5.544886508656629,5.487672767474186,5.433498531656752,5.382743093585553,5.335697321988051,5.292564615046614,5.253463102227366,5.218429136420365,5.187422151984746,5.160330970680089,5.13698160906498,5.117146577138405,5.100555565087383,5.0869073054659815,5.075882289568914,5.067155931227551,5.060411734003447,5.055354050466698,5.051720121569452,5.049291185097061,5.047902407397102,5.047451114063097,5.0380221675532955,5.009631650943833,4.961996823046568,4.8947364787258305,4.807491872749514,4.700070474977736,4.572592495301131,4.42562043745743,4.260254513991584,4.078180695660038,3.8816626820952873,3.6734736795653435,3.4567684590286047,3.2349010061637395,3.0111986572530864,2.7887103906957917,2.5699548385935236,2.3567013374721166,2.149822008093152,1.949250189003045,1.7540669198287153,1.5627126676782868,1.373291987979956,1.1839144093691103,0.993004766753133,0.7995241408397711,0.6030661099489744,0.4038262720130417,0.20247698255495447,-2.8011450033763755e-7,0.3088686282409373,0.6102941205284378,0.8978708326392691,1.1672439954599858,1.4169245743073215,1.6486386676744826,1.8669967881387763,2.078422670091765,2.2895143367171205,2.505273170896171,2.727777431454779,2.9557453214926537,3.1850734761175836,3.4100810779163218,3.625028620707832,3.8255153695857396,4.009479343111323,4.177639154140258,4.333314375105187,4.481649081335891,4.628400778761699,4.7785754386260795,4.935288299984261,5.099190329423259,5.268621185030249,5.440395369565258,5.610922660126675,5.777289350134228,5.93798160411947,6.093062963477285
-2.8011450033763755e-7,0.06137484435747892,0.13535332247441445,0.23097910249331835,0.3532291449723798,0.5043008875283204,0.6848047879627984,0.894425294215394,1.1322236258174994,1.3967640692982708,1.686163412997507,1.9981111037679538,2.3298825014074422,2.6783558882771796,3.0400382044746377,3.4111014821162846,3.7874302236338884,4.164678900468114,4.538338070632563,4.9038071978965565,5.25647203257204,5.59178433985454,5.905341802850221,6.1929660552890775,6.45077698789097,6.675261699363131,6.863336707851719,7.012402284518993,7.120388004871088,7.185788826948384,7.207691194397664,7.209661327698637,7.215551032320211,7.225298657124966,7.238802886972742,7.255924855595771,7.276491021471914,7.300296729809656,7.327110368705831,7.356678016703557,7.388728472399375,7.422978554122509,7.459138558467733,7.49691776986537,7.5360299186018285,7.576198490968147,7.617161801811486,7.658677746147006,7.700528152288848,7.742522664005153,7.784502083510681,7.826341110867461,7.867950418905407,7.909278006551321,7.950309778004687,7.991069301109475,8.031616706142133,8.07204669663517,8.11248565726877,8.153087860636749,8.194030794969919,8.204848089305335,8.144859704913436,8.015644094147154,7.838078698803481,7.633754555852439,7.417098532157082,7.196863866944292,6.978574635481568,6.765996286871508,6.561883924883863,6.36835108523048,6.18704883848585,6.019248585302223,5.865875449817383,5.727517851172781,5.604428790549043,5.496529117792282,5.403419582125979,5.324405577910432,5.258535798214597,5.2046535891790295,5.161457915081503,5.127569724552289,5.101599220018639,5.08220995022607,5.068176506483215,5.058433616569473,5.052115399857895,5.048584433839237,5.04745111406308,5.037429559954282,5.0072926853761,4.956852542776585,4.885887340946602,4.794264678032117,4.682088393760981,4.549847978134611,4.398548776539153,4.229802807774663,4.045863227200439,3.8495897157131047,3.6443370659943106,3.433765212731803,3.2215767429196003,3.0111986572530753,2.8054393931148374,2.606168307107947,2.414077713744487,2.228588500267187,2.0479412208374312,1.869475149853042,1.6900501558007275,1.5065303042586728,1.3162388709652313,1.1173124098764506,0.9089142555514699,0.6913001843546622,0.46575171633431733,0.2344041844393986,-4.6367833718785643e-7,0.054029164161973085,0.12105452832176171,0.20965428330587976,0.32377152358809114,0.4645226018347381,0.6316255875712399,0.8241559329613577,1.0409154220701764,1.280611494139762,1.5419366261766603,1.823589367879224,2.124262525381575,2.4426189484055967,2.777272128317787,3.1267847440879573,3.4896930789131977,3.8645587311301552,4.250042109803833,4.64498180404179,5.048467199847021,5.459874102160896,5.878851192170129,6.3052398188142265,6.738924391545856,7.179622015248825,7.626632798546154,8.078582203272008,8.533208725801217,8.987130883784898,9.435901106258253
-6.989443915961465e-7,0.502035667277642,1.0006982187324223,1.4933573846891557,1.9787666719173191,2.457501867982199,2.932105510446713,3.40687224232278,3.887262858020935,4.379012481961559,4.887081393845601,5.414651871879629,5.962371490327954,6.527979125097051,7.1063523659895,7.689924842443864,8.269367276928078,8.834411199779536,9.374706534836289,9.880627373325256,10.34396289986202,10.758448099126198,11.120101762960186,11.42734982799597,11.680923107221645,11.883532580719777,12.039344176812893,12.153298345362511,12.23034517694855,12.27468795558809,12.289139358539781,12.285636148299478,12.275136876138284,12.257672554144186,12.23329465752836,12.202074808509899,12.164104336332722,12.119493715996953,12.068371889031395,12.010885470381712,11.947197846240199,11.877488168399026,11.801950251466694,11.720791380046084,11.634231033729641,11.542499538517712,11.445836654006072,11.344490106410797,11.238714078194365,11.128767665717092,11.014913316950139,10.897415261836407,10.776537948359495,10.65254449775981,10.52569519260411,10.396246011549836,10.264447224629595,10.130542062695252,9.994765474287481,9.857342982618865,9.718489654567305,9.597501680397945,9.52255372423148,9.49938726001899,9.521621958516263,9.577290035802367,9.65597872490239,9.750802781044591,9.85765161665969,9.974102416616393,10.098642778990417,10.230193220627209,10.367825388560002,10.510598854027299,10.657470723456735,10.807251881438335,10.958594369875838,11.110000067368238,11.259843898679117,11.406406587985895,11.547913131536266,11.682574018584765,11.808626911514917,11.924377060831258,12.028235197001743,12.118752016457359,12.194648670098129,12.254842878562341,12.29847045080653,12.324902083807313,12.333755383732152,12.318135473960778,12.270513854187975,12.188707967293821,12.069408694940158,11.908623229544602,11.702206694232625,11.446416458275149,11.138427912655215,10.776762836345705,10.361597361843563,9.894932524958847,9.38062430275563,8.824280985697326,8.23304364495823,7.615270737463237,6.980151058389733,6.337270770747404,5.696160466645643,5.065847386350623,4.454436201108839,3.8687392717314406,3.313974128847079,2.793542186237684,2.308898510978533,1.8595179653528517,1.4429583609381298,1.0550166123450029,0.6899694732641524,0.3408865347183379,-6.590187601368128e-7,0.062755888732446,0.1390910300294128,0.23836545664008355,0.3652618459687369,0.5213981379743357,0.7067483128201207,0.9204358193055783,1.161125681389722,1.4272154784861777,1.716927667238982,2.0283522663292946,2.35946655446485,2.7081495216464755,3.072204295479298,3.4493977613183944,3.837521767009032,4.234474565551473,4.638355056322787,5.047556795322802,5.460844620254416,5.877395012422033,6.296782774591549,6.718901692305926,7.143815449943133,7.571546274271622,8.001820764900316,8.43380265457403,8.865848260324377,9.295320341346155,9.718489654567305
-6.590187601368128e-7,0.05986030549605172,0.13542695844453684,0.2369589095111712,0.3692195813430693,0.5337369465867151,0.7303991416389617,0.9581975965159593,1.2155357712901311,1.5003571563243698,1.8102022860786389,2.1422398440123422,2.493290984606473,2.859855394620745,3.238142945142205,3.6241124918934102,4.0135181083636,4.401962252612853,4.7849548571228775,5.157976998238465,5.516547602575796,5.856291555922,6.173007575857431,6.462734274844691,6.721812958724069,6.9469458599545035,7.135248680292476,7.2842965006093126,7.392162295553357,7.457447460228922,7.479303910816792,7.47728143642756,7.471227490131102,7.4611822728499355,7.447212024630177,7.429407896904977,7.407884402620095,7.382777473057392,7.354242158208932,7.322450015327459,7.287586237667204,7.249846582256802,7.209434161592324,7.16655616915043,7.121420612319987,7.074233128446827,7.025193959901901,6.97449516217507,6.922318114779928,6.868831398132762,6.81418909055176,6.758529528247794,6.7019745579159515,6.644629296690717,6.586582398313704,6.527906807991298,6.468660972252494,6.408890454830533,6.348629895828918,6.287905239764278,6.226736148969474,6.163042596975969,6.095391186919504,6.0247465473258135,5.952034074380168,5.878128846460247,5.8038466860683045,5.7299374272474015,5.65708032789784,5.585881458769734,5.51687281505531,5.4505128415163036,5.3871880438414745,5.327215378913104,5.270845171296988,5.218264384053447,5.169600166405996,5.124923694096073,5.084254395462314,5.047564704664082,5.014785494520263,4.985812312312369,4.9605124758971755,4.938732993469121,4.920309161308459,4.905073584877004,4.892865274453848,4.88353839959549,4.876970255715514,4.873068005106964,4.871773803290551,4.862847162403215,4.835935116933996,4.790672780791415,4.726552305948014,4.643057946009436,4.539827282070634,4.4168166299306595,4.274448903940947,4.113724940064174,3.9362835213025797,3.7444002075463705,3.5409199686860457,3.329123412468238,3.112531397956879,2.8946586980589393,2.6787348596876948,2.4674197259478174,2.262551000568151,2.0649682067980857,1.8744558096026924,1.6898329879722616,1.5091883692888697,1.3302228980899051,1.1506365896107313,0.9684866902522471,0.7824576089931238,0.5920088528052937,0.3973945123994934,0.19956836145113,-4.440115582135095e-7,0.29503305283018383,0.5830528405406763,0.8581215076846381,1.1163112513381444,1.3563502781335195,1.5798294734050233,1.7908472558444917,1.9950648167884422,2.1983209912976904,2.405161886178356,2.617744672885944,2.835466760464573,3.055388754580633,3.273236052582875,3.48462694140715,3.686195458556829,3.8763761827642136,4.055725207230393,4.226744998871458,4.393269619930345,4.559558408466142,4.72932575356552,4.904965234684417,5.087174471145285,5.275056190898905,5.466612340862174,5.659429792635103,5.851319887290269,6.040717274824776,6.226736148969473
-4.440115582135095e-7,0.0598603054975741,0.13542695844536554,0.23695890951173387,0.369219581343409,0.533736946586898,0.7303991416391121,0.9581975965160717,1.2155357712902113,1.5003571563244325,1.8102022860786964,2.1422398440123995,2.4932909846065154,2.85985539462079,3.2381429451422443,3.6241124918934338,4.013518108363629,4.401962252612881,4.784954857122907,5.157976998238487,5.516547602575811,5.85629155592202,6.173007575857449,6.462734274844709,6.721812958724083,6.946945859954521,7.135248680292489,7.284296500609335,7.392162295553375,7.457447460228925,7.4793039108168085,7.481088554498733,7.486419775452697,7.495230001282364,7.50740845206998,7.522803836649955,7.541228001727994,7.5624604171223115,7.586253358774473,7.612337636674943,7.640428707506659,7.6702330110994,7.701454374730507,7.733800338646515,7.766988268542445,7.800751134786522,7.834842852743641,7.869043092701066,7.903161480990037,7.937041125582113,7.970561409652887,8.003640005527927,8.036234069434837,8.068340585108562,8.09999583215231,8.13127396380225,8.16228468901634,8.193170066164827,8.22410043045865,8.255269494825429,8.286888684181323,8.296368412350322,8.253670127724263,8.155654042231928,8.011310197282333,7.835178766090765,7.640156367797965,7.435468189769984,7.227363581804133,7.020146458934813,6.8168999051317885,6.619917617077681,6.430949148432732,6.251338499257517,6.082103685039573,5.923984650820434,5.777475419554884,5.642849855014007,5.520186487343053,5.4093952413967505,5.310247041469083,5.2224059140964485,5.145462311758739,5.0789659231215625,5.02245619283301,4.9754890748958855,4.937659074271848,4.908616253605043,4.888078459988143,4.8758394510426335,4.871773803290518,4.8628471624032,4.835935116933973,4.790672780791395,4.7265523059479975,4.643057946009414,4.539827282070611,4.4168166299306355,4.274448903940928,4.113724940064148,3.9362835213025624,3.7444002075463447,3.540919968686018,3.329123412468214,3.112531397956845,2.8946586980589086,2.678734859687669,2.467419725947782,2.2625510005681146,2.064968206798049,1.8744558096026434,1.6898329879722176,1.5091883692888222,1.3302228980898314,1.1506365896106492,0.9684866902521605,0.7824576089930196,0.5920088528051377,0.3973945123992686,0.19956836145066595,-6.989443915961465e-7,0.44983290780029356,0.9102903693414311,1.3911091017014672,1.9002687461215562,2.4431829235938327,3.0220205378534835,3.6352398294047323,4.277405658627186,4.939329480232465,5.608533607314424,6.270006813108677,6.907191958844669,7.503128878399359,8.041666062401937,8.508651324293348,8.893013339838605,9.187651597116592,9.390060756506385,9.502625722381795,9.532535577273517,9.49127934431472,9.393708759375777,9.256690909125917,9.09743608572409,8.931676093907475,8.771967852825268,8.62645977808041,8.498423304298637,8.38668967308258,8.28688868418132
-4.2905453885844507e-7,0.5806312268956688,1.1618300667442758,1.7446914582564375,2.331226965737328,2.9244997469998393,3.528433907020846,4.14729375719392,4.784906490493368,5.443769945637881,6.124221520595238,6.823831459236833,7.537129932300472,8.2557051268634,8.968644337588032,9.663247411661409,10.325923982145305,10.943185907479778,11.50265509212199,11.994017288407937,12.409860651259434,12.746342364871134,13.003627838827901,13.18604626912885,13.301906834959578,13.362926863737815,13.38324510581961,13.37803918358796,13.36184154102199,13.346744671480494,13.34077456955101,13.336859230244821,13.325123169522753,13.30559619616491,13.278327782643096,13.243386753749228,13.200860854407455,13.150856200375223,13.093496616560731,13.028922868676315,12.957291794904526,12.878775345166954,12.793559536448948,12.701843333436475,12.603837464457111,12.499763183375205,12.389850988663204,12.274339311346399,12.153473183887986,12.027502902335899,11.896682694183816,11.761269404400185,11.621521211945465,11.477696388832443,11.33005211339279,11.17884334892471,11.024321798364237,10.8667349451823,10.706325190674223,10.543329098995853,10.377976766063089,10.247202342320847,10.19678819305169,10.225233969037482,10.309066670069518,10.425729164674038,10.561686362413427,10.70990699523417,10.866813227528858,11.030528797568874,11.19998209925695,11.37443994583003,11.553253290596063,11.735712469954201,11.920963852278078,12.10796452928853,12.29546312624419,12.482000169884042,12.665923948883739,12.845418907195544,13.018544043810497,13.183278923629283,13.33757493224632,13.479409437961893,13.606840606529904,13.718060762231666,13.811446396100768,13.885603171324991,13.939404547093876,13.972022917927642,13.982952433496486,13.970083204269441,13.930473660034366,13.861236495724526,13.75793634579106,13.615098256994,13.42681951655598,13.187411210543742,12.892002395491053,12.537054492452786,12.120751578222952,11.643249715070704,11.10678300864313,10.51563488473736,9.875990276454429,9.195688600755016,8.483899228939073,7.750741147471396,7.006867024734487,6.263029181053697,5.5296412074134755,4.816344504744287,4.131584445480576,3.4821974212779336,2.873009912669174,2.3064571904129223,1.7822460688226165,1.2971147584621203,0.8447770039255724,0.4161574374719381,3.487013659890214e-7,0.5410223406226174,1.1006772288776336,1.6949540164344816,2.335137118756761,3.026634228656336,3.768666490306859,4.55459742950807,5.372660551005137,6.206920264038345,7.038378724311071,7.846185249026463,8.60891636964616,9.305887190950838,9.918441090539998,10.431152606811652,10.832871123945408,11.117531474380781,11.284661194759869,11.33952177243204,11.292832231497034,11.16003908755722,10.960121609574601,10.713964013555888,10.442396705638902,10.164109629508927,9.8937524526427,9.640608042723088,9.408462371919757,9.194641049452848,8.995003374683552
-2.3027899703060927e-7,0.06676674718248632,0.14062159058616128,0.2279488739506273,0.334051234036026,0.46311235417068586,0.6183080331507145,0.8019077726657315,1.0153180063281606,1.259081662847939,1.5328633941662353,1.8354434424042156,2.1647331234764158,2.517817036347519,2.8910220265769917,3.28000994516821,3.679889608442253,4.085342577769387,4.490757145215522,4.8903650691121054,5.278376056594528,5.649105670931726,5.997093189610911,6.31720689158118,6.604735240593283,6.855463384780408,7.065735240474025,7.2325021081096486,7.353359231149706,7.426571926067024,7.451092877296271,7.449192824309393,7.443511005348609,7.4341020933841335,7.421056058799473,7.404496461967389,7.3845781019388435,7.361484060816815,7.335422195273378,7.30662113878424,7.2753258903305005,7.241793077264948,7.20628599134627,7.169069507076883,7.130404999807071,7.090545386891518,7.049730417791615,7.008182337747269,6.966102043956952,6.923665842768359,6.881022901128533,6.838293465724013,6.795567899456864,6.752906558077516,6.7103405011382,6.667873002343733,6.625481796344791,6.583121973487474,6.540729412285055,6.49822462243033,6.455516859702571,6.408778844957263,6.357865280581519,6.303651392738292,6.2469565637586815,6.188537484536084,6.129084103942387,6.069218214064331,6.0094943725697725,5.9504027508331685,5.892373418866453,5.835781542633723,5.780952978736863,5.72816980381968,5.6776754049059255,5.629678872008707,5.584358562841745,5.541864837294596,5.502322072988288,5.465830161356422,5.432465738543444,5.4022834237303465,5.375317320649551,5.351582991034188,5.331080038168705,5.313795350293445,5.299706950659806,5.288788285726807,5.281012661705532,5.2763574301587814,5.274807457663288,5.26456687671865,5.233803763768705,5.182412984046906,5.110279887885471,5.017362230074417,4.903788400603315,4.769958499622892,4.616634447038578,4.445006552692371,4.2567264051329765,4.053899133715827,3.839031698775773,3.6149376485989735,3.3846026863436944,3.151019458769413,2.917004245837894,2.685012531340694,2.456974175117446,2.234170900020033,2.017177386315777,1.8058808931275778,1.5995826447557213,1.3971690390200175,1.197326052568082,0.9987607722573796,0.8003929638750816,0.6014870691957898,0.4017082052751602,0.20110062225261807,-2.3027899703060927e-7,0.07541730951036357,0.15774915622480115,0.25268494756671833,0.3641392549624686,0.49441832792931295,0.6447242878738523,0.8156750542115943,1.0077104744565029,1.2213611050912414,1.4573781295031556,1.7167237110274376,2.0004405534243377,2.309452942009875,2.6443670822611542,3.0053218621201987,3.3919102302427264,3.803166404507226,4.237580753711954,4.696056834575692,5.16878413071895,5.6604720814907425,6.1664510205100305,6.6840842966116,7.2106819580726,7.743423141003232,8.27925759920941,8.814781297002746,9.34582325744912,9.868948502384542,10.377976766063103
3.487013659890214e-7,0.06676674718304008,0.14062159058704674,0.227948873951187,0.33405123403630915,0.4631123541709133,0.618308033150891,0.8019077726658781,1.0153180063282434,1.2590816628480572,1.532863394166315,1.8354434424042902,2.164733123476465,2.5178170363475774,2.891022026577047,3.280009945168252,3.6798896084422883,4.085342577769425,4.490757145215558,4.890365069112133,5.278376056594557,5.649105670931755,5.997093189610941,6.3172068915812085,6.60473524059331,6.855463384780437,7.065735240474053,7.232502108109686,7.353359231149731,7.4265719260670515,7.451092877296303,7.454286527570246,7.463829649560749,7.479609764514372,7.501442722437981,7.529077521855361,7.562202766170035,7.600454493801199,7.643425080514494,7.690672894235069,7.741732383847824,7.796124301012878,7.85336578367877,7.912980067162936,7.974505628988335,8.037504613373029,8.101570417547572,8.166334353117474,8.2314713206464,8.296704454475952,8.361808708116381,8.426613359369156,8.49100341997505,8.554919938434857,8.618359188145762,8.68137073746564,8.744054404913955,8.80655611231395,8.869062661695828,8.931795477798698,8.995003374683558,9.022622755908754,8.968372919568202,8.835794790223463,8.65031627280954,8.4363594780078,8.209228506293675,7.977617940198979,7.746648096348539,7.5195950692843665,7.298758640802772,7.085892766467623,6.8824189084581455,6.689527276527516,6.50821765691217,6.339307413638077,6.183423073234874,6.040986336261826,5.912202153976386,5.7970542180783005,5.69531121926381,5.606545338780148,5.53016267128341,5.465443766294458,5.411591364573754,5.367781790912728,5.33321635819625,5.3071694647307455,5.289030689821561,5.278338944701571,5.274807457663273,5.264200542553595,5.232369774971894,5.179301906122625,5.105028467912022,5.009698000944984,4.893662039883536,4.7575623507522815,4.602406458693927,4.429619503789089,4.241062619140496,4.039010997709497,3.8260883252022864,3.6051581590922237,3.3791771176208636,3.1510194587693854,2.9232877247523192,2.6981291914034653,2.4770818624940345,2.2609749634584833,2.049905303336844,1.8433012004945364,1.6400706404005825,1.4388133605186384,1.2380628156660183,1.036518054541506,0.8332290833425829,0.6277103917505384,0.41997194347054856,0.21047111003833288,-4.2905453885844507e-7,0.30842295723446317,0.6095142000836191,0.897099696088285,1.1671864704850463,1.4186919942838272,1.653702104240332,1.8771039737819288,2.095542693809814,2.3158544354720907,2.5433817325170183,2.7807140702407227,3.0272669871451074,3.2797604567561263,3.5333170523324755,3.782761539056704,4.023760018643025,4.253574654595313,4.4713625444450695,4.675094951268354,4.874201699022837,5.063651292508503,5.247169323277668,5.425358769310698,5.5976723913572375,5.762752340090278,5.919062483957959,6.065623885348184,6.202616354895579,6.33164030013947,6.455516859702566
-5.269376593756051e-7,0.5211909311323549,1.042627561630343,1.5650364706685826,2.089989213458972,2.62004985121474,3.1586419551637506,3.7096255568580787,4.276640104282984,4.8623295816202585,5.467599974607647,6.091053743296215,6.728703513642142,7.3740054950514535,8.018194362366838,8.650860721831075,9.260693474677488,9.836307437899846,10.367083632900911,10.843959204484278,11.260112300904138,11.611493240524693,11.897157401353775,12.119359123121198,12.283372147728702,12.397014410798517,12.469877618016728,12.512298348828699,12.534156789882218,12.543643264691706,12.546173938027016,12.542689890925027,12.532246717137028,12.514871262551155,12.49060808188468,12.45951915763383,12.42168350978412,12.37719669944359,12.326170230438557,12.268730853767641,12.205019780641171,12.135191810631794,12.059414382224151,11.977866553768289,11.890737923507578,11.7982274979576,11.700542518451519,11.597897256130311,11.490511786033217,11.378610751229042,11.262422128110634,11.142176004048673,11.018103378558436,10.89043499897341,10.759400241341469,10.625226046872866,10.488135923796007,10.348349023970293,10.206079303179441,10.061534773957742,9.91491686078402,9.787888175337875,9.718144695121346,9.710686938731614,9.754569548191402,9.833639946003203,9.935431246995964,10.052324964235671,10.17997994394018,10.31589576419946,10.458526593665034,10.60677959970292,10.759733222889187,10.916477988887074,11.076027843078904,11.237274344651958,11.398968515897037,11.559721531175176,11.718018774702799,11.87224359312287,12.02070805729441,12.161688602985192,12.29346474128044,12.414359228079045,12.522778223223732,12.617250091779601,12.696461623685204,12.759290582971206,12.804833646204983,12.832428949930414,12.841672635155142,12.829112642457186,12.790465925261845,12.722953616352891,12.622330178412152,12.483401781013875,12.300645775673914,12.068853771077643,11.783728387965873,11.442379913634225,11.04368846949539,10.588515793326184,10.07976598243139,9.522305811988211,8.9227628046671,8.289223769600643,7.630858762467104,6.957495899606028,6.279171555643972,5.605678417875046,4.9461308507406025,4.308563305756293,3.6995735788595323,3.124019411944204,2.584775528284378,2.0825601552737654,1.6158462248029541,1.1808811299298954,0.7718443116811351,0.3811651522673559,-2.9249433725662446e-7,0.05752397400865466,0.12703549235885553,0.21676417218051078,0.3307594760914743,0.4703678445130736,0.6355767961610272,0.8257875131400072,1.0402059446380179,1.2780429241925684,1.5386195584441442,1.8214014018918039,2.1259514370632626,2.4518098476642307,2.798345184287615,3.1646013829915924,3.5488160578554364,3.959651234506929,4.372908497451535,4.804406662449191,5.248170994829502,5.702042242163964,6.164098362000887,6.6325128760415915,7.10549342460581,7.581191170333226,8.057574346472164,8.532274974578703,9.002533350132236,9.464748707943212,9.914916860784029
-2.9249433725662446e-7,0.06056511096931164,0.1312895690293657,0.22014720014633585,0.33236642398371435,0.4710526430822941,0.6379336420104071,0.833818800181725,1.0588051866103783,1.3123443864939823,1.5932514166970817,1.899700677259581,2.2292312166606654,2.5787710380234015,2.9446832859099743,3.322833305454018,3.708673411745582,4.097341067860422,4.483765689169601,4.862779270735334,5.2292263503585446,5.578069383942219,5.904486348585746,6.203958233130358,6.47234495744825,6.70594911330669,6.901567677592092,7.0565324575656625,7.168740445142574,7.236675458020767,7.259422425862395,7.261973711157372,7.269596117162368,7.2821961325120945,7.299620664329467,7.321661058007868,7.348058495557356,7.3785105636239985,7.412678748979539,7.450196601296567,7.490678299801933,7.533727370061297,7.578945316926536,7.625939966375779,7.674333339396981,7.723768912356952,7.773918148173716,7.824486209465775,7.8752167877630495,7.9258960015257,7.976355330332835,8.026473563759849,8.07617775200631,8.125443152260807,8.174292171136857,8.222792310298988,8.271053130523372,8.319222259627416,8.36748048240286,8.41603596592061,8.465117690623531,8.488587372095745,8.451241613006857,8.350433133291537,8.199368542108736,8.01633177330058,7.815753882698689,7.607014712710281,7.395981029390297,7.186413926681253,6.980830533943534,6.780986991912799,6.588148461871006,6.403244573002067,6.226963306852368,6.059811733765691,5.902159145810867,5.754271149867442,5.61633921036323,5.488507555737554,5.3708976654326595,5.26362948608178,5.166837993803077,5.080683675553332,5.005355886011339,4.941068752253955,4.888050213300883,4.8465257331548575,4.816699040093765,4.798732759267697,4.792731897889116,4.783869888774283,4.7571471648886,4.712185573634178,4.648456987425265,4.565422320932202,4.462700939140586,4.34025109248957,4.198541451942411,4.038692710961581,3.862566066087064,3.6727755031549902,3.4726071723771503,3.2658405963952837,3.05647825836545,2.8484007939271305,2.6449776123951065,2.4486797288200113,2.260759865447371,2.081074585213989,1.9081112005660854,1.739241611358653,1.5711657198495357,1.4004540704927764,1.2240779648064417,1.03983205417328,0.8465948338377822,0.644414951672422,0.43444191889261385,0.21873630423384716,-5.269376593756051e-7,0.3105478076568725,0.6103671179495771,0.8903353527245536,1.144399417787011,1.3707175695363896,1.5722380420185806,1.7564176083468113,1.9338259877806427,2.1156698928001543,2.3108348721545693,2.5235437613967604,2.75260809167982,2.992435429646884,3.2351290357256794,3.472807448548894,3.699860662136896,3.9028215674349003,4.104012801494521,4.288333289833433,4.4641628867970224,4.636504459544167,4.809292605930886,4.984592904248958,5.162300937639834,5.340503033863875,5.5163401523037905,5.687059439316443,5.850913940101603,6.007649538227275,6.158450295082133
4.7454329238961217e-7,0.0605651109702465,0.13128956902968056,0.22014720014670813,0.33236642398342825,0.4710526430819743,0.6379336420100676,0.8338188001812854,1.0588051866099677,1.3123443864935471,1.5932514166966338,1.89970067725916,2.229231216660265,2.578771038023017,2.944683285909604,3.3228333054536607,3.7086734117452465,4.0973410678601025,4.483765689169294,4.862779270735047,5.229226350358265,5.57806938394196,5.904486348585501,6.203958233130117,6.47234495744802,6.705949113306477,6.901567677591883,7.056532457565453,7.168740445142364,7.2366754580205646,7.259422425862189,7.2575304880359015,7.251869230907742,7.242482076441865,7.229440574643269,7.2128431866221066,7.192813606938781,7.169498651543383,7.143065745447564,7.1137000522119616,7.081601295309896,7.046980329282182,7.010055526110167,6.971049049114352,6.9301830925872245,6.887676169898687,6.843739535554082,6.798573827232183,6.752366011819227,6.70528671460534,6.657488002966547,6.609101685020283,6.560238170098742,6.510985921810417,6.4614115165137775,6.411560300926812,6.36145762316698,6.311110592639239,6.2605103067277,6.209634466983645,6.158450295082135,6.102593101433528,6.0427569933739775,5.979916160192333,5.91498128706697,5.848784194684047,5.782066150284479,5.715470385682791,5.64953914850925,5.584715358229099,5.5213486570107095,5.4597053620808484,5.3999815685085375,5.342318445812599,5.286818639638268,5.2335626442495755,5.1826240566194,5.134082752910736,5.088035229032822,5.044601597674036,5.003929009058615,4.966191534466702,4.931586795539043,4.900329820151821,4.8726447477901855,4.848755093673903,4.828873317846783,4.813190441843842,4.80186641848459,4.795021893146712,4.792731897888917,4.784181878518528,4.758359002267146,4.714784861312602,4.652789047423166,4.571677811676037,4.470930630871628,4.350393485835878,4.210439282330176,4.052073504182757,3.876974956264908,3.6874718839501965,3.4864576824610265,3.277249040453899,3.0633888757919365,2.848400793926971,2.6355105908177427,2.42736151906287,2.2257613641293563,2.0315071270357157,1.8443316085519756,1.663000182551619,1.4855554610557389,1.3096708683463107,1.133045736369149,0.9537662018260731,0.77056966782656,0.5829779365250509,0.39129462393515235,0.196488428145181,4.7454329238961217e-7,0.5009379608765457,1.0141383095754448,1.5507993105226752,2.1200021734453323,2.7277244150248876,3.3760210197179523,4.062487490421843,4.7800925719953264,5.51741987511439,6.2593064297912395,6.987824076810982,7.683519846147763,8.326813090775339,8.899438288273023,9.385821562231389,9.77428483219411,10.057982720587663,10.23549239357033,10.310993946761224,10.293998132524896,10.198600504914461,10.042271034925276,9.84423400934468,9.623562872857086,9.397207813062503,9.178267017406505,8.974857402697813,8.78976346640692,8.62146569005299,8.46511769062352
-2.1608820516202353e-7,0.05634031689811092,0.13043847566950423,0.23288799729200915,0.3677859359958446,0.5358376083041299,0.7361652461603085,0.9670597701429657,1.2262872332802486,1.5112295140196896,1.8189619796554728,2.1463054013189993,2.489866337401382,2.846071886906741,3.211201638234257,3.581418497386139,3.9527996562405887,4.321368775635313,4.68313030822119,5.034106688664757,5.370378846627071,5.6881301548091825,5.983693532271443,6.253601014503776,6.494634712850524,6.7038777526065125,6.878763532355408,7.017121510147826,7.117217708562643,7.1777882438518725,7.198064417335198,7.195937314364884,7.189572828100359,7.17902110866538,7.1643646860704555,7.145716910426338,7.123219809292812,7.097041403255962,7.067372532536119,7.034423258949605,6.9984189186708745,6.959595911667681,6.918197323026943,6.874468479191256,6.828652547868332,6.78098629351547,6.731696100315586,6.680994370996448,6.62907640237376,6.576117826974674,6.522272694601933,6.467672248570107,6.4124244291881265,6.356614112731973,6.3003040687043415,6.243536592803651,6.186335748957467,6.128710132195393,6.070656046078543,6.012160974675367,5.953207220202992,5.886247722693211,5.815130419087538,5.740968883127178,5.664833136313675,5.587729570944709,5.510584757827119,5.434233609946044,5.359412070901348,5.286754179785929,5.216793063807453,5.149965159600612,5.086616793996884,5.027012186728992,4.9713419798052865,4.919731543937917,4.872248538500818,4.8289094724287285,4.7896852867758986,4.754506213376393,4.72326632421542,4.695828252845421,4.6720285400500705,4.651683945788063,4.6345989056634025,4.620574123765266,4.609416107391283,4.600947267916887,4.595016026088866,4.591506168025945,4.590344542564938,4.581176385435991,4.553614656356905,4.507511699993745,4.44269852653437,4.359089370471176,4.256807326400096,4.136313440057886,3.998520482912015,3.844873498994325,3.6773817463487095,3.498590387066791,3.3114848570951017,3.119326311646308,2.9254234569920143,2.7328553281118175,2.5441716412736692,2.3611110556913406,2.1843888361769337,2.0136068968920298,1.8473240997500653,1.683292097341725,1.5188212736203506,1.3512088260396746,1.178149948384018,0.9980644250041079,0.8102940352850235,0.6151484036236773,0.4137965871229704,0.20803326457443133,-2.1608820516202353e-7,0.28163609428379904,0.5565104619056906,0.8188797721866208,1.0649364939860018,1.2934811740855483,1.506178797439126,1.7072495214782162,1.9025327758089108,2.0980472194234463,2.298415581250844,2.5057053027695004,2.7192997395960896,2.938786390336309,3.1185693035647293,3.3331430329269187,3.5243461431551837,3.6999922503377083,3.86231428890302,4.015273500378889,4.164382596461664,4.3156015774469205,4.47399517938803,4.64259479691533,4.821828755721117,5.009687334408476,5.2025234162470815,5.3961834334565975,5.587096704403123,5.773012822862815,5.953207220202992
-1.7494451344781188e-7,0.462460797131483,0.9223599765162788,1.377827122650737,1.828275754475644,2.2748010146260054,2.7202956370602003,3.169225230628232,3.6270571033563486,4.099412112294687,4.5910857027504,5.105129879356852,5.642177034572954,6.2001208394410945,6.774178194590101,7.357276988253783,7.94066989428158,8.514665451483367,9.069381283104521,9.59544602948258,10.084597122150308,10.530137648594948,10.927227778163132,11.272996592714795,11.566470830995453,11.808329546148546,12.000508546026854,12.145695020083275,12.246768773681424,12.306258483936933,12.325885279556637,12.322688998040707,12.313108368637142,12.297167991008203,12.274908712273508,12.246387399413305,12.211676622391153,12.170864249754612,12.124052958973923,12.07135966428021,12.012914865265616,11.94886192000628,11.87935624696619,11.804564460432994,11.724663444724273,11.639839372884067,11.550286676059267,11.456206970202775,11.357807947190196,11.255302237853888,11.148906254829056,11.038839023462609,10.92532100935408,10.808572951368415,10.688814709181267,10.56626413458157,10.441135975862837,10.313640824689978,10.183984114849585,10.05236518232725,9.91897639631508,9.79849754373885,9.712117185678004,9.667800750430635,9.665706145710619,9.69924807480702,9.759775444602422,9.839947075434274,9.9345764313953,10.040245394266623,10.154700948444114,10.276370317947606,10.404030899049932,10.536599057620663,10.673000142191233,10.81209304709156,10.952632050219584,11.093254725425366,11.23248835467839,11.368769410574513,11.500472002123164,11.625942057508928,11.743534659366771,11.851652450923519,11.948783441075168,12.033536873956425,12.104676105210524,12.161147652222496,12.202105768615356,12.226932044283476,12.235249660605737,12.219572738786814,12.171824825373553,12.089949212009866,11.970820208231812,11.810651719525485,11.605489815726928,11.351729489213579,11.046599709889131,10.688571689548876,10.277659448103867,9.815596266467049,9.305883405519387,8.753717634077251,8.16581149002583,7.550125063475688,6.91553083231023,6.271434050592819,5.627370633988587,4.992602548814817,4.375727496007297,3.784315361268676,3.2245789149868846,2.7010816168678473,2.216483196874372,1.771327477866546,1.363890947219494,0.9901355890759928,0.6438324314871249,0.31690916995598717,-1.7494451344781188e-7,0.41757855395450544,0.8478178088284182,1.3020383159416522,1.7890453600844356,2.3142503668860277,2.87914761096133,3.4811343443956213,4.113631999388107,4.766468143611218,5.426488328131187,6.078369104150548,6.705596105351288,7.2915579496454495,7.820692438067041,8.279609544568018,8.65810790738471,8.949998714992581,9.153653219692387,9.272197934562463,9.313296237920884,9.2884800205661,9.212035992134902,9.099514741545454,8.96601751558662,8.824511039807835,8.684487075519211,8.551231115321121,8.426070193106149,8.307036801589119,8.190478193310943
-8.419107155094917e-8,0.056340316898642634,0.13043847566929245,0.23288799729210635,0.3677859359959231,0.5358376083041921,0.7361652461603796,0.9670597701430307,1.2262872332803036,1.5112295140197423,1.8189619796555265,2.146305401319055,2.4898663374014425,2.8460718869067967,3.211201638234316,3.5814184973861933,3.952799656240645,4.321368775635374,4.683130308221242,5.034106688664813,5.370378846627123,5.688130154809234,5.983693532271493,6.253601014503827,6.494634712850575,6.703877752606566,6.87876353235546,7.0171215101478746,7.117217708562695,7.177788243851924,7.198064417335248,7.200045326447056,7.205968195130415,7.215773835799842,7.229364886426317,7.246607699841777,7.267334917506096,7.291348660874136,7.318424260188825,7.3483144307736135,7.380753800764237,7.4154636914833825,7.4521570518819535,7.490543451056851,7.530334037151504,7.571246376302335,7.613009091135486,7.655366224181418,7.698081257143363,7.740940722062716,7.783757345053027,7.826372667539649,7.86865909406897,7.910521320049962,7.951897097628518,7.992757303664025,8.033105280869988,8.07297543194828,8.112431057268717,8.15156143947672,8.190478193310947,8.211238681369661,8.18773840071482,8.114208992553445,7.992758879815624,7.832287667455785,7.6437822867331535,7.436909749521471,7.219136123092636,6.99607223653944,6.7720329273755,6.550475049857696,6.334278739333223,6.125908842901888,5.92749545057237,5.7408620325212585,5.5675211235265305,5.408652422588058,5.265075487155854,5.137227557473947,5.02515539147525,4.92852767556725,4.846671426719065,4.778632113312529,4.723253629638098,4.679271472364728,4.645410992517026,4.620482559599603,4.603466621633713,4.5935834783404506,4.590344542564931,4.581631124991413,4.555413701659338,4.51148431146175,4.449571122798517,4.369438319337016,4.271003979650143,4.154459127050462,4.020371812220994,3.8697625867625365,3.7041411598880534,3.5254977344901777,3.33624617217705,3.1391197396496278,2.9370239582910234,2.7328553281118135,2.5292996690144767,2.328629415147015,2.132524583729269,1.9419454552077293,1.7570835280858137,1.577408571557584,1.4018132507418668,1.2288361619533859,1.05692561849487,0.8846966113909055,0.7111348990632522,0.5357136786133478,0.358407089228826,0.17960993376203588,-8.419107155094917e-8,0.0641437910120128,0.1419652052874984,0.24308807743186944,0.3725902276768246,0.5325092617705143,0.723178720442234,0.9439604828123612,1.1936012728996959,1.470419203110288,1.7724096363479729,2.097263146430672,2.442113442802564,2.80115220527174,3.21219972914183,3.592918916239616,3.99498430489984,4.40652860691391,4.824248025180848,5.246015700015422,5.67034977725786,6.096303953427522,6.5233697133362085,6.951332136085367,7.380076370705972,7.809359684440772,8.238572398478906,8.666551572245837,9.09127644657762,9.509989494684499,9.918976396315088
-4.6999276365246006e-7,0.06582753222213894,0.14347470933432616,0.24194090286360484,0.3667940746188328,0.5210609367495893,0.7061970946404149,0.9226652778689003,1.1701987450238862,1.4478969862513131,1.7542494066406797,2.087137491402039,2.4438402943431057,2.821054663051937,3.214934464988692,3.621149097444316,4.0349592757977275,4.451306798111824,4.864914328939229,5.27039103846479,5.6623400546570215,6.035464049486932,6.384665814469433,6.705141321798492,6.992463455043844,7.242655271343948,7.452252274259953,7.61835369006404,7.738663118446671,7.811519153450215,7.835916639421569,7.833809258322934,7.827503479064931,7.8170480706479895,7.802523244396307,7.7840390718693255,7.761733316680804,7.73576872667819,7.706329845696823,7.673619416328342,7.637854456550598,7.599262103304777,7.558075324756101,7.514528609564837,7.468853745530813,7.421275800973305,7.372009419743834,7.321255534522216,7.269198592851473,7.216004376258786,7.161818475048336,7.106765460440114,7.0509487723978825,6.994451316666798,6.937336739296322,6.879651322390323,6.821426422129001,6.762681350270221,6.703426584224239,6.643667179046181,6.583406247699157,6.522161619070375,6.457229981460216,6.389572943241282,6.320100767962684,6.249669224504183,6.179078318228494,6.10907222819792,6.040339716899997,5.973514292253018,5.909173492729782,5.847836834492889,5.7899621955245575,5.735940697348631,5.686090451669033,5.640649830271493,5.599771150623784,5.563515807515035,5.53185189325221,5.504655222661441,5.4817144227212475,5.462740388904249,5.447379994784649,5.435233516680294,5.425874844371801,5.418873228659194,5.4138151211323216,5.410324734915334,5.408082570786182,5.406842323871052,5.406446977946862,5.396007775075264,5.364620662810449,5.312100175519919,5.238210777752589,5.14276641295748,5.025750053125396,4.887437179188173,4.728506867230559,4.550125770970229,4.353993253645958,4.142339668563005,3.917873869935271,3.683680219172884,3.443069649725593,3.199394037347538,2.955838833748412,2.7152176621433344,2.4798154320851564,2.251456196234482,2.0327481194817167,1.826089517854261,1.6276523435561636,1.4333765448950044,1.2398479834526084,1.0442037739732957,0.8444275221850325,0.6395522671437748,0.4296927964211491,0.21591803289449757,-2.9744378606130657e-7,0.4836634302205472,0.9808094602291033,1.5034135453225088,2.0606369598387992,2.6578770985888585,3.2962484949808717,3.972474949225053,4.679115571589921,5.405040098366352,6.136091640676891,6.855900345092469,7.5468238477207095,8.190988336421285,8.77139284611253,9.273025310739593,9.683926293682914,9.996127416502166,10.206386771670475,10.31664250214474,10.334107656566248,10.270935116192854,10.143394967474034,9.970537870106028,9.77238191706677,9.567770501566747,9.37219755340158,9.196035205442158,9.042223626591312,8.913343782141506,8.799537902809586
-4.0080885991068063e-7,0.06582753222248601,0.14347470933464257,0.24194090286357753,0.366794074618718,0.5210609367496112,0.7061970946404308,0.9226652778689103,1.1701987450238776,1.447896986251301,1.7542494066406662,2.0871374914020273,2.443840294343099,2.821054663051917,3.214934464988698,3.621149097444306,4.034959275797719,4.451306798111813,4.864914328939215,5.270391038464786,5.662340054657015,6.035464049486927,6.384665814469427,6.705141321798484,6.992463455043841,7.242655271343943,7.452252274259946,7.618353690064036,7.738663118446684,7.8115191534502175,7.8359166394215745,7.838044532826246,7.844401619924262,7.854908753289992,7.869436106023236,7.8878062280232175,7.909798185505649,7.935152654737357,7.963577817461515,7.99475589001036,8.028350110592894,8.064012008985749,8.101388788630429,8.140130661430709,8.1798979887359,8.220368096554633,8.261241647658178,8.302248466900474,8.343152728157863,8.383757421487191,8.423908027461454,8.463495332502662,8.502457324963098,8.540780117456261,8.578497847376601,8.615691515593683,8.65248673387851,8.689050365543292,8.725586061711828,8.762328717966671,8.799537902809575,8.804246568313237,8.732258038677882,8.588762686385191,8.398095771102556,8.182370817484122,7.955330022008659,7.724996789704901,7.496352270096933,7.272800231072905,7.056889654059948,6.850668410166849,6.65585350551613,6.473904352675963,6.30604109284021,6.15323088098874,6.016157110021192,5.895183364350305,5.790322374482567,5.70121880173286,5.627152550400058,5.56706632424314,5.519617640742636,5.483252116833441,5.456292209431942,5.437034179409901,5.423845905767512,5.415258922716227,5.410048962587732,5.407299870472448,5.406446977946874,5.397607624559826,5.370810649355133,5.325270583024516,5.259841251412963,5.173234050422968,5.064277032693814,4.932179733417013,4.7767707272960624,4.5986807900195865,4.399452164928571,4.181562089303523,3.94835541531689,3.7038866594113884,3.4526766355208642,3.1993940373475436,2.9484791203648877,2.7037345021792176,2.4679054783473187,2.2421615882616615,2.0246220673693798,1.8114175103002883,1.6030954003672255,1.3992838273287325,1.1986164705229143,0.9996150491362472,0.8010215575047778,0.6019704375991317,0.4020519258031214,0.20128205124489754,-4.6999276365246006e-7,0.29486576341565623,0.5858231919235753,0.8695850471194537,1.1440104109897298,1.408434820126838,1.6637191949666883,1.9119760972296278,2.156006348298432,2.3985642413048893,2.641631176871185,2.8858828997284087,3.130478950753091,3.3732116851099945,3.610964326004924,3.840367109655808,4.0585123938989796,4.263589315991867,4.455460979173585,4.634959320575093,4.805489175106558,4.97061726493763,5.134395533761297,5.300393050860687,5.471102772482592,5.647636308396085,5.8297639008158635,6.016240212798133,6.205268166241265,6.394924525790035,6.583406247699151
-2.9744378606130657e-7,0.5626086164650926,1.1221852517303403,1.676375758805699,2.2240784565552207,2.7658178258821637,3.3038350469962805,3.841845487733523,4.384466432029264,4.936387233698363,5.501420911958227,6.0816154469682395,6.676595214741693,7.283248442083972,7.895796887917167,8.506208976547049,9.104868514374406,9.681392725206628,10.225497856843644,10.727826317159918,11.18066700391368,11.578515656415018,11.918433999735804,12.200176789246063,12.426067264536796,12.600616897220073,12.729907044341495,12.820778918784137,12.87991174106616,12.912900334943753,12.923462298179215,12.919421503106662,12.907311961198827,12.887172120380965,12.859065787628603,12.823081721185252,12.779333062810258,12.727956613216628,12.669111954785953,12.60298042659185,12.52976395772681,12.449683765913864,12.362978929391897,12.269904841094991,12.170731555196134,12.065742037153221,11.955230329471036,11.839499646471362,11.71886041242783,11.593628258461857,11.464121994587384,11.330661574215288,11.193566069254604,11.053151674647928,10.909729761719479,10.763605000061473,10.615073567803691,10.464421469972052,10.31192298422303,10.157839252550101,10.00241703667257,9.879299835926615,9.828590601741107,9.847835044535973,9.915403597674102,10.011829521460749,10.125927373509343,10.25210612211704,10.387654559531505,10.531234446382502,10.68211210289259,10.83975559768804,11.003613065617138,11.17298735686537,11.346967451871802,11.52439713509349,11.703870341345938,11.883746565468046,12.062181512718055,12.237169019317875,12.406590767681895,12.568270713780228,12.720031530451612,12.859750769393258,12.985414842831272,13.09516930201665,13.187364225741684,13.260593818041308,13.313729548235607,13.345946352746262,13.356741564610807,13.337689491879887,13.279837380796199,13.181198342691433,13.038782296702129,12.849030238471627,12.608336814196303,12.313596312981831,11.96271078935608,11.555010165669444,11.091549221268442,10.57526212090342,10.010969375542276,9.405243788149129,8.766150794285071,8.102884943515988,7.425328572098616,6.743561504461028,6.067352333423639,5.405662779609991,4.766196927592798,4.155026561871628,3.576321679263254,3.032210269259776,2.5227820077411205,2.0462353918127123,1.5991476347998763,1.1768251492577313,0.773676928875208,0.38355198655356554,-4.0080885991068063e-7,0.06379907786846924,0.13711370613631818,0.2268833784430539,0.3369960247565444,0.4693525626802418,0.6250487844169612,0.8050585144237101,1.0104264987740843,1.2421527460417985,1.5009472797828443,1.7869916699129267,2.099789182698489,2.438128422117155,2.800143012812931,3.1834344258773766,3.5852314621291015,4.002571069586508,4.432347042254535,4.872352236556856,5.319665536321661,5.772708228597051,6.230291042215588,6.691814336933352,7.157126289998243,7.626277090095463,8.099189377236517,8.575282287285258,9.054502803491117,9.53020183622244,10.002417036672554
-4.912841132998714e-7,0.5192107839017461,1.0365792303198087,1.5508024568446812,2.0615595156646322,2.5697687084147702,3.0775922838548793,3.5881574997617447,4.1050149392768365,4.631413840011565,5.169523000586564,5.719745715956737,6.280258402835843,6.846851597020111,7.413088379832076,7.970740297099382,8.510427002887322,9.022374108381902,9.497207392762476,9.926712316859032,10.304499503857748,10.626526528564897,10.891433614013676,11.100657035547897,11.258291706678763,11.370686927900307,11.445780247240949,11.492206322304725,11.518259522746153,11.530833364809276,11.534492206618944,11.530871006588741,11.52001918046125,11.501971970798865,11.47678785124895,11.44454813224346,11.405356412253811,11.359337877889795,11.306638457091251,11.247423830635045,11.181878308169312,11.110203575996813,11.032617324856526,10.949351767000408,10.860652052925204,10.766774599196435,10.66798533988332,10.564557915200677,10.45677181201365,10.344910471884358,10.229259383304505,10.110104175639325,9.987728733072906,9.862413347460034,9.734432929416505,9.604055297178935,9.471539562696787,9.337134634047544,9.20107785255932,9.063593781969635,8.924893165559052,8.814553992397935,8.772363453764092,8.793620745320744,8.856207474548269,8.942368944637487,9.042760920362577,9.153058361803575,9.271342376280172,9.39677256378359,9.52893741522001,9.667521039489333,9.812123014233208,9.962159628843942,10.116813689379311,10.275016615977687,10.435453715207466,10.596586646032595,10.756688530072106,10.913887904112464,11.066218223696914,11.211670082971152,11.348243772972614,11.47400025641662,11.587109069838744,11.685892050700454,11.768862112160122,11.834756545626325,11.882564523245735,11.911548607116895,11.921260160181992,11.905110422684407,11.856002408977133,11.772053529394254,11.650425109499993,11.487725801318323,11.280496110211908,11.025713420720203,10.721260634337938,10.366312262574917,9.961606054776546,9.50958292698039,9.014391081128236,8.481760833355057,7.918764684993518,7.333482907804159,6.73459888917544,6.130951206575824,5.531071285999585,4.942736781238451,4.372571442957512,3.8257217590150283,3.305638026720251,2.8139812717368993,2.350666077483965,1.9140325197897217,1.5011199971850517,1.1079968868412116,0.7300897619554093,0.3624604666891818,-4.912841132998714e-7,0.4645377825792879,0.9390933120308407,1.4327844649994845,1.9529553602813043,2.504384716647878,3.0886577968027096,3.7037769434636485,4.344054547546635,5.000297753370772,5.6602690904132595,6.3093911784175045,6.931651441369716,7.510651230767834,8.030733025167306,8.478111036389018,8.841925944983474,9.115143979065376,9.29522361972119,9.384478915816956,9.390076136930213,9.32361131023803,9.200234429010054,9.037320896511561,8.852754633167109,8.662988064162127,8.481168179042394,8.315713950680442,8.169744377361512,8.04133672153993,7.925278905087927
-4.734168825373536e-7,0.05971116324756795,0.12764965004640705,0.21069416577191596,0.31387974322153184,0.44063878996657657,0.5932239081314205,0.7730064989991916,0.9806175733908054,1.2159892180502025,1.478353995215471,1.766238701810851,2.077471655747169,2.4092117224937555,2.758000893419466,3.1198386092975112,3.490274049566535,3.8645116289591437,4.237524597645676,4.604171727846462,4.959312469076574,5.2979165837551125,5.615165067167017,5.906540045898474,6.16790227070373,6.3955557061427735,6.5862995053981575,6.737468286854817,6.846962054612706,6.913267301514567,6.935470795923534,6.933763807641473,6.928654838022384,6.920179648540015,6.908397099001657,6.8933880500167515,6.8752538591904075,6.854114503415777,6.830106368322492,6.8033797541170635,6.774096154534166,6.742425372179348,6.708542538929314,6.672625113990138,6.634849934420176,6.595390393140812,6.554413817465095,6.512079116817218,6.468534761531417,6.423917145457678,6.378349373736973,6.3319405038515235,6.284785253336852,6.236964171906049,6.1885442598032405,6.13957999863756,6.090114746413719,6.040182435593128,5.989809502328114,5.939016966940805,5.887822580562348,5.837031104582773,5.783113272994043,5.726850255147626,5.668962689952016,5.610113596580647,5.550913723868161,5.4919282747752085,5.4336838532100264,5.376674497570698,5.321365792436994,5.268196281634596,5.217575727724144,5.169880150255311,5.12544399337531,5.084550179458582,5.04741915110717,5.014198242035275,4.984952810193632,4.959660494110202,4.938209720173789,4.920403224426497,4.9059669074151255,4.894563872751408,4.885813059578595,4.8793114961295965,4.874658883027516,4.871482956361774,4.869463886785374,4.868355873667624,4.868004149402588,4.859875813677771,4.835253019359913,4.793468386396378,4.733555727289655,4.654445682223711,4.555197411296015,4.435233568327398,4.294545795380058,4.1338402356536905,3.95459717408068,3.759032041156346,3.5499738677990376,3.3307044267156947,3.1047886687314503,2.875888298098853,2.6475414554495598,2.4229146849160506,2.2045552722054484,1.9941820626000313,1.7925549439780974,1.5994574853993715,1.4138108006875354,1.2339098396583807,1.0577430377917396,0.8833342477981418,0.709041541939331,0.5337617451301858,0.3570148347628101,0.17890819845140424,-3.714387698824032e-7,0.2863226991045404,0.566014722798586,0.8334238620367325,1.0847437156155662,1.3186437862008733,1.53652217682972,1.7422534329571906,1.941376570458907,2.139822597664809,2.342480807511589,2.552031854637257,2.7684130820995625,2.9890373076589944,3.2096132748633863,3.4252643834015903,3.6316395790498555,3.825790889189379,4.006705699408807,4.175038836188485,4.333897393534989,4.486536160022954,4.636758552545652,4.787674973695506,4.941183167610857,5.097779173152608,5.256755644677474,5.416678938499601,5.575953786693071,5.733275128586089,5.887822580562344
-3.714387698824032e-7,0.05971116324845519,0.12764965004682363,0.2106941657721624,0.313879743221784,0.440638789966743,0.593223908131543,0.773006498999275,0.9806175733908651,1.2159892180502636,1.4783539952155096,1.7662387018108965,2.0774716557471753,2.4092117224937772,2.758000893419484,3.119838609297531,3.4902740495665476,3.8645116289591646,4.237524597645694,4.604171727846473,4.959312469076584,5.297916583755121,5.615165067167031,5.90654004589849,6.167902270703743,6.395555706142786,6.586299505398165,6.737468286854831,6.846962054612718,6.913267301514582,6.935470795923549,6.937723264386869,6.9444508320490606,6.955564763382784,6.970919727167218,6.990317532755523,7.013512157401728,7.0402158788297236,7.070106296898787,7.102834011178594,7.138030717045683,7.175317489977459,7.214313043691161,7.254641769899867,7.295941392963043,7.337870099097049,7.380113025066836,7.4223880139717044,7.464450565034408,7.506097919928391,7.547172240320909,7.587562840529468,7.627207446299723,7.666092456698985,7.704252192041428,7.741767117685301,7.778761042465847,7.815397302310942,7.8518739548737635,7.888418030160208,7.925278905087923,7.929908938215341,7.862829963009904,7.731228762786473,7.55969831052689,7.36842085922521,7.169081258774696,6.9682143342249425,6.769770802114162,6.5763957202614165,6.3900284142211285,6.212187579087919,6.044107015263378,5.886796155308247,5.741060707074818,5.6075021472671125,5.486507503275229,5.378237420701663,5.282618551562364,5.199344738287626,5.1278898612284225,5.067533465414227,5.0173985029449755,4.9764989436892835,4.943793847464269,4.918243908861165,4.898866514919301,4.884785906015324,4.8752759159843375,4.869793753883711,4.868004149402571,4.859446730990637,4.833602287678742,4.7899881405877585,4.72790779946887,4.646596565043369,4.545396172507596,4.4239365892777505,4.2823054292123,4.1211915850746985,3.941996546905887,3.7469057463437063,3.5388943683257517,3.321624450113256,3.099211583766836,2.8758882980988285,2.655613605404741,2.441674042286168,2.23632352211756,2.040521686322758,1.853835792373227,1.6745532084555372,1.5000063959952816,1.3270540137690707,1.1526173295910254,0.9741620475184963,0.7900426452539463,0.5996712087947899,0.40351412225730326,0.20294596719273053,-4.734168825373536e-7,0.07754133285281609,0.1583429237440056,0.24545350423075651,0.3416874044619612,0.44979193313053856,0.5726404681477237,0.7132846836192476,0.8748133040084439,1.0600736803731972,1.2713546405449077,1.5101174711433545,1.7768295586606009,2.0709194771461417,2.3908418946838377,2.734224898125127,3.0980725993248908,3.4790017760274434,3.8734741578664145,4.278405403516622,4.690287793202535,5.107025128258405,5.526811669514173,5.948585324487161,6.371882722288795,6.796625848753543,7.222817645529095,7.650179272585128,8.077751405948538,8.50373771874713,8.924893165559052
1.877172875463565e-7,0.05937317297159402,0.13352144144920636,0.2323266463911499,0.3605906504902695,0.5200224023392233,0.7107220770496161,0.9318961750524047,1.1821577269348145,1.459648101314093,1.7620879694162452,2.086803135415958,2.4307450863185878,2.7905151796870675,3.162396398208358,3.5423940623104624,3.926285449559195,4.309677382593871,4.688070291358212,5.056926928940703,5.411743769807036,5.748123108607188,6.061843976955685,6.348930176167894,6.605713958215766,6.828894148783322,7.015587771328459,7.163374479263745,7.270333319375296,7.335071523724771,7.356745155965001,7.354689837068763,7.348539048816237,7.33833804940307,7.324161449274699,7.306111994722548,7.284318891801033,7.258935697539898,7.2301378132127665,7.198119622181767,7.163091322466509,7.1252755115336335,7.084903587664887,7.042212038379586,6.997438691460141,6.950819007822964,6.902582497443499,6.852949339451369,6.802127285067144,6.750308917042577,6.697669331585029,6.644364298424399,6.590528941906453,6.536276971119979,6.481700470598063,6.42687024571966,6.371836699318865,6.316631198976169,6.261267878801379,6.205745805940493,6.150051431150925,6.0918821130487455,6.029478188102743,5.9636070946816035,5.8949961441628,5.824326779744392,5.75223099408062,5.679289862561462,5.606034046565892,5.532946027053584,5.46046375056975,5.388985313149459,5.318874276904028,5.250465211099664,5.18406907361347,5.119978096679695,5.058469907746743,4.999810695604493,4.944257316642244,4.892058319184927,4.843453939117392,4.798675182506399,4.7579421573542815,4.721461845451968,4.689425516801317,4.66200598510642,4.639354886488498,4.621600138732728,4.608843709096787,4.601159788707527,4.598593443660612,4.589026710520448,4.560352236910936,4.512658001802552,4.446125014462864,4.361073412998662,4.258016840815772,4.137716588568927,4.001226558189104,3.849920674008594,3.68549578742058,3.5099452086879284,3.325500587590283,3.1345428504108073,2.9394862420993157,2.742643183372871,2.5460814875027014,2.351489074488802,2.1600638460139376,1.9724466284405955,1.788711786034453,1.6084226212389312,1.4307477874620131,1.2546231045075977,1.0789338475665244,0.9026887269525798,0.7251593951969536,0.5459670996025108,0.3651082885414779,0.18292080440821534,1.877172875463565e-7,0.27080130063628327,0.5358908697107383,0.7904194063612752,1.0311508738004345,1.2569865548118504,1.4691484454059527,1.6709323062414878,1.867010825856396,2.062392080156298,2.261282647847207,2.46618477751792,2.677497228602666,2.893702547043932,3.1120153202238527,3.3292435922570855,3.5426074270393677,3.7503243756636744,3.951860910228645,4.147835307998309,4.339634539505548,4.52887115975789,4.716843762017324,4.904159960294863,5.090627307436903,5.275428489113221,5.457503389746891,5.635994812946056,5.81059579629916,5.981665954772998,6.150051431150933
4.344269669147805e-7,0.0593731729722512,0.13352144144955333,0.23232664639131123,0.3605906504904234,0.5200224023393534,0.7107220770496803,0.9318961750524316,1.1821577269348413,1.4596481013141167,1.7620879694162588,2.086803135415981,2.4307450863185895,2.790515179687087,3.1623963982083736,3.542394062310466,3.9262854495591997,4.3096773825938675,4.688070291358225,5.056926928940716,5.411743769807051,5.748123108607197,6.061843976955695,6.348930176167902,6.605713958215777,6.828894148783327,7.015587771328467,7.16337447926375,7.270333319375304,7.335071523724768,7.356745155964992,7.359015861845541,7.365797387732673,7.376998780213293,7.392471157546269,7.412011660173957,7.435368768824754,7.462248795710272,7.49232332216677,7.5252373376490835,7.560617829832599,7.598082582132198,7.637248950806409,7.677742416159527,7.719204728324858,7.761301495117843,7.803729085381002,7.846220744596479,7.888551839428367,7.930544163974466,7.972069253052535,8.01305065741787,8.053465143301889,8.093342785164536,8.132765927263282,8.171866997772353,8.210825169888405,8.249861878628797,8.289235220615689,8.329233287440653,8.37016651116535,8.39107724833768,8.364768262856316,8.287836079415358,8.166192162139533,8.011300656888698,7.834491000672868,7.644372582833063,7.446840455964518,7.245843205935742,7.044086363959577,6.843517712670761,6.645634867879542,6.451674796370784,6.262728394360542,6.079807139262041,5.903878330382236,5.735879316637577,5.576717684816815,5.427262486991275,5.288330515696173,5.160670968419471,5.044951317272492,4.941746650925785,4.851534091191565,4.774693079771473,4.711511421368294,4.662196055797971,4.626886750059251,4.60567039254965,4.598593443660625,4.5890267105204705,4.560352236910955,4.51265800180257,4.446125014462875,4.361073412998685,4.258016840815789,4.137716588568942,4.001226558189126,3.84992067400862,3.6854957874206007,3.509945208687951,3.3255005875903083,3.1345428504108357,2.9394862420993477,2.7426431833729046,2.546081487502733,2.3514890744888404,2.1600638460139776,1.972446628440647,1.7887117860345005,1.6084226212389667,1.4307477874620842,1.2546231045076712,1.0789338475666044,0.9026887269526599,0.7251593951970512,0.5459670996026514,0.36510828854170324,0.18292080440861325,5.76222092213818e-7,0.4572504337263332,0.9353046337186505,1.451621861541659,2.0179464613440157,2.6392945971201507,3.3140628645101295,4.034788775665064,4.789185336140871,5.561254699476144,6.332417298902992,7.082650151749771,7.791636689091047,8.439917600200003,9.010014272292416,9.487481080279066,9.861832623621517,10.12728709138369,10.283266146592554,10.334593521042397,10.291337740740406,10.168249557131874,9.983755893818957,9.758499391265161,9.513471497555093,9.26789100130151,9.03712100436952,8.831043021016606,8.65332282082237,8.501832442434885,8.370166511165353
5.76222092213818e-7,0.4959359463148115,0.992499756554199,1.4908814838479116,1.9932551853621991,2.502940393042833,3.0242274109148495,3.561859111169588,4.120244608235119,4.702553534983185,5.309875556494939,5.940612703339136,6.590210622562507,7.251256396253449,7.913904039844704,8.566549604367994,9.196665446673054,9.791708166629395,10.340026533672336,10.831707464943097,11.25930671334265,11.618415990886913,11.908020850871859,12.130605731764927,12.291967037594349,12.400706145555862,12.46739698081326,12.503461912463523,12.519845627533382,12.525640623959918,12.526869485475189,12.523586315133077,12.513744950640804,12.497369783025901,12.474501302467546,12.445195857334424,12.409525319504482,12.367576658613377,12.319451428605378,12.265265170666543,12.205146737297639,12.139237542931362,12.067690747106768,11.990670376780633,11.908350394872473,11.8209137226046,11.728551223602382,11.631460658059654,11.529845615542195,11.423914435195883,11.313879122236639,11.199954269626895,11.082355993778428,10.961300892967007,10.837005036891666,10.709682995464602,10.579546914474244,10.446805645225004,10.311663934628763,10.174321681506497,10.034973264064135,9.913457522050676,9.836664489001114,9.809628513286508,9.827938665761915,9.88150408850534,9.960245345626356,10.056683113851275,10.165933895909378,10.284940680041526,10.411764699465028,10.545092059609518,10.68391554199437,10.827333085599351,10.97442128836726,11.124158497309379,11.275382487385391,11.426773647875384,11.576857748350111,11.724023964842353,11.86655464937601,12.002663746098637,12.130541026210949,12.248399547880304,12.354523994839864,12.447317819252628,12.525347403218198,12.587381745404269,12.632426461816056,12.659751153810799,12.668909438163464,12.660978136055048,12.635990654275625,12.590504891717943,12.51922394884569,12.41558450920846,12.272456548846202,12.082866854452671,11.840670299787849,11.541113344481372,11.181256951502803,10.760246254000753,10.279429599489337,9.742339816919,9.154556507135116,8.523470953584232,7.8579758387103755,7.168100972232402,6.464614027335599,5.758601951229507,5.0610442526386805,4.3823837512906785,3.7320937780753565,3.118234003046979,2.546982174788636,2.022130885229598,1.5445558877343368,1.111707440280176,0.7172544129747096,0.35109887913962196,4.344269669147805e-7,0.06298335305057173,0.14215266528197573,0.247789278135703,0.38417061027739247,0.552012601540242,0.7502672501548728,0.9770425347563225,1.2300665625758611,1.5069494647038368,1.8053472305657499,2.123066333875364,2.4581243440232274,2.808774717533777,3.17350306757981,3.551002981839257,3.94013989703002,4.339910769375063,4.749405130529592,5.167769929396344,5.594177025603769,6.027789171154536,6.4677185873504115,6.912972358695096,7.362380978315528,7.814510193973773,8.267561105017721,8.719268245271579,9.166809076172429,9.606740007700564,10.034973264064126
2.0456945115593573e-7,0.0668077927863069,0.1492020254957289,0.2579352263480358,0.3985688621370953,0.5733750912848788,0.7828581122870547,1.0265142939598784,1.3031509050583587,1.6110076913127436,1.947800051948226,2.3107366413681643,2.6965350122023097,3.101445920017024,3.5212906748083115,3.951512610036768,4.387241813037389,4.823371093071868,5.254640481524802,5.675727228599886,6.0813382024444245,6.466301750284879,6.825656394191556,7.154734156079006,7.449236788564347,7.7053036839812235,7.919570701333845,8.089219555234598,8.21201772589866,8.286349059887936,8.311235334182355,8.308980886401644,8.302233004211741,8.291037778990336,8.275471062210562,8.255637035540094,8.231666251488393,8.203713186715095,8.171953361509862,8.136580089763802,8.097800933727644,8.055833946697753,8.010903794143015,7.963237849311185,7.913062362642802,7.860598805003421,7.8060604824952025,7.749649515189221,7.69155426340645,7.631947273203299,7.5709837976890375,7.508800933106656,7.445517388813942,7.381233889126565,7.316034183272364,7.249986618357311,7.1831462101714125,7.115557128722022,7.047255500319719,6.978272416450061,6.908637031953073,6.83608107616119,6.75907401633678,6.678732108819131,6.596134387431747,6.512310737942874,6.428231719642716,6.344800091288706,6.262843919738345,6.183111094922884,6.106265051815599,6.032881512749689,5.963446111269673,5.898352835786741,5.83790332657624,5.782307157889094,5.7316833207953035,5.686063175066962,5.64539514671874,5.60955140468222,5.578336656205714,5.551499064630154,5.528743130516484,5.509744207034051,5.494164163146721,5.481667581103301,5.471937790879249,5.4646920103569805,5.459694877081466,5.45676972144026,5.455807034882598,5.445581381832858,5.414774550880369,5.3630306260665845,5.28986378062535,5.194802868361835,5.077563965122434,4.93822714656354,4.777393909371699,4.596304419763267,4.396898219680684,4.181807209043574,3.9542750556157293,3.7180025453785546,3.4769241635981256,3.23492816757162,2.995541387082809,2.7616110690860047,2.535027548014055,2.3165389059967305,2.105705447528595,1.9010222633695992,1.7002033187748389,1.5005806991140294,1.299543794066985,1.0949372111821436,0.8853533884961757,0.6702859596926783,0.450139935851919,0.22611631101642984,2.4734050268832286e-7,0.06990211775576745,0.151940621613342,0.2552403207249,0.38524953359449976,0.5447130842305994,0.7347790159519003,0.9557046204260442,1.2072132908360715,1.4886423519465675,1.798979391847502,2.1368458633287064,2.5004660850011327,2.8876489881148877,3.295802351454663,3.7219917533440827,4.163048212386005,4.615719769884784,5.0768538144706135,5.543589607892313,6.013535094960798,6.484899533610628,6.956554625077724,7.42800239907722,7.899238440423036,8.370513613378845,8.842014487415788,9.313499117214263,9.783936821168952,10.251204651600268,10.711887627556104
2.4734050268832286e-7,0.06680779278699489,0.1492020254955946,0.25793522634790633,0.39856886213702014,0.5733750912847968,0.7828581122869835,1.0265142939598006,1.3031509050583008,1.611007691312676,1.94780005194817,2.31073664136811,2.696535012202255,3.1014459200169675,3.521290674808246,3.9515126100367,4.387241813037332,4.823371093071811,5.254640481524742,5.675727228599829,6.0813382024443685,6.466301750284822,6.825656394191499,7.1547341560789475,7.449236788564297,7.7053036839811675,7.91957070133378,8.089219555234546,8.212017725898608,8.286349059887877,8.311235334182301,8.313339176236045,8.319622432339438,8.33000097126044,8.344336814699577,8.362441419853246,8.384080123895526,8.408977610439381,8.436824232637827,8.467283010958736,8.499997115764831,8.534597644888583,8.570711513094066,8.607969282018392,8.64601277411766,8.684502330622799,8.723123590081736,8.761593679601031,8.799666724647906,8.837138594867806,8.873850812799684,8.909693559932522,8.944607720802514,8.978585911534617,9.011672445284148,9.043962194405433,9.07559831885472,9.106768843254109,9.137702081994913,9.168660933305848,9.199936089585103,9.205578222925674,9.151764009725255,9.036431384842425,8.87092783668,8.671656071408012,8.452473142411746,8.223083619316583,7.990058276242768,7.757998849344101,7.530306949187181,7.309624373113648,7.098071760742279,6.897372207196144,6.708910613585498,6.533758360093658,6.3726814126864255,6.226143657365267,6.094313385514389,5.977078018806833,5.874069729457204,5.7847024079098714,5.708218534309859,5.643743095364196,5.590340897385295,5.547073493715821,5.513052374465505,5.4874858626813285,5.469718088089711,5.459259254583896,5.455807034882605,5.445581381832864,5.414774550880364,5.3630306260666005,5.289863780625334,5.194802868361827,5.077563965122441,4.93822714656355,4.777393909371712,4.596304419763272,4.396898219680694,4.181807209043585,3.9542750556157453,3.7180025453785754,3.476924163598148,3.2349281675716393,2.995541387082832,2.7616110690860274,2.5350275480140714,2.31653890599675,2.1057054475286208,1.9010222633696094,1.7002033187748604,1.5005806991140616,1.2995437940670043,1.094937211182171,0.8853533884962109,0.6702859596927071,0.45013993585196826,0.22611631101651639,2.655386668150215e-7,0.3365428499987684,0.6644279966172288,0.9762427842779933,1.2669273934552865,1.5345933501357163,1.780881011884733,2.010686644160924,2.2311623135670176,2.4500794707164397,2.673923294988384,2.906297934096595,3.1471785851721226,3.3932159061391043,3.638891499237281,3.878086274522629,4.10561801471521,4.318426773696839,4.516221777570422,4.701509181371544,4.879012264454426,5.054601622992785,5.233974000556009,5.421413942345529,5.618976933848576,5.826307772880055,6.0410904674424435,6.259915791880398,6.479242282341614,6.696142785176717,6.9086370319530745
2.655386668150215e-7,0.5633440553291488,1.123641968272243,1.678597869478965,2.2273029459827334,2.770650102364797,3.3114334248159993,3.854074513608955,4.403978203790044,4.966600272163674,5.546387606772796,6.145795414489385,6.764573087169181,7.399442693163568,8.044200151324958,8.69018532222252,9.32701680618822,9.943472731938565,10.528408803661156,11.071625061634466,11.564613210344648,12.00113278415773,12.377576871518045,12.693098780645808,12.949482830428408,13.150758252981118,13.30257708912402,13.411405263655064,13.483608033979301,13.524540119058624,13.537767272576065,13.53387356273629,13.522204692656361,13.502797359406886,13.475712454414966,13.441034659569764,13.398871885060288,13.349354552252933,13.292634725884641,13.22888510083348,13.158297849731916,13.081083338712517,12.99746871961857,12.907696408073962,12.812022457881747,12.710714843303942,12.604051661858517,12.49231927134011,12.375810375815368,12.254822076343162,12.129653903103266,12.000605846458267,11.867976405195503,11.732060670767043,11.593148466732218,11.45152256277698,11.307456982600847,11.161215424595236,11.013049813556322,10.863199000659911,10.711887627556115,10.580893070693145,10.501356107748444,10.478176328365567,10.502924350272643,10.562149355704172,10.644922965132801,10.744380460959789,10.856630322238782,10.979514683727816,11.11176629974696,11.252498660046228,11.400906147709344,11.556091150863729,11.716970386885773,11.882233286869743,12.050336073674204,12.219520702326848,12.387850791871768,12.553258451938621,12.713597163398937,12.866696899771519,13.010418576171192,13.142705703992384,13.261631802769642,13.365442665222085,13.45259298586068,13.521777156484687,13.571954219704024,13.602367074294625,13.612556064130382,13.59605565485319,13.545641073745301,13.458695098336857,13.331246613397617,13.15849649771715,12.935446989039752,12.65755544723929,12.321339998125667,11.924880025931193,11.468173824641937,10.953334769740524,10.384623634620745,9.768327198431303,9.112502158814832,8.426609149769568,7.721065050589954,7.006743337757713,6.294452400257561,5.594420788687236,4.915816475285662,4.266324475588474,3.651803688718244,3.0760395804057232,2.540604355875885,2.0448305423736257,1.5858975075496853,1.1590237158473096,0.7577512124457664,0.3743040318402046,2.0456945115593573e-7,0.49789136200612005,1.0084711070018426,1.5432951607369798,2.111717650995253,2.7199530778231558,3.370342104218261,4.060887715097246,4.785111606602858,5.532255354668663,6.287822474688702,7.034430305877271,7.752917191979574,8.423631706304393,9.027817021427282,9.548995004365564,9.97425103280465,10.29532133750222,10.509388975805772,10.61950133202573,10.634531034155756,10.568615383687328,10.4400333990406,10.269527168466539,10.078161670924944,9.884951613919782,9.70463953793523,9.546110901634448,9.411878318869304,9.298813432629887,9.19993608958511
-5.380908039969083e-7,0.5377222097006213,1.0755925201201109,1.614339757108101,2.1557277923818585,2.702772672711957,3.259646531569073,3.8312485636656044,4.422495570971404,5.037455179671539,5.678489019247173,6.345572282832818,7.035910292916224,7.743901775780818,8.461429614602888,9.17841230071466,9.88352815835358,10.565023692910158,11.211527482988467,11.812804124338257,12.360394742040825,12.848100531457968,13.272274535519033,13.631896120154597,13.92841429923235,14.165361900317286,14.347763512197082,14.481385635190758,14.571904496526901,14.624089868889765,14.641114337949025,14.63749051533696,14.626628323283098,14.60855553151456,14.583318231243059,14.550980549058096,14.51162424916076,14.46534822671375,14.412267895862703,14.352514476756216,14.286234186648697,14.21358734091346,14.13474737051444,14.049899763183813,13.959240936220663,13.862977049459595,13.761322767549437,13.654499981226428,13.54273649775105,13.426264711099865,13.30532026285011,13.180140704956518,13.050964175789572,12.918028100868012,12.781567929670878,12.641815919743028,12.498999979007785,12.353342576763119,12.205059733260537,12.054360097044881,11.901444118372014,11.761749054160434,11.65823165326304,11.599368777689374,11.586784132970891,11.615254002949776,11.676391040980327,11.76220014109367,11.866535777484179,11.985090007198805,12.114899841209473,12.25385178269879,12.40030831200751,12.552853889325197,12.710131393090549,12.87074260363814,13.033193768984457,13.19587332308636,13.357052812774517,13.51490456450621,13.667531164403512,13.813002836957455,13.94939952957533,14.074855072177511,14.18760124792479,14.28601001190936,14.368632441289012,14.43423329834595,14.481820341422303,14.51066773250189,14.520333070440463,14.50433754019778,14.45545099567944,14.371081054535695,14.247250273511668,14.079061589324208,13.861262236557835,13.588840287722046,13.257592411072853,12.864613421567958,12.40867374743609,11.890466636380005,11.312720570768436,10.68018295702933,9.999488583141591,9.278930940700022,8.528156757168654,7.757804393163047,6.979105407805897,6.2034657269356845,5.4420385235768345,4.705295212852728,4.0025941666033615,3.3417397862340374,2.728519769644088,2.166210761307162,1.6550608816817733,1.1918030722324395,0.7693297775522168,0.37674200553053205,-5.160454798944171e-7,0.06936412982256404,0.15881272392899184,0.2808303175936262,0.44066484691833663,0.6395957615872435,0.8770287117966553,1.1514325756999872,1.460741923737368,1.8025458821526035,2.1741902750368,2.572843019887007,2.99554492408629,3.4392576530730863,3.9009159486041596,4.377487933077236,4.866044116087809,5.363832238588954,5.868351587931614,6.3774173847283855,6.889203868328417,7.402254360591451,7.91544830297133,8.427919217869718,8.938923539229764,9.44766761947639,9.953107821450297,10.453745013841472,10.947438583966896,11.43126524088274,11.901444118372027
-5.160454798944171e-7,0.0657618945634697,0.15153539533799062,0.26952304028246016,0.4246936171611728,0.6181522182349977,0.849173905714129,1.1160612597577195,1.4164880219861522,1.7476481147809333,2.1063316306324062,2.4889734534374828,2.891692571524804,3.310329737947711,3.7404869289073286,4.1775701876853155,4.616836510457863,5.053444891206738,5.482511279009774,5.899166923492319,6.298619357507707,6.676215077559299,7.0275028295632875,7.348296291981178,7.634734873168756,7.883341307859438,8.091074750890149,8.255378124978519,8.374218582269403,8.446120083414113,8.470187278351728,8.467839034792592,8.460809678069532,8.44914507529429,8.432920827096076,8.412241016913667,8.387236492174871,8.35806270931909,8.324897183395553,8.287936591406122,8.247393586502604,8.203493387399986,8.156470213700855,8.106563642980303,8.054014969172995,7.999063643749799,7.941943881097417,7.882881507190733,7.822091125904871,7.759773670077152,7.696114394731765,7.631281357886307,7.565424420369876,7.49867478052624,7.431145043104657,7.362929804690754,7.294106721394166,7.224738008889442,7.154872310970625,7.084546861114797,7.0137898526335505,6.9398253954668645,6.860502899192934,6.776772935704319,6.689563820043042,6.599772017383631,6.508253995360866,6.415819620922794,6.323227139493478,6.231179712927599,6.14032343537185,6.051246696470763,5.964480722648779,5.880501101873113,5.799730086555878,5.72253947288837,5.649253871268309,5.5801542086547595,5.515481335788115,5.455439645916249,5.400200642743793,5.349906420218418,5.304673033073067,5.26459374379814,5.229742129509274,5.200175022992154,5.175935249069943,5.157054103907707,5.143553514411771,5.135447810342252,5.13274504485927,5.122561682092465,5.091999077522977,5.041035198131969,4.969682823397572,4.878056368619877,4.766451709791716,4.635427662131692,4.485877355021059,4.319078670954654,4.1367149054127506,3.9408595361556866,3.733922184214666,3.5185563252171255,3.2975329991127924,3.073588661538729,2.8492593643769037,2.6267173712257015,2.4076294294925864,2.1930570793704267,1.9834171496219068,1.7785138758960377,1.5776430127460501,1.3797549089325474,1.1836514039195805,0.9881844210822716,0.7924244904132728,0.5957746564556565,0.3980166060639248,0.1992879702985494,1.471670025336188e-7,0.49222198160606556,1.0055193816674002,1.5576925285177023,2.160908294589109,2.8206410862659705,3.535719348989229,4.299042230529406,5.098596313367529,5.9185683293140485,6.740479174273578,7.544326701629151,8.309738530175704,9.01712597981921,9.648812505842931,10.190092900266517,10.63016647756846,10.962879424466998,11.187208378279992,11.307418871444622,11.332839066718023,11.277203603440013,11.157549685569423,10.992695780322622,10.801409481287196,10.600472040431372,10.402947155057188,10.217009110383227,10.045623929599554,9.887191262187732,9.73700313072684
1.471670025336188e-7,0.06576189456541505,0.15153539533921398,0.2695230402831052,0.42469361716169807,0.6181522182355251,0.8491739057145846,1.1160612597581325,1.41648802198655,1.7476481147813294,2.10633163063278,2.48897345343785,2.8916925715251613,3.310329737948051,3.7404869289076697,4.17757018768565,4.616836510458189,5.053444891207058,5.482511279010086,5.8991669234926265,6.2986193575080085,6.676215077559594,7.027502829563577,7.348296291981473,7.6347348731690365,7.883341307859719,8.09107475089043,8.255378124978796,8.374218582269679,8.446120083414389,8.470187278351998,8.47285548216635,8.48082901063513,8.49401536551668,8.512262857473933,8.535364222043242,8.5630614974229,8.595051994335185,8.630995158984705,8.670520112362103,8.713233642642303,8.75872843106675,8.806591303652466,8.856411319113928,8.907787525198872,8.96033623906899,9.013697730585257,9.067542209025166,9.121575032991773,9.175541079672138,9.22922822317404,9.282469882758505,9.335146610979441,9.387186699785616,9.438565790363901,9.489305480739493,9.539470934681109,9.589167506952114,9.63853641389829,9.687749495038723,9.73700313072686,9.766371053026946,9.749638263617214,9.680578476164607,9.559803818688783,9.394738504511508,9.195911425664649,8.973373869885727,8.735213566747323,8.48753680987893,8.23493117350197,7.980932423387581,7.728372286393005,7.479610861984127,7.236683910882457,7.001392293087478,6.775353112658176,6.5600258413085255,6.356722526485762,6.166608613851731,5.990699326255717,5.829855485076478,5.684781823508882,5.556030026180824,5.444007829599265,5.3489945117657225,5.271162041553852,5.21060016319886,5.167342902537838,5.141393535344094,5.132745044859259,5.122561682092451,5.091999077522958,5.041035198131954,4.969682823397556,4.878056368619855,4.766451709791698,4.63542766213168,4.485877355021039,4.319078670954639,4.136714905412728,3.9408595361556684,3.733922184214654,3.518556325217107,3.2975329991127764,3.073588661538705,2.8492593643768793,2.6267173712256717,2.407629429492565,2.193057079370398,1.9834171496218713,1.7785138758959855,1.577643012746012,1.3797549089324816,1.1836514039194994,0.9881844210821783,0.7924244904132032,0.5957746564555492,0.3980166060637144,0.19928797029817824,-5.380908039969083e-7,0.2966953653737147,0.5887791824844757,0.8723617557456675,1.144887102619503,1.4055281780342845,1.6552731986028288,1.8966491233978084,2.133100757126293,2.3681434780944572,2.604499182267741,2.843456496711753,3.0846358027217056,3.3262083044376762,3.5654793132862483,3.7996565079878257,4.026601581808203,4.245391847409916,4.456573316501958,4.662055042390409,4.864671838283013,5.067522549896097,5.2732561818575565,5.4835014075006265,5.698595935152024,5.917676033615022,6.139068025705641,6.360829081854602,6.581246442224204,6.799128150686718,7.01378985263355
-5.073399843457639e-7,0.5856209347360853,1.169010257611174,1.7485463760576927,2.323723576077752,2.895458154207321,3.4661199786544166,4.03925196705051,4.618994568957341,5.2092961947059875,5.813045981790051,6.431291382874982,7.062687274826964,7.703270391918052,8.346583037346681,8.984107104735406,9.60592888732005,10.201539561419846,10.760679040171723,11.274142921622333,11.734486356390677,12.136571232019822,12.477913535924392,12.758797475518652,12.982134303400407,13.15305959631107,13.278285358016744,13.36525354096976,13.421172948159601,13.452054966085573,13.461884080730277,13.457759712284219,13.445399204018278,13.424840255928013,13.396145397948748,13.359401537248948,13.314719329197493,13.262232376755144,13.202096264389567,13.134487433954568,13.059601911307245,12.977653893756221,12.888874209738749,12.793508663405916,12.691816278048979,12.58406745351355,12.470542053911768,12.351527443039137,12.22731648591292,12.098205535750598,11.964492426473553,11.826474491422251,11.684446629372125,11.53869943911097,11.3895174437422,11.2371774254832,11.081946891006904,10.924082686312044,10.763829778716662,10.601420221920613,10.437072318418164,10.30306247768431,10.246849534721584,10.266482833902852,10.337233509295299,10.437557005417302,10.555690993798208,10.686042092908469,10.826005417129082,10.974301044751417,11.13016060693122,11.292920863138162,11.461817626004045,11.635886681202516,11.813927030189596,11.994502728603207,12.175969022886367,12.356513159914355,12.534202957155385,12.707038107462852,12.873000677622608,13.030102475149052,13.176427930085037,13.310171871784025,13.429672088209,13.53343686649588,13.620167869209263,13.688778745366523,13.73840985007601,13.768439384730906,13.778491194465266,13.75643924092736,13.689687633763413,13.576544331603001,13.414493037696506,13.20060420060711,12.932030222269693,12.606523067200996,12.222914950640465,11.781512506709566,11.284368643776869,10.735411233027106,10.140421728818156,9.506868645925056,8.843610194664645,8.160487516859128,7.467835382596425,6.775941520626794,6.094489554510475,5.432024184411209,4.795480670953335,4.18982279474897,3.6178319083805115,3.08008085341812,2.5751067809447914,2.099765434390437,1.6497113228164775,1.2199154083984378,0.8051192963322812,0.4001420290572312,-5.073399843457639e-7,0.5184709347738413,1.0467503616189917,1.5941800865085722,2.1689791215101732,2.7773670861080983,3.422609338182838,4.104199102584091,4.817362424249628,5.552992882745585,6.29803916806507,7.036301592348569,7.749549390458548,8.41884696796532,9.025968883118553,9.554785375003052,9.992509118644644,10.33070718746352,10.565998130307536,10.700371212889289,10.741082550035326,10.70010200355472,10.593109068231241,10.43807260038637,10.253506681868563,10.056576321422982,9.861318298835318,9.677304976697792,9.509067829777713,9.356355544969706,9.215467517335991
-4.28305706192948e-7,0.06759512515564615,0.14225490494147147,0.23059538795770826,0.33848445378793635,0.4709056372517492,0.6319036613669662,0.8245413191169859,1.0508477119682955,1.3117686499665109,1.6071360301337918,1.9356678997260277,2.2950041928614153,2.681778000997975,3.0917189259088,3.519783061484929,3.960303007356715,4.4071507690897045,4.853906316539694,5.294024890031784,5.720996820195821,6.128494614153572,6.51050329524182,6.861431383443892,7.176201369806242,7.450319959250141,7.67992961810261,7.861843958697794,7.993570136337468,8.073321667481746,8.100024886167645,8.10240293119179,8.109507420206103,8.12125019506039,8.13748689520279,8.158020708005484,8.182607418133243,8.210961571160421,8.242763535021894,8.277667223852045,8.315308242123004,8.3553122114989,8.397303056478211,8.440911045278531,8.485780407002554,8.531576372566729,8.5779915132068,8.624751275126535,8.671618631083659,8.718397788982651,8.764936913877124,8.811129833543136,8.856916709593602,8.90228366674697,8.947261383195732,8.991922655881943,9.036378966627968,9.080776089072225,9.125288792562966,9.170114717573338,9.215467517335982,9.224989006855141,9.149028774224757,8.992925411381016,8.784904421425564,8.550033154089565,8.303528307473037,8.05426638486338,7.807857796742334,7.568205884197478,7.338223378204467,7.120155204262435,6.915719829432053,6.7261675604846305,6.552304643055546,6.394509691833747,6.252757579571033,6.126658706563432,6.015516016770956,5.918397550065037,5.834218851021187,5.761827524264926,5.700081818876963,5.647916228956596,5.604389327501897,5.568711865684428,5.540256019803349,5.518549102682963,5.50325676985411,5.4941615831260995,5.491142707967524,5.483060579432079,5.458417006847412,5.4160874787231625,5.354410331342768,5.271469846034804,5.16542993637767,5.034872710076678,4.8791004057948175,4.698368079119159,4.4940246147072385,4.268548305142716,4.025467801836082,3.769156441020227,3.5044769599341015,3.2362726876066747,2.9742266269296196,2.7187833070975884,2.473835243406963,2.24163445264933,2.0226044827054883,1.8154037465560664,1.617246042997982,1.4244530233753565,1.2331343311321084,1.0398477739676055,0.8421081375223806,0.6386708863862305,0.4295806322888452,0.21601831734018032,-4.28305706192948e-7,-0.0314875003816372,-0.04831482665582353,0.02907527979259432,0.12907665786210681,0.23795583753390578,0.36893278144062486,0.5246087960860579,0.7069876950088756,0.9180185176141492,1.1594794674463307,1.4327509881956837,1.7386131093948847,2.0771013456727134,2.4474238046317818,2.8479439344804556,3.2762378495664044,3.7292286161055426,4.203385465721363,4.694937371372767,5.2003431660859,5.71596359181392,6.238900242069874,6.766651344887135,7.297198665801385,7.828866270986814,8.360093297601887,8.889145349732622,9.413794362013595,9.931105139398468,10.43707231841816
-3.966498529553036e-7,0.06759512515547728,0.14225490494173268,0.23059538795796586,0.3384844537882274,0.47090563725206486,0.6319036613673341,0.824541319117347,1.050847711968676,1.3117686499668713,1.60713603013416,1.9356678997263828,2.2950041928617755,2.6817780009983205,3.0917189259091415,3.5197830614852603,3.960303007357044,4.407150769090032,4.853906316540007,5.294024890032096,5.72099682019613,6.128494614153881,6.510503295242123,6.8614313834441925,7.176201369806541,7.4503199592504386,7.679929618102911,7.861843958698084,7.993570136337759,8.07332166748204,8.10002488616794,8.098051936360159,8.092145021566527,8.082339749612535,8.06869481697788,8.051291046704259,8.030230066893642,8.005632655032104,7.977636780273917,7.946395382428224,7.912073932580795,7.874847825902725,7.834899662064278,7.792416472585304,7.747586957196205,7.700598792640853,7.651636077121862,7.600876971601639,7.5484915953061185,7.494640226983234,7.439471855772386,7.383123116067355,7.325717629723116,7.267365766678035,7.208164821932055,7.148199593296352,7.0875433309089955,7.026259016704066,6.964400920323184,6.902016367821488,6.839147651336471,6.773782642047897,6.704648806532537,6.632829423370892,6.559311873756656,6.484982029712979,6.410623835336659,6.336923415830204,6.264476723634739,6.193799492711906,6.125338151386148,6.059480360312199,5.996563999325857,5.936883712498212,5.880694505296744,5.828212328132376,5.779612024792807,5.735023418433133,5.694526603269002,5.658147669750407,5.625856093358212,5.59756485852976,5.573134084262716,5.552378500264447,5.535078643962749,5.520995174274958,5.509885294187828,5.501519993771144,5.4957006966105295,5.492273918235923,5.491142707967516,5.482097227448837,5.4547068528407845,5.408254333389003,5.341686103866887,5.253803235756065,5.143489736264273,5.009948413521385,4.8529160286525315,4.672834448874117,4.47096154043692,4.249413625182074,4.011140844368966,3.7598504642657704,3.499912688260082,3.2362726876066223,2.9688781611623276,2.70597543948027,2.45064581145063,2.205226366134937,1.9710690146307515,1.7484113334081564,1.5364231512878155,1.333420982105834,1.1372068478162976,0.9454598023000257,0.7560973395652429,0.5675372405016523,0.37882183616443527,0.18960147603821256,-3.966498529553036e-7,0.2937008318907673,0.5810355578077885,0.8569118665611215,1.1186530456599424,1.3667727658637443,1.605074190237298,1.8398483412076818,2.0782252528992378,2.3261188117571656,2.5864718831239615,2.8584193777877127,3.137571097283183,3.417171380598686,3.6896768749420366,3.9483202358998293,4.188361530981464,4.4078584914797485,4.6078792429819355,4.792177704191266,4.9661279784964085,5.13610218447086,5.307550996516486,5.484411573331471,5.668462577179262,5.859383433021522,6.05529854069811,6.253574425692642,6.451589614762762,6.647251700019446,6.839147651336468
6.328063463371956e-7,0.06954004900589807,0.15612895797090623,0.2711733124045837,0.4201765372798166,0.6050119250810875,0.8256510919218156,1.0810134113423286,1.3693340255838482,1.6883218785447431,2.0352320278635005,2.4069050193784305,2.7997961976659513,3.210005322167572,3.6333113093447564,4.065214211763242,4.500985060878352,4.935723293689838,5.364420885801749,5.782031908627607,6.183545962486668,6.564063781239884,6.918873238795872,7.243523997694747,7.533899110724834,7.786282004515519,7.997417426531746,8.164565112450896,8.285545119879167,8.35877396923963,8.38329092820089,8.386402160836454,8.395701026772112,8.41108388153197,8.432380788730562,8.459359611177163,8.491731516165643,8.529157692015339,8.571257039899532,8.617614586541164,8.66779035899191,8.721328470721755,8.777766186057834,8.836642754616687,8.897507835742516,8.959929362370174,9.023500721973688,9.08784715777692,9.152631315278578,9.217557877063769,9.282377243015794,9.346888223959622,9.410939725273792,9.474431404058896,9.537313290059688,9.599584367690559,9.661290125104347,9.722519087015389,9.783398361477722,9.844088247315911,9.904775968395864,9.944378359517819,9.928076564139534,9.849332029248279,9.712965834235508,9.53200257108826,9.32049144849399,9.089583206502933,8.847163569746812,8.598709830732224,8.348151168115443,8.098467543960957,7.852062588236959,7.610984905319877,7.377053554269014,7.151922889120529,6.937108402669564,6.733987486071634,6.543784907981975,6.367550732838873,6.206137304920425,6.0601811463374275,5.930094704237185,5.81607157127281,5.718107017898771,5.636033530182124,5.569568816310699,5.518371784042487,5.482100632853983,5.46046666695827,5.453277776892281,5.442579060178999,5.410488172762864,5.357031206462351,5.282284651866455,5.18642039687313,5.069760343742411,4.932833619629521,4.776429000670934,4.60163564230164,4.4098663723942,4.202859463592721,3.9826567470180514,3.7515579712744564,3.5120532968515326,3.266737636866297,3.0182121334231815,2.7689793318836107,2.5213395121162927,2.277296056335762,2.0384775382488476,1.806083243274852,1.5808569347390238,1.3630908400207373,1.152658237502417,0.9490691690878048,0.751540461691037,0.5590693781194362,0.37050079578449807,0.18458138182737707,6.519774890704679e-7,0.5375525860980654,1.0966025118557319,1.695245653931741,2.3456913123765615,3.053115136259018,3.8156967392399217,4.625405967161512,5.469134839107286,6.329934341200103,7.188256419358715,8.023177200692903,8.813601049264994,9.53944057410965,10.182752355057197,10.728791179490816,11.166931194682375,11.491392192939243,11.701703738386229,11.802839281933288,11.804957761875265,11.722704247654352,11.574049639893122,11.378700625486657,11.156192089272041,10.923881366067071,10.695172438935325,10.478548304839528,10.275925910213694,10.086490180777073,9.90477596839588
6.519774890704679e-7,0.5842241754395066,1.1690429065464962,1.7555686211679609,2.345822589876248,2.942891021626861,3.5507778125565284,4.173944786573015,4.816600870172211,5.481865534082906,6.170967331469222,6.882631716178409,7.612766773601004,8.354489844044359,9.098475533369914,9.83356218534296,10.547533423132435,11.227988787363707,11.863224716660762,12.443057420254895,12.959528821583174,13.407444594588503,13.784700030500336,14.092356806500158,14.334444136680482,14.517474131888378,14.649686079506901,14.740068744288434,14.797251000049089,14.828391028505255,14.83821976550568,14.83427583302329,14.82245459389834,14.802787657971605,14.775327491677738,14.740147094679093,14.697339550316828,14.647017453032129,14.589312216796017,14.524373269459634,14.452367138794461,14.373476436829312,14.28789874990629,14.195845442661469,14.097540384886864,13.99321861093954,13.883124922023287,13.767512442272894,13.64664114010878,13.520776326794143,13.39018714450365,13.255145056496112,13.115922352157684,12.97279067974007,12.826019619545683,12.675875310101825,12.522619139507636,12.366506513624177,12.207785712106654,12.046696842442037,11.883470901161296,11.742934066014778,11.6513195197382,11.617086834776707,11.637308239275622,11.700824571488887,11.795419709198484,11.911733630394636,12.043612604786162,12.187229760594734,12.34019592305181,12.50092702197683,12.668234336302003,12.84106518828372,13.01834057115038,13.19885678820289,13.381231654262699,13.563883447759583,13.745034849685984,13.922736168652158,14.094903198865758,14.259365637504576,14.413922390559986,14.556400461041536,14.684714492843465,14.79692444383781,14.891289268571935,14.966314884832032,15.02079506291648,15.053844201971286,15.0649212415316,15.047713347757313,14.995284896505876,14.90531432439513,14.77422932499824,14.59761220147375,14.370695542476428,14.088893212402763,13.748314190815346,13.346215687118075,12.881364216613742,12.354286221558569,11.767401435465866,11.125041514858252,10.433363216042215,9.70016972173636,8.934655943262944,8.147094062593212,7.348474481676808,6.550114868665866,5.7632462304481455,4.998580038961255,4.265854788262869,3.5733550355582984,2.927393529668662,2.331752630288826,1.7871034880719003,1.2904703166634997,0.8348835903689931,0.409441475387577,6.802307414789716e-7,0.07614694291926,0.1698181772652323,0.29273911662351165,0.4504108956005772,0.6444155011359438,0.8743085995754402,1.1386369131553267,1.435440534584506,1.7625103541560156,2.1175239265621717,2.498106177972925,2.9018146906973583,3.325876316293564,3.760566860498286,4.23456174947355,4.706899619571177,5.192155056651842,5.6873848689540605,6.190575340458089,6.7000786593463575,7.214559233174078,7.7329565816668815,8.25440802800982,8.778119302039222,9.303186166377436,9.828377485027998,10.35169702507771,10.871542896094631,11.383443951417334,11.883470901161285
6.802307414789716e-7,0.06954004900664434,0.15612895797106174,0.2711733124046584,0.42017653727962145,0.6050119250809451,0.8256510919215575,1.0810134113420398,1.3693340255835762,1.6883218785444662,2.035232027863224,2.406905019378123,2.7997961976656445,3.2100053221672598,3.633311309344449,4.065214211762928,4.500985060878042,4.935723293689525,5.364420885801432,5.782031908627297,6.183545962486349,6.5640637812395735,6.918873238795557,7.24352399769441,7.533899110724511,7.786282004515185,7.997417426531424,8.164565112450568,8.285545119878837,8.358773969239307,8.383290928200575,8.381051394680199,8.374350091236225,8.36323860473826,8.347801903738734,8.32815684295827,8.304450107205337,8.276855632293984,8.245571551077331,8.210816723012014,8.172826915531155,8.13185071468288,8.088145250682022,8.041971830861193,7.993591577590472,7.943261171644278,7.891228801822626,7.837730419029433,7.78298638720936,7.72719861441887,7.67054823489385,7.613193897506349,7.555270697910072,7.496889771586836,7.438138543718659,7.379081610238988,7.319762203538337,7.260204177082044,7.2004144265278915,7.140385651557006,7.080099353104985,7.012242812727895,6.939580030276802,6.863236652128017,6.784291243435187,6.703754830463333,6.6225531794600325,6.5415126751548565,6.461350535270491,6.382669897545892,6.305960050403997,6.2316017652375555,6.159877353739257,6.0909847496077365,6.025054632939898,5.962169406068885,5.902382711549078,5.8457381657430725,5.792286063497774,5.742096980152875,5.695271439953817,5.651945115208201,5.6122893479407265,5.576507125569527,5.544824974855172,5.517481544302881,5.494713903480596,5.476742776592283,5.463758026111036,5.455905693277184,5.4532777768923255,5.441180516706608,5.405011897230629,5.345144380305421,5.262207852252704,5.157100554075598,5.030999232874069,4.885364109886145,4.721933967488943,4.542706939272169,4.349903450493934,4.1459091786916815,3.9331978453571415,3.714236047587666,3.491375085810489,3.266737636866367,3.0421097991537507,2.818850935788116,2.5978341373436,2.3794283049718716,2.1635284372986066,1.9496340000820362,1.7369674432393782,1.5246178378468236,1.311690108078696,1.09743959771209,0.8813747478451086,0.6633164160769762,0.4434092578100142,0.22208715620009473,6.328063463371956e-7,0.29938792654990426,0.5957252999963605,0.886457282583193,1.1699648695298828,1.445853555383928,1.7149910530839265,1.9792490368249689,2.240984440535821,2.502376045645708,2.7647895873539623,3.0283550827540306,3.2919048620519917,3.553490048166877,3.8175286921952014,4.050134549757155,4.287834070617544,4.5129314263290965,4.72684344724335,4.931611692491322,5.130102884208285,5.325451633947673,5.520382140535877,5.716644558086426,5.914736080911861,6.113983229010127,6.312942822585574,6.509975784474132,6.703795682837562,6.89380516622962,7.080099353104976
-5.331554096250227e-7,0.4825041741060089,0.9645579456916076,1.4462213851363834,1.928465312942983,2.4133645010162716,2.9040166039582713,3.4041679701574066,3.9175901843757797,4.447313736732502,4.994866270761417,5.559665281682899,6.138677341847664,6.726393900449551,7.315111184566839,7.895456911278777,8.457085187009579,8.989458574295185,9.482644294712735,9.928062501712178,10.319134236888107,10.651783693760263,10.924754266147369,11.139702224413938,11.301038293920273,11.415499252373237,11.491452629857763,11.537970384415924,11.563751099048119,11.576017181019026,11.579548417088855,11.576239624527522,11.56632222595236,11.549823103150525,11.526786874380537,11.497275618730722,11.461368493091442,11.419161244598685,11.370765622202029,11.316308691791821,11.255932060081768,11.189791013181729,11.118053576505135,11.040899503332513,10.958519199989745,10.871112596193052,10.778887969651938,10.682060734504221,10.58085220357092,10.475488334760044,10.366198472206413,10.253214092903988,10.136767569663023,10.01709096120082,9.894414840057987,9.768967168829306,9.640972234941186,9.510649653963695,9.378213451369483,9.243871233118652,9.107823457417055,8.996479085777063,8.940286399062979,8.942319564789445,8.991070088845502,9.071355462580852,9.171952387147746,9.286147155020274,9.410170189823768,9.541886848629106,9.680004354833592,9.823620946492083,9.971968158485362,10.12426129998738,10.27961362887904,10.436990863694799,10.595193191041117,10.75285709955065,10.908471926134869,11.060407294765715,11.206948335378039,11.346336020801584,11.476810308178488,11.596654083727312,11.704236206942156,11.798052233210019,11.876761656413839,11.939220749299617,11.984510285877931,12.011957606878735,12.021152639074721,12.009139057176688,11.972216578987863,11.907849055058707,11.812156635495205,11.680382868014878,11.507454474957031,11.288564805340267,11.019718372107281,10.698187976604807,10.322853051447872,9.894404325995794,9.415413605247016,8.890277630885837,8.325051841133806,7.727193931481379,7.105239047268227,6.468428685810524,5.826314255140112,5.188353902797986,4.5635178181329215,3.9599129240595863,3.3844331536105874,2.842437290448854,2.337454372879858,1.8709196238329684,1.4419549901059072,1.0472293062284495,0.6809595257056553,0.3351312514860559,-4.2228687510887507e-7,0.43712452214085556,0.8897777749002738,1.371425549570393,1.8918343631304757,2.456093908421115,3.064287902370484,3.7116598870714874,4.389106432849115,5.083882775997911,5.7804600997465,6.4615021392346526,7.108932926745937,7.705058195415948,8.233690015840386,8.681213538189319,9.037528788050789,9.296799694572318,9.457946132153651,9.524821593796727,9.506028550605292,9.414336601233487,9.265689210877968,9.077820997646892,8.868568710363713,8.654048727136317,8.446976004995284,8.255476905422615,8.082382304800413,7.9267934959797275,7.78372112502372
-4.795777886460159e-7,0.05657509166346348,0.12481333381746305,0.21309174467616246,0.32603864511017894,0.4657237602464721,0.6327549033131766,0.8268813631975531,1.047266734881438,1.2926001484182268,1.561138437476919,1.8507234407676745,2.158795129667888,2.4824102286081584,2.81827056526713,3.162762485086348,3.5120069846947377,3.861919202548767,4.208275301265592,4.5467844605369505,4.873163600291489,5.18321252046562,5.4728873345764235,5.7383703513005155,5.9761348858979435,6.183003828695334,6.356201131758126,6.493395673137983,6.592737202771163,6.6528842546215445,6.673024023246902,6.671230318850972,6.665864020780703,6.656969306709812,6.644618918321589,6.6289128454110156,6.609976515228525,6.5879585188215515,6.563027915348753,6.535371164539768,6.50518874650973,6.472691536796442,6.438097012482353,6.401625372235089,6.363495658634724,6.3239219748076305,6.283109888703666,6.241253116925216,6.198530575510717,6.15510387729008,6.111115344327923,6.066686589720574,6.021917705992015,5.976887078135076,5.931651818740968,5.886248801564947,5.840696249271564,5.794995811972704,5.749135056420666,5.703090272107767,5.656829490620433,5.606801925733807,5.552843804206692,5.495786820280824,5.436435620178238,5.375558196602365,5.313877842426431,5.252066725991882,5.190741073193894,5.130457871339969,5.071712952736582,5.01494027729428,4.9605122166723,4.908740648735271,4.85987869862569,4.8141230068606236,4.771616458293485,4.732451359684284,4.696673098876544,4.66428434730642,4.63524987447034,4.609502026172729,4.586946879517499,4.567471031225795,4.5509489081570225,4.537250416487401,4.526248675152196,4.5178275161646635,4.511888386715466,4.508356265118172,4.507184215670665,4.498630214267786,4.4728904981426805,4.429754133231116,4.368940394493603,4.290194457560958,4.193402090851233,4.078707855095377,3.9466212099270495,3.798096606875419,3.6345765552696974,3.4579902079930767,3.270703798399362,3.0754230702434877,2.875051727024358,2.6725141216745105,2.4747757932286745,2.2803587223877546,2.0907873199340457,1.9068341779047169,1.7284823966420366,1.5549893628201577,1.3850505166176938,1.2170395824960503,1.049283722377623,0.8803249162515524,0.709124660618131,0.5351842958921046,0.35857160059579785,0.17986029009547616,-5.331554096250227e-7,0.2620674449852721,0.5184033743881034,0.7642419652116941,0.9966202917976497,1.2149405933781918,1.4211062284332419,1.619118957458244,1.8141338704079166,2.011149506502572,2.213698083986585,2.4229636244342205,2.637609321141397,2.854312260538792,3.068765432802769,3.276857103992686,3.4763042261454005,3.6560600565161514,3.8349203216069383,4.001969074640106,4.1624181731763565,4.319467372987267,4.475519277059672,4.6317521419021235,4.787990518394483,4.942986239630411,5.095012130263233,5.242566217011217,5.384957934023879,5.522589091000493,5.656829490620436
-4.2228687510887507e-7,0.05657509166431402,0.12481333381812697,0.21309174467677025,0.32603864511075553,0.46572376024697026,0.6327549033137115,0.8268813631980801,1.0472667348819669,1.2926001484187382,1.56113843747744,1.8507234407681843,2.158795129668407,2.482410228608654,2.8182705652676336,3.162762485086847,3.51200698469523,3.86191920254925,4.2082753012660765,4.546784460537432,4.873163600291959,5.183212520466101,5.472887334576892,5.738370351300979,5.9761348858984125,6.183003828695806,6.356201131758596,6.493395673138454,6.592737202771629,6.652884254622009,6.6730240232473665,6.675400905055607,6.682502147253187,6.6942403060777,6.7104721639484355,6.7310024062176,6.755588564307279,6.783947039099747,6.815759988689726,6.850682848436826,6.888352248140331,6.928394099397821,6.970431643315264,7.014093271840807,7.059019962235614,7.1048721910306805,7.151336219220077,7.198129662999944,7.2450062832876805,7.291759942322732,7.338227687098312,7.38429192780209,7.429881685694626,7.474972889919589,7.5195877076681885,7.563792897943971,7.607697186830032,7.651447672407797,7.6952252807804795,7.739239310989155,7.783721125023724,7.802694911281817,7.7638081288646354,7.665878763970535,7.522251881626935,7.349878596518219,7.161667804399851,6.965917582622827,6.767859035613091,6.570940616756771,6.377593590113543,6.189653473340998,6.008587828840084,5.835616928609474,5.67177361447357,5.517927708648233,5.374789917636687,5.242905017477499,5.1226414392392545,5.014182768328585,4.917525396916502,4.8324852732734165,4.758715264415862,4.695733144709937,4.64295879913513,4.599758071514906,4.565489942079266,4.539553446131292,4.521430908694846,4.510724554838387,4.50718421567066,4.49838638157515,4.471936171033359,4.427684135382001,4.365447131540265,4.28509729242118,4.186668382427179,4.070464790830139,3.937158178170307,3.787858240552841,3.624146707524756,3.4480670388886154,3.262065969246354,3.0688869273653534,2.8714195333800334,2.6725141216746633,2.47055518672093,2.271536004357124,2.077248827171378,1.8887791497873898,1.706441965193153,1.5298119031426967,1.3578516268735221,1.1891223864608118,1.0220413603476475,0.8551395573560205,0.6872755441245045,0.5177726335761242,0.3464649728251891,0.17365528526934315,-4.795777886460159e-7,0.07542853657537679,0.1581971520194507,0.254417369529902,0.36840383058545095,0.5027895215458773,0.6589425016180152,0.837378267012057,1.0380641272840119,1.2606202786447664,1.5044430461444875,1.768766873924492,2.0526784063075105,2.355103347093469,2.6747871638997744,3.010246359549918,3.3591338982024648,3.7295068765834087,4.101471038738256,4.486542315099994,4.8812349911211275,5.284395708539891,5.695158772354178,6.1127410644016225,6.536296257233324,6.964754613314974,7.396652029017278,7.82995426841728,8.26221825130233,8.689458713242287,9.107823457417062
-1.6728164649216576e-7,0.06015936312242566,0.13700835058854616,0.2411813718434021,0.3773914032701468,0.5469885115314166,0.7496621902112444,0.9842047361293322,1.2488234624655652,1.5412718282484346,1.858910748128067,2.1987442749361445,2.557447944448985,2.9313977991711386,3.316703711600492,3.709248530933573,4.104733442620189,4.49872923879088,4.886732740411983,5.2642273012039835,5.626746119140699,5.96993696285641,6.289626873577484,6.5818854165015335,6.84308511762451,7.06995782185185,7.25964583531671,7.409746859633762,7.518351880255723,7.5840753288835945,7.606076996714356,7.603972857171886,7.597674698424886,7.587225056901336,7.572694020419089,7.554178034511444,7.531798262548365,7.505698530733109,7.476042897619078,7.443012896039941,7.40680450312301,7.367624901164356,7.325689098351518,7.281216483356039,7.23442739139396,7.1855397611731915,7.13476596193358,7.082309867300941,7.028364247753877,6.973108546068419,6.916707090205816,6.859307785924321,6.801041317245572,6.742020867246358,6.682342355048827,6.622085168006023,6.5613133516307265,6.5000772045026745,6.438415211874593,6.376356240556271,6.313921909340095,6.248808338929851,6.179315016290551,6.106348859981355,6.030787227996083,5.95346853970616,5.875184513617066,5.796674069127137,5.71861886573935,5.641640385105971,5.566298405587178,5.4930906804962705,5.422453613099689,5.354763724761166,5.29033973583993,5.22944511800646,5.172291025284888,5.119039561712923,5.069807387975242,5.024669700442018,4.983664628337305,4.946798085641871,4.914049084390491,4.885375469027797,4.86071997385823,4.840016445470378,4.823196017942517,4.810192988524934,4.800950121456469,4.7954231112113535,4.793583964549562,4.784168177556993,4.755880729210385,4.708620306692133,4.642278497099479,4.556821360061975,4.4523869171557235,4.329384905224234,4.188584806982859,4.031179417712225,3.858813632792362,3.6735713155948395,3.4779166958179277,3.2745905984403305,3.066465944417868,2.856371545129708,2.6468983275199847,2.4402075270641834,2.2378651329063093,2.040729138233326,1.8489135378776163,1.6618436526338602,1.4784015388455138,1.2971414928795302,1.116539948902294,0.9352369883728965,0.7522303934569313,0.566995419970968,0.37951926114410467,0.19025370009139494,9.503651346391556e-8,0.06327611187284458,0.14222390284403286,0.2471643334674399,0.3828675648374668,0.5507407909782346,0.7504890527937687,0.9809535528711062,1.2405006661431326,1.527208506980493,1.838962111048246,2.173505504059357,2.528474582686002,2.901425459406415,3.289868569388881,3.691315399500301,4.1033407870273,4.5236591457892,4.950208095648282,5.3812284784776185,5.815326440815707,6.251501945324432,6.68912940119156,7.127880449370532,7.567586194355257,8.00804557931375,8.448796685650743,8.888876497817282,9.326600027650917,9.75939011352806,10.183684290037116
9.503651346391556e-8,0.5002964719945396,0.9995630040703294,1.497354359635608,1.9942839653049647,2.4922867361389036,2.9945953276804493,3.505398703607823,4.029214549840127,4.570075683914703,5.1306827058068105,5.711688609169501,6.311248511965825,6.9249025692219375,7.545788729812161,8.165127556598486,8.77289359343593,9.358583294445879,9.91199872277057,10.42398004373013,10.887032890975982,11.295807192092488,11.647392572000204,11.941403754575164,12.17983965085926,12.366714230136598,12.50747739925407,12.608270041103472,12.675086500967573,12.712944148517048,12.725174406951197,12.721742954738795,12.711458347640233,12.694349773354245,12.670465675369352,12.639873450283607,12.602659026720186,12.558926328506862,12.508796625549264,12.452407776589592,12.389913368800796,12.321481759922715,12.247295029396335,12.167547845693134,12.08244625776558,11.992206419255073,11.897053254781202,11.797219078291432,11.69294217406719,11.584465351547774,11.47203448563881,11.355897054602584,11.23630068797064,11.113491737159544,10.987713881593207,10.859206783125863,10.72820480140038,10.594935782459105,10.45961993243037,10.322468787440359,10.183684290037114,10.060494316833298,9.977681131915084,9.941781966075382,9.95030205492466,9.99454335736422,10.065087781271416,10.154694952212779,10.258551570488862,10.373601386898006,10.497860798030123,10.6299278646744,10.768665093019205,10.913002750123946,11.061821386129745,11.21388695055859,11.367821917192607,11.522101753744641,11.67506943299818,11.82496262074774,11.96994937253172,12.108168994182725,12.237775354955035,12.356980469804936,12.464096621584748,12.557575684103737,12.636044635387686,12.698336518914296,12.743516323285306,12.770901414388737,12.780076277019479,12.765921146385157,12.722629187307833,12.647822988204377,12.53786636181349,12.388305202663451,12.194398944129011,11.951678702317826,11.656473015741255,11.306354184280428,10.900473601781433,10.439769818156103,9.927046261384973,9.36692571660084,8.765695762497778,8.131063788432275,7.471842443535856,6.7975868130973245,6.118203557532015,5.443549853342511,4.783036367164137,4.1452438672721215,3.5375578814359385,2.965821046143138,2.4340004275012928,1.9438704509491982,1.4947255981925083,1.0831640817003014,0.7030208360406429,0.3455570499181349,-1.6728164649216576e-7,0.453537108337149,0.9230202118197749,1.422264154734592,1.9612832516694578,2.545321845012229,3.174556391057563,3.8442940115517166,4.545485589076128,5.265432523429672,5.988627201790499,6.697700542693223,7.374457043914289,8.000969487097903,8.560691722489528,9.039534945929951,9.426843530405401,9.716201615013102,9.906000930090647,9.999702980149562,10.005734424765791,9.936964755596064,9.809735012344778,9.642444580226742,9.4537716299623,9.260706329591219,9.076696237271362,8.910286107366874,8.764604911425907,8.637870861643623,8.524801840657751
1.33726256239961e-7,0.0601593631213289,0.13700835058835606,0.24118137184322824,0.3773914032699974,0.5469885115313988,0.7496621902112186,0.984204736129321,1.2488234624655492,1.5412718282484281,1.8589107481280502,2.198744274936123,2.5574479444489695,2.93139779917113,3.3167037116004825,3.7092485309335688,4.104733442620202,4.498729238790893,4.886732740411993,5.264227301203986,5.6267461191407095,5.96993696285642,6.289626873577495,6.581885416501542,6.843085117624522,7.069957821851858,7.259645835316719,7.40974685963377,7.51835188025573,7.584075328883598,7.606076996714361,7.608111102460464,7.614187463622498,7.624228855520076,7.638108692938081,7.655654136454515,7.6766502913094214,7.700845360168609,7.727956586321836,7.757676807923061,7.789681436766089,7.823635675998539,7.859201798772031,7.896046322436081,7.933846928733944,7.972298997868524,8.011121641833673,8.050063138945173,8.088905686331602,8.127469399910257,8.16561550207635,8.203248646269675,8.240318335277129,8.276819397276842,8.312791491025958,8.348317620074116,8.383521646254964,8.418564805680658,8.453641246583777,8.488972627920678,8.524801840657751,8.540847769772439,8.510497564853168,8.42948920581485,8.30256120494311,8.140594179642216,7.955094514096117,7.755260887557031,7.547697849557702,7.337048990623774,7.126646531313687,6.9189714450187605,6.715945618885436,6.519110885041355,6.329737478642382,6.148889305899048,5.9774628937654315,5.816210513045341,5.665754209487055,5.526595217649836,5.399121785198367,5.283617416286519,5.180270750043785,5.089187630175283,5.010405362982545,4.9439087051002755,4.889646782593299,4.847549931675057,4.817545370233084,4.79957064832479,4.793583964549569,4.7841681775569915,4.755880729210376,4.708620306692126,4.642278497099482,4.556821360061975,4.4523869171557235,4.329384905224239,4.188584806982864,4.031179417712229,3.8588136327923666,3.6735713155948355,3.4779166958179233,3.274590598440335,3.066465944417873,2.856371545129717,2.646898327519977,2.4402075270641927,2.237865132906337,2.0407291382333472,1.848913537877627,1.6618436526338678,1.4784015388455276,1.2971414928795417,1.1165399489023207,0.9352369883729084,0.7522303934569747,0.566995419971024,0.37951926114418716,0.19025370009166584,1.33726256239961e-7,0.2829613282534547,0.5605064358296057,0.8280487090841309,1.0825453245192382,1.3229790983327538,1.5504972492933438,1.7681278665884488,1.9800711762620027,2.1906853005929583,2.403415648301517,2.6199774755971776,2.8400342178798135,3.0614410864588915,3.280937459857011,3.495060172609007,3.7010341007122043,3.8974434630824843,4.0845571678645385,4.264255665117756,4.4395846058315,4.614042486696064,4.790781858081371,4.97193788844201,5.1582666342493475,5.34917675611669,5.543107637734016,5.738097483993726,5.932336973010919,6.124525631053272,6.313921909340094
-8.41736299087231e-7,0.07119916762532481,0.16139208911145186,0.28279114004086836,0.4408304224293606,0.636991321642496,0.8707684967118319,1.1405890737738735,1.444208582089157,1.7788897652117581,2.141493192370231,2.528531140401571,2.9362060126213994,3.360442805079187,3.7969204061201776,4.241104515105963,4.68828402853017,5.133612197745858,5.572153434727579,5.998936219081982,6.409012105604396,6.79752034974211,7.159757180494652,7.491248287648617,7.787822686100601,8.045685805109244,8.261489449484376,8.432396209768765,8.55613596698413,8.631052342610074,8.656137275215178,8.65370830398817,8.646440990928182,8.63439379545087,8.617663014049999,8.596381096218744,8.57071432625561,8.540859910616568,8.5070425219275,8.469510362167986,8.42853081870538,8.384385797547633,8.337366828052057,8.287770041954973,8.235891136488117,8.182020435988614,8.126438168256533,8.069410070470472,8.011183434330208,7.951983690998826,7.892011623301197,7.831441275674212,7.770418611990154,7.709060948275617,7.647457162445474,7.585668657558354,7.52373102997747,7.461656370396245,7.399436105094318,7.337044267987804,7.274441081757331,7.208878172597078,7.138249090797561,7.063450796505543,6.985349287537931,6.9047722575701425,6.822503349955141,6.739277996526384,6.655780769136499,6.572644116571345,6.490448314558636,6.409722424889585,6.3309460431643,6.254551614007369,6.180927106972749,6.110418873520353,6.04333454194036,5.979945848596572,5.9204913456541455,5.865178963013107,5.81418843164816,5.767673594283055,5.72576463610476,5.68857026346285,5.656179844145416,5.6286655020578324,5.606084135921919,5.588479310134072,5.575882949961554,5.568316765672096,5.5657933325125795,5.553809647277955,5.517953396602075,5.458514008714029,5.375989610028593,5.271107388583283,5.144846005282994,4.99845485851899,4.833464670241952,4.651684171482842,4.45517859398002,4.246227154235955,4.0272586607059235,3.8007666899658896,3.569208354698067,3.334893371135594,3.0998726778216876,2.8658378689200243,2.6340436367459814,2.4052646466680367,2.1797952985662006,1.9574955964487026,1.7378794783442815,1.5202348050170138,1.3037585159862242,1.0876877581403244,0.871408770262012,0.6545295831396428,0.4369089478910078,0.21864082564758416,-3.437702155277852e-7,0.5430572015624515,1.1116155632062747,1.7269037148472088,2.4029194907176343,3.145275980017563,3.951498086179433,4.812117307626352,5.712057172826037,6.632056011698615,7.550051002019532,8.44252464214947,9.285828647408481,10.057486022118827,10.737450064391725,11.309278512664173,11.761165283920644,12.086761962621132,12.285715940975106,12.363851219754572,12.332921412518827,12.20987469268959,12.015593591870111,11.773120184001675,11.505463021480708,11.233210794939314,10.972324289564957,10.732574244945566,10.517046811909376,10.322905486241646,10.143248122024502
-8.252373211329824e-7,0.5930776847850519,1.1865514379905646,1.7814692735636388,2.3800297568472164,2.985794754726387,3.603529341594012,4.238653772633071,4.896381608638857,5.580700881905212,6.293401223572927,7.033339390928488,7.796073605050726,8.57391082966963,9.35633296482312,10.130718004409463,10.883253026188488,11.59993837074043,12.267594883982575,12.87480011371493,13.412690754568303,13.875576688401955,14.261317881455875,14.571421471501749,14.81082569511792,14.987353605944643,15.110846611379218,15.192027910273461,15.241196758865387,15.26690664667758,15.274816756563002,15.270809949224223,15.258799808937928,15.238817118817963,15.210912977609386,15.175158491687478,15.13164434717783,15.080480265495842,15.021794346512817,14.955732304439021,14.882456602366274,14.802145492227757,14.714991967703064,14.621202638318515,14.520996533656735,14.414603847190904,14.302264629790216,14.184227443396924,14.060747985745389,13.932087697272538,13.79851236155063,13.66029071065116,13.517693046816719,13.370989891672163,13.220450673940908,13.066342466247324,12.908928781078203,12.748468435345023,12.58521449224164,12.419413288225954,12.251303551984208,12.10363644050225,12.008386507153885,11.973306094649791,11.994695407440911,12.060968710719878,12.159653855699878,12.281125249978366,12.418945301703735,12.569019508876336,12.728726868502319,12.896292282335134,13.070375352073908,13.249807484594951,13.433425258046096,13.619967467930492,13.808016472848031,13.995972128805963,14.1820507435117,14.364303611531728,14.540650751121547,14.708926003334863,14.866929978689038,15.012487603621956,15.143507298177855,15.258039128208717,15.35432961505766,15.430871238503203,15.486445019149917,15.520154902662748,15.531452983866528,15.51869821692493,15.479219370994375,15.409511122601938,15.304171806161094,15.156497554371013,14.959197035502347,14.705141509064493,14.388073335098312,14.003213821813738,13.547732457508712,13.021059523070514,12.42504024524914,11.763940256038916,11.04431952180985,10.274795908284048,9.465720977780753,8.62879009564102,7.776606821414204,6.92221802270136,6.078631168853264,5.258318788535751,4.472707227518232,3.7316383740973613,3.0427863235460193,2.411011914046047,1.8376584245090752,1.3198490019350235,0.8499527744996113,0.41551584564869803,-8.41736299087231e-7,0.07560064976640497,0.17275397976993748,0.3045816590606442,0.47610452179518065,0.6878347592322069,0.9381419384406205,1.2243774367754816,1.5434212552921591,1.891990519492848,2.2668379779637475,2.664885741736723,3.0833110924340175,3.5195929661029095,3.971526523136789,4.437213866357891,4.915039256512777,5.403636185454301,5.901851253817052,6.40870635893223,6.923357000226201,7.445041495565487,7.973014459957652,8.506458638655307,9.044372269059167,9.5854341837698,10.127854952247956,10.669228217621393,11.20640065902167,11.735380591895982,12.251303551984206
-3.437702155277852e-7,0.07119916762881423,0.16139208911317698,0.28279114004191924,0.44083042243006754,0.6369913216429542,0.8707684967121888,1.1405890737741478,1.4442085820894217,1.7788897652119593,2.141493192370408,2.52853114040173,2.9362060126215646,3.36044280507932,3.7969204061202886,4.241104515106077,4.6882840285302825,5.133612197745977,5.57215343472768,5.998936219082081,6.409012105604499,6.797520349742213,7.15975718049475,7.491248287648706,7.787822686100689,8.045685805109338,8.261489449484474,8.43239620976886,8.556135966984229,8.631052342610166,8.656137275215272,8.65933010438216,8.668869484525388,8.68463909739184,8.706448384373884,8.73403736419193,8.767083108587524,8.8052076312224,8.847986906244442,8.894960712302636,8.945642994401187,8.999532447571282,9.056123049547573,9.114914300622827,9.17542096380807,9.237182133974,9.29976949812882,9.36279467855927,9.425915575212885,9.48884164316276,9.551338055610351,9.613228713444828,9.674398069999807,9.734791745620964,9.794415912346674,9.853335435751694,9.911670770057816,9.969593615041388,10.027321359882547,10.085110360385684,10.14324812202451,10.17685449527815,10.152868837468079,10.065555085014571,9.920517785167782,9.731141615621578,9.511597462700301,9.273112983876711,9.02363086766499,8.768648257910863,8.512074862382654,8.256842912181979,8.005295083965136,7.7594195725751485,7.5209859721179075,7.291616546554175,7.072814580461716,6.865964105020922,6.672311419666721,6.4929369453089505,6.3287250187063995,6.180338563538199,6.048204661632622,5.93251559810095,5.833247879743428,5.750199169327246,5.683040379437164,5.631377773207709,5.594818243116934,5.573030256001087,5.565793332512524,5.553809647277897,5.517953396602018,5.458514008713957,5.375989610028538,5.271107388583219,5.144846005282926,4.998454858518917,4.833464670241893,4.651684171482771,4.455178593979951,4.246227154235885,4.0272586607058445,3.800766689965795,3.5692083546979734,3.334893371135506,3.0998726778216024,2.865837868919913,2.6340436367458713,2.405264646667936,2.1797952985660936,1.9574955964485803,1.7378794783441527,1.5202348050168608,1.3037585159860674,1.0876877581401678,0.8714087702617821,0.6545295831393583,0.4369089478905815,0.21864082564672413,-8.252373211329824e-7,0.3260760605366218,0.6466906873981076,0.9571597372173598,1.2542480218125969,1.5366305155313376,1.8050469133948814,2.062082792827543,2.3115740364043478,2.5577287409453464,2.8041650452080855,3.0531209030331548,3.30505637552919,3.558743480843655,3.81178166005621,4.061359475954654,4.305040399970551,4.541373829191364,4.7701950373430595,4.9925587622170005,5.210339734979574,5.425619069134101,5.640038762901054,5.854322372113187,6.068112104513982,6.280170308146599,6.488871943179403,6.692818046248008,6.891358913463523,7.084837684529687,7.2744410817573275
-4.561749263823066e-7,0.06745893767254713,0.14921666123281047,0.2554246354618752,0.39156653380206624,0.5599931018997442,0.7612926951851597,0.9950330213053757,1.2600954183098478,1.5548131654123423,1.8770260509929824,2.224103736000199,2.5929622635233263,2.980085150035697,3.381554273182306,3.7930925028009668,4.210118140458355,4.627810077105399,5.041181857947486,5.445162419897698,5.834681064306503,6.2047541959858385,6.550571459309985,6.867579098439457,7.151558629288694,7.3986992062707255,7.605662371044273,7.769638161798122,7.888391823685376,7.96030058351638,7.984380130676178,7.987403402600278,7.996436968245651,8.011372988906926,8.032034735867686,8.05818096931039,8.089511829033759,8.125676018801787,8.166279031564898,8.210892144241829,8.259061907528052,8.310319866221624,8.364192265819886,8.420209528201156,8.477915309660444,8.53687498541508,8.59668343357,8.656972016814201,8.71741468093625,8.777733105392944,8.837700852985867,8.897146473956333,8.955955525542086,9.014071472463309,9.07149543820368,9.128284782598639,9.18455048932882,9.240453358479902,9.296199015187678,9.352031766053477,9.408227360621943,9.438388818793795,9.411564343128994,9.32351298718597,9.181768545525644,9.000534211590876,8.793461766685596,8.570723351252175,8.339261525677541,8.103815807629626,7.867779755305984,7.633761233240796,7.403919094097427,7.180155050753752,6.964213588811678,6.757722117625805,6.562191344742209,6.378989528167668,6.209301388205341,6.054081383582307,5.9140106323839685,5.789466154478911,5.680509753104574,5.586901471978365,5.508139265639653,5.443522765596027,5.3922354897578595,5.353437189746638,5.3263566870525585,5.310375597114448,5.30509455869016,5.293594920748548,5.259207071885463,5.2022647931364165,5.123326009988024,5.023174113064438,4.90281771749764,4.763487082118815,4.606625305293407,4.433872550218631,4.247041925203181,4.048086229857277,3.83905553573401,3.622046446350323,3.3991448123895194,3.1723645878826483,2.9435863138787535,2.714499304405256,2.486551869893075,2.2609137292356793,2.038454040310316,1.8197371880147732,1.6050366794293953,1.394365410464699,1.1875185168684637,0.984123406184564,0.7836907604679467,0.5856605364630922,0.38943828221400745,0.1944192094884925,-3.365437182355711e-7,0.5265572896462902,1.0766744939739514,1.6700111775166784,2.3195066975988987,3.030176059857336,3.7993291923232357,4.617631461415608,5.470482783016565,6.339430159679882,7.203518033374838,8.04057187502206,8.828433671183639,9.546159259147531,10.1751680606531,10.7003154297313,11.110840410614143,11.401128475245939,11.571219995855053,11.626990745978109,11.579931129964617,11.446458632296952,11.246719634766336,11.002883994995749,10.737022773790226,10.468791021012244,10.213287683024653,9.979561575968859,9.770180973365287,9.582041137593999,9.408227360621947
-3.365437182355711e-7,0.5719851338054549,1.1450138376008803,1.7206720874248331,2.301485701856077,2.8910512719729864,3.4938275504034064,4.1145858285859065,4.757600301171837,5.425729516495952,6.119572335668407,6.836863693013455,7.572215883650013,8.317235453160839,9.060980398182176,9.790681907202634,10.492639687983731,11.153201969677411,11.759751057347225,12.301626052905657,12.770922691919656,13.1631154147313,13.477449596881025,13.717054213593537,13.888730218059779,14.002382186084484,14.070086184697322,14.104830664319097,14.11903005984825,14.12298301342094,14.123505554635608,14.11973379369742,14.108427893290182,14.089615946619723,14.063344596018892,14.029678764749608,13.988701284153642,13.940512418768087,13.88522929274746,13.822985221648677,13.753928954329204,13.678223830381263,13.596046859171103,13.507587727168149,13.413047740830013,13.312638712849646,13.206581800067562,13.095106301797237,12.978448427701295,12.856850044683153,12.730557412517783,12.59981991812872,12.464888818522022,12.326016002402847,12.183452780423229,12.037448713833507,11.888250491030714,11.736100861111463,11.581237633042424,11.423892748457352,11.264291435376373,11.127841252917468,11.043900683722299,11.018408612987919,11.045461100753755,11.112433535551956,11.207215829269332,11.321149787033345,11.448780541694669,11.586822148716182,11.733282427540509,11.886874510800617,12.046642861367674,12.211726738782751,12.381210620317013,12.554032204244285,12.728931257764097,12.904429360417794,13.078833990422618,13.250261986358389,13.416678116153294,13.575944817780943,13.725879413656385,13.86431536730135,13.98916448372685,14.098477345426543,14.19049969592702,14.263722901901378,14.316927018569762,14.349215336795698,14.360039598913595,14.348693738158786,14.313552042058749,14.25142536929739,14.157391140882334,14.025323705829479,13.848533798306649,13.620441764527254,13.335216407320729,12.988326731552588,12.576972400521521,12.100376255564816,11.559936504481225,10.959246429344349,10.303995984455186,9.601773156572298,8.861784174092412,8.094511143243261,7.311323803277724,6.524058986636098,5.744577085710189,4.984299410573597,4.253724048342593,3.5619116827949107,2.9159293995045035,2.320245466119943,1.7760914972834239,1.2808626827815413,0.8277143662903408,0.4056005563178232,-4.561749263823066e-7,0.09672723287047329,0.20299983567649815,0.32677967748879594,0.47369306493265345,0.6471506871087401,0.8488679552314071,1.079395242996079,1.3385131302144275,1.6254896946020494,1.9392377454323781,2.2784091928261754,2.64145414903452,3.0266637632733526,3.4322093469570287,3.8561852125734735,4.296658088735249,4.751721726099812,5.219551508053574,5.69845089422841,6.1868798094558715,6.683455063274389,7.186914810530699,7.6960429456596735,8.209554816221685,8.725952016456109,9.243360228820796,9.759368928629316,10.27089419310056,10.77408521996634,11.264291435376377
-3.283252094447959e-8,0.06745893767428975,0.14921666123315833,0.2554246354621217,0.3915665338022286,0.5599931018998946,0.7612926951852933,0.9950330213055038,1.2600954183099717,1.554813165412462,1.8770260509930892,2.2241037360002966,2.5929622635234124,2.9800851500357846,3.3815542731823798,3.793092502801045,4.210118140458425,4.627810077105456,5.041181857947559,5.445162419897764,5.834681064306574,6.204754195985912,6.550571459310067,6.867579098439542,7.151558629288794,7.398699206270824,7.605662371044374,7.769638161798234,7.8883918236854855,7.960300583516488,7.984380130676289,7.982169401123891,7.975556443434039,7.964598592752103,7.949390221386651,7.930060981326058,7.906773387674152,7.8797197870578115,7.849118767739462,7.815211080735594,7.778255153481453,7.738522289174606,7.696291655458886,7.651845175065544,7.605462437830693,7.557415757541998,7.50796549773022,7.457355787279755,7.40581073919044,7.353531273782412,7.30069263115402,7.247442637132172,7.19390076295039,7.140157992401921,7.086277482427801,7.032295975361438,6.978225894767182,6.924058033333722,6.869764721803489,6.81530335336925,6.760620128951607,6.701024894742764,6.636984926303133,6.569446328939106,6.499314703684254,6.427443450874752,6.354623940047136,6.28157784670037,6.20895189317929,6.137315144788582,6.067158905695514,5.998899137749127,5.93288119740418,5.869386561906903,5.808641106948282,5.7508244145226906,5.6960795399605155,5.6445226560244315,5.596252020881187,5.551355783413684,5.509918238420026,5.472024268173092,5.437761846510396,5.407222627173618,5.380500779314253,5.357690359857927,5.338881615325382,5.32415667646498,5.313585141272245,5.307220031938944,5.305094558690171,5.292822136194486,5.256179531594873,5.1956878894795535,5.11220608048655,5.006915407672382,4.881296867087563,4.737099949241684,4.576302070406878,4.401058051899125,4.213639635807192,4.016365845119576,3.81152605558785,3.601298901000376,3.38767147981839,3.172364587882673,2.956770602240893,2.741910856246129,2.5284185551509015,2.3165512884348916,2.1062340609644714,1.8971298899065554,1.688731095100103,1.4804612383651568,1.271775810205504,1.0622492795949623,0.8516365740121342,0.6398982655065951,0.4271826364942494,0.21376938243831475,-3.283252094447959e-8,0.301818570506036,0.5991493168340731,0.8879389629115877,1.165130680018962,1.4292169648964026,1.6805464955385838,1.921254622787572,2.154807154698834,2.3852356308937366,2.6162278954259213,2.8503033458990514,3.088299656392015,3.3293067052713723,3.571040276280324,3.810519799077678,4.044848189818232,4.271892513317271,4.490710246886283,4.701635633066928,4.906022186441091,5.105722668113631,5.302461629573797,5.497293553813993,5.690318993635965,5.8807488695193095,6.067288975915865,6.2487066214211096,6.424377835125243,6.5946133458310525,6.760620128951613
2.4666285954090995e-7,0.05445435262603247,0.128701862349891,0.23363762286342363,0.3727958284535492,0.5462254559418652,0.7524340466688917,0.9891305102467288,1.2535290732067395,1.5425032413478215,1.8526839308751488,2.180532464659806,2.522398654056939,2.8745675254579064,3.2332962941691172,3.5948429222246796,3.9554879129812766,4.311551425790804,4.659408112492893,4.995502169451631,5.316364917929731,5.618636776538106,5.899094818008416,6.154686284424129,6.382567563672203,6.580147302728639,6.745131639547248,6.875569045478113,6.96989203017062,7.026952989198326,7.04605176272183,7.044006570971168,7.0378856844143165,7.027732930074532,7.013620559947669,6.995648074854744,6.973940604684391,6.948646871894714,6.919936772800527,6.887998618734068,6.853036086526357,6.815264934759059,6.774909548683597,6.732199382349439,6.68736537104304,6.64063639030622,6.592235839260824,6.54237842541995,6.491267225362661,6.439091090413363,6.386022458728236,6.332215625008781,6.277805506640902,6.222906930754875,6.167614451015272,6.112002686500653,6.056127158524331,6.000025585418568,5.943719580883802,5.887216689146974,5.8305126804272485,5.77134893475512,5.7079688749657285,5.641109334241681,5.571494326747784,5.4998272872528435,5.426784083783799,5.353006953960226,5.279099491339677,5.205622776550236,5.133092709962438,5.0619785595835,4.992702691817715,4.9256414063644085,4.8611267528296205,4.799449168729683,4.740860749373912,4.685578942006553,4.633790451116498,4.585655149514492,4.541309810033476,4.500871503842913,4.4644405507533085,4.432102951189176,4.403932275006065,4.37999102522731,4.360331531571316,4.344996456395288,4.334019012304973,4.327422995109514,4.325222728109452,4.315614728217318,4.286886913339325,4.239330537647699,4.173439335623829,4.08991966166863,3.989700318792974,3.873938340448422,3.7440167358760323,3.6015304371136443,3.4482573985806413,3.28611297879971,3.117087346310401,2.943167651771811,2.7662490136765854,2.588040814424492,2.409977097725872,2.23314151961259,2.0582177046783148,1.885474367532615,1.7147908308625617,1.545722863669508,1.3776020987997495,1.2096562654965384,1.041133711500357,0.8714151756327668,0.7000984676072934,0.5270466601453839,0.35239621937633264,0.17652695407864571,2.4666285954090995e-7,0.05776771186454755,0.13754965983760295,0.250961983882024,0.4012913791405473,0.5880040135044986,0.8089179657965413,1.0610466913668424,1.3409825885706743,1.6451276672924187,1.9698649443437315,2.311697761020286,2.6673637250604614,3.033923885464944,3.408826452723688,3.789944710693641,4.175589546720099,4.564497757999737,4.955797774225443,5.348954641892567,5.743696143726306,6.139921966700541,6.537598111394452,6.936639449929796,7.336784577770015,7.737468785882593,8.137702834616974,8.535966818147827,8.930129291256891,9.317401583305273,9.694335633802808
3.6697681500232755e-7,0.0544543526271529,0.12870186235014386,0.23363762286355022,0.3727958284536867,0.5462254559419099,0.7524340466689482,0.9891305102467722,1.2535290732067785,1.5425032413478084,1.8526839308751788,2.1805324646598168,2.5223986540569436,2.874567525457927,3.2332962941691252,3.5948429222246943,3.955487912981285,4.311551425790811,4.659408112492912,4.995502169451639,5.316364917929738,5.618636776538116,5.8990948180084235,6.1546862844241375,6.382567563672206,6.580147302728642,6.7451316395472505,6.8755690454781195,6.969892030170628,7.02695298919833,7.046051762721833,7.048094782195964,7.054194442448777,7.064263320944591,7.0781582573367965,7.095684068640765,7.116598556570395,7.140618629455415,7.167427331534798,7.196681555196974,7.228020206554273,7.261072600190933,7.295466872859468,7.330838225771709,7.36683682833639,7.4031352403606165,7.439435232903587,7.475473908727101,7.511029040766837,7.545923560920204,7.580029141844705,7.613268821899239,7.645618628646024,7.677108160482627,7.707820090146045,7.737888559247601,7.7674964408780305,7.7968714588038175,7.826281167826351,7.856026821179586,7.886436177689249,7.902311435633986,7.884524854324163,7.829854293108443,7.739488507640428,7.6185762886623785,7.473962875581068,7.3121253372525485,7.138283070898965,6.956371645695701,6.769341533772757,6.579485602156349,6.388698620813309,6.198657406998035,6.010934507458745,5.827060898246308,5.648550460352418,5.476896139091462,5.313545860342183,5.159865408390455,5.01709522640961,4.886308079925904,4.768374318239952,4.6639407091627465,4.573427256008884,4.4970439933499,4.434826736659047,4.386687620715676,4.352473619857218,4.332024658572651,4.325222728109465,4.3156147282173345,4.28688691333934,4.23933053764771,4.1734393356238435,4.089919661668647,3.989700318792989,3.873938340448434,3.744016735876045,3.601530437113662,3.4482573985806577,3.2861129787997307,3.117087346310418,2.943167651771829,2.7662490136766062,2.5880408144245166,2.409977097725895,2.2331415196126128,2.058217704678352,1.885474367532637,1.7147908308625917,1.545722863669537,1.3776020987997852,1.2096562654965806,1.0411337115004144,0.8714151756328375,0.7000984676073636,0.5270466601454795,0.3523962193764835,0.17652695407893595,3.6697681500232755e-7,0.26320426359412663,0.5213660182792116,0.7700679317073843,1.006070645792763,1.2277200467484979,1.4351381905207736,1.6301405210215558,1.8158571203784855,1.9960986912060636,2.174588806031863,2.3542492344645995,2.5367312607906043,2.7223131327335284,2.9101606114535334,3.0988336749824157,3.2868644918677425,3.4732379332062835,3.657656217693038,3.840539671854477,4.022789288734491,4.205401259691681,4.389064748851402,4.573877423891646,4.75927288078076,4.94418099144399,5.127361804062084,5.3077938527178095,5.484976542604042,5.659027512742252,5.830512680427253
4.892488566867999e-7,0.4476898026691602,0.8954186241290374,1.3438626671005367,1.7948304777590536,2.2514902464613327,2.7182421300004163,3.200215203078807,3.7024570379757664,4.228969431650762,4.781791717230809,5.360320053624622,5.960983274110617,6.577305727260524,7.20031139193271,7.819180914312524,8.422062838955991,8.99694958409162,9.532544633451673,10.019061935816083,10.448908673431971,10.817208598217716,11.122126691006905,11.364959249406315,11.549959460490717,11.683880505174104,11.775240016891122,11.833343944821529,11.867153440291295,11.884127258578129,11.889208356080582,11.886314680402503,11.877640854385076,11.863208438441244,11.843053224795845,11.817225025937343,11.785787380734993,11.748817180485458,11.706404217771073,11.658650661607274,11.605670462926483,11.547588694983748,11.484540833773288,11.4166719840065,11.344136056622869,11.267094904175208,11.18571742075073,11.100178613354057,11.01065865188419,10.917341904982981,10.820415969114771,10.720070698252577,10.616497241497088,10.50988709583589,10.400431181065889,10.288318943648347,10.173737495948137,10.056870796927017,9.937898879917418,9.816997132605712,9.694335633802817,9.583692644723733,9.503312875957375,9.4576191487158,9.44649183991442,9.465746362517331,9.509424833995155,9.571887227757827,9.64872303647211,9.73679288698776,9.833936946747917,9.938645474873468,10.049788343320174,10.166415745608901,10.287618620102345,10.412435144931269,10.539792648478091,10.668477332247813,10.797126267496719,10.92423730859987,11.048193185608834,11.167296370648598,11.27981153909281,11.384012666239144,11.478232054670928,11.560908882147816,11.630635182272195,11.686197502189835,11.726612806729802,11.751157505344752,11.75938876165417,11.75609551341301,11.744777977800354,11.7212922775865,11.679267001693436,11.610810214301202,11.507336806422362,11.360407330404847,11.162489273677767,10.907581293496685,10.591670446969806,10.213016096935519,9.772270201050262,9.272452940267195,8.71880695073118,8.118554572241521,7.48058179879178,6.815070739528455,6.133099656664675,5.446226020338769,4.766063286293542,4.103855900129954,3.4700489442492195,2.8738386434837055,2.322678382563813,1.821705781690077,1.3730610421264808,0.9751100592773818,0.6217039254019822,0.3018078120548018,4.892488566867999e-7,0.3999996649352918,0.8234905809953103,1.2896231875309652,1.8104464444036836,2.3901605820286314,3.0257844517614187,3.7084306429854044,4.424678472945815,5.157855800031655,5.889213209565187,6.5990273282026255,7.267666315420098,7.876628990812003,8.409546399229022,8.853116348877023,9.19792852526764,9.439129537503725,9.576872458351387,9.616492692414285,9.568350441812523,9.447280559538624,9.271598302995283,9.061636436434656,8.837854067764065,8.618676560668693,8.41838778401134,8.245534776885822,8.10230766268744,7.98514428970141,7.886436177689254
6.24766090378517e-7,0.07001238720251463,0.15215767940305597,0.2557569455530134,0.3866588859795244,0.5480915520546644,0.7416362070643632,0.9678253372895852,1.2264225569658487,1.5165277532981811,1.8366048800124235,2.1844850869361827,2.5573715900442044,2.9518586932998274,3.3639698629290935,3.7892155574796735,4.222669095039095,4.659057451710949,5.092863159464787,5.5184332018834255,5.930090866859886,6.322246816996426,6.689506110259305,7.026768483109041,7.3293198388135545,7.592913512516111,7.813840465213246,7.9889880523501136,8.115887390829652,8.192749594822022,8.218491263550598,8.221163870151257,8.229156149020747,8.242391973895066,8.26074610851264,8.284046618776786,8.312078154451285,8.344586011458775,8.381280868823334,8.42184408234595,8.465933410227994,8.513189043661722,8.563239817165567,8.615709478239722,8.670222902765342,8.726412150519872,8.783922263415747,8.842416716960535,8.901582442580597,8.96113434466461,9.020819241500702,9.080419163912879,9.139753949706927,9.19868307647417,9.257106680393512,9.314965714945124,9.372241211373547,9.428952612623965,9.485155164280243,9.540936358899055,9.596411441117922,9.61974529099244,9.567080560908297,9.436176560108844,9.245936673145797,9.01951339010756,8.773768689324495,8.519358583156288,8.263137070163772,8.009850750057154,7.763055593038575,7.5255800884588675,7.299750139620416,7.087488915851094,6.890350277608958,6.709518249366057,6.54579264695252,6.399574707667516,6.270862680093168,6.159264054390043,6.06402779553481,5.984096584477015,5.918176043690182,5.864815687021846,5.822495214394436,5.789709821469352,5.765049185394051,5.747266315365374,5.735334082966586,5.728488621429969,5.726259703202538,5.716104659611681,5.685467421415289,5.633868968660702,5.56062967418931,5.46502885130606,5.346494431490083,5.20479606863187,5.040215200416444,4.853669177731247,4.646772975711407,4.421830764233011,4.1817595709813755,3.9299555978616367,3.6701172158509285,3.4060373205013437,3.1413760524755614,2.8794272123236007,2.622897907838913,2.373727512520505,2.132974929335593,1.9007993918580028,1.6765479474376865,1.4589433183153302,1.2463436734748057,1.037028349911465,0.8294574662711904,0.6224609924443685,0.41533084273453375,0.2078111075532223,8.3334216385748e-7,0.5235327142535674,1.0605537637331708,1.6230608701012164,2.2202794071433,2.857731015973279,3.53669965556174,4.254069135476873,5.002476176971761,5.770726106235706,6.544432352199709,7.306849974205714,8.03987220977394,8.725149384033934,9.345275806499185,9.884976542332154,10.332214961289798,10.679135243864721,10.922752178547327,11.065303939906693,11.114192973699003,11.081458204136943,10.982753854497819,10.835864111633398,10.658865262095418,10.468153665658667,10.276661820468172,10.092632565634492,9.919245962043403,9.75526528690869,9.596411441117928
6.810118419250012e-7,0.0700123872028887,0.1521576794034611,0.25575694555347894,0.38665888597994635,0.5480915520550987,0.7416362070647935,0.967825337290012,1.2264225569662628,1.5165277532985801,1.836604880012801,2.1844850869365406,2.5573715900445415,2.951858693300142,3.3639698629293826,3.7892155574799404,4.22266909503934,4.659057451711173,5.092863159464989,5.5184332018836075,5.930090866860049,6.322246816996573,6.689506110259436,7.026768483109162,7.32931983881366,7.592913512516208,7.813840465213335,7.988988052350192,8.115887390829723,8.192749594822098,8.218491263550678,8.21619527567707,8.209328754144908,8.197955586536475,8.1821807980552,8.16214839905268,8.138038429089981,8.110063255381519,8.078463200288935,8.043501589277595,8.005459327091934,7.964629125368312,7.921309518844649,7.8757988189699395,7.828389162189026,7.779360814567183,7.728976893858502,7.677478663881478,7.62508154366042,7.571971955066614,7.518305107908046,7.4642037912726975,7.409758205573893,7.3550268327030786,7.3000383037722,7.244794187060961,7.189272584883795,7.133432398868515,7.0772180999747345,7.020564823414779,6.963403599936774,6.903332565138466,6.8390249684431526,6.771444188287173,6.701510190985654,6.630096221201294,6.558027331882493,6.486080079314203,6.414982626705651,6.3454144950983915,6.278005282197179,6.213331838773358,6.151913639471549,6.094206390158476,6.04059424670463,5.991381340982499,5.946783575185231,5.906921813388155,5.871817636801052,5.841392719747353,5.8154726314153935,5.793795500216589,5.7760255378941014,5.76177096468613,5.750605460700457,5.7420919387688585,5.735807220748921,5.731366113984388,5.728443421783657,5.726792563575802,5.726259703202528,5.715697583497577,5.683889506253111,5.63049954526823,5.555061248541886,5.4571045164079965,5.3363091936557785,5.192666417687746,5.026628997464251,4.83923423290131,4.6321852207514045,4.407878418112001,4.169365881074356,3.9202424040372947,3.664454179871009,3.4060373205013255,3.148808171728131,2.8960390157096327,2.650161483507641,2.4125453316683103,2.1833988870400542,1.9618242485750121,1.7460329911884296,1.533691920951068,1.3223359682907467,1.109769902648531,0.8943878552695304,0.6753644894960157,0.4527025518043744,0.2271479295527671,6.810118419250012e-7,0.019844828972278218,0.0727448750548725,0.16007839523437686,0.2809722610969542,0.43430452669896685,0.6188947651489931,0.83364180738,1.0776176366358443,1.350091506253651,1.6504684516186434,1.9781523516381019,2.332372402784683,2.7120251123761143,3.1155731334806873,3.5410133226556826,3.985865334162807,4.44633980012132,4.927274450768762,5.413910430260881,5.910795522501423,6.415024131298102,6.924935703801352,7.439400889485054,7.957654754134797,8.479081386549717,9.002928901738734,9.527982287297073,10.052247936230424,10.572644445962736,11.084889530580268
8.3334216385748e-7,0.5973331867295378,1.191764850066664,1.7810910870568375,2.3643955756126434,2.9424304383289503,3.517703596975602,4.094222671615122,4.676900944655475,5.270701499123197,5.879662919054988,6.505988323085399,7.149370149912828,7.806667169828146,8.471969672428001,9.137013324939588,9.79185268781805,10.425686534747506,11.02773132445061,11.588054897937843,12.098300666151898,12.55224869020653,12.946173408528304,13.278969811226874,13.55203298066102,13.76889248831359,13.934624765130485,14.055093150335566,14.136094083803354,14.182512848263821,14.197605057821846,14.193323471906368,14.180492148488137,14.159151299076443,14.129367638527425,14.091233930626398,14.044868356050413,13.990413706867033,13.928036412924168,13.857925406694058,13.780290834346886,13.69536262205349,13.60338890773939,13.504634349740213,13.399378325028007,13.287913030883505,13.170541505071956,13.047575580721396,12.91933379319089,12.786139257228815,12.64831753363933,12.506194505472713,12.360094284412632,12.210337168528676,12.057237672888213,11.901102654688739,11.742229554643675,11.580904776501125,11.417402227232474,11.251982042706327,11.08488953058028,10.94573887060743,10.87401344905624,10.874899900204866,10.932536074892829,11.02686140142426,11.144101941350062,11.276622321094182,11.420450937527118,11.573509397856839,11.734617387171975,11.902951784709279,12.077747994900875,12.258133875311463,12.443041498605899,12.631168347205723,12.820971959222865,13.010687979740352,13.198364551147334,13.381907638234946,13.559132974233648,13.727821155577336,13.885773129524397,14.030863945295106,14.161093178590821,14.274630886967145,14.369858309100008,14.445402790402717,14.500166611736754,14.53334953085716,14.544464931997043,14.52148222237572,14.451965296946785,14.334295584996042,14.166056131808444,13.944412748417472,13.666575785648437,13.330286630497234,12.93427471494843,12.478639128823547,11.965121165824582,11.397247705239863,10.78033827519896,10.121379795702484,9.428781895840153,8.712032345039356,7.981276786871608,7.246849956574219,6.518787229074191,5.80634594132444,5.117565597286367,4.458894742009233,3.834909657085277,3.2481454384044306,2.699052604560046,2.186081462051113,1.705882264327131,1.2535938166195735,0.8231808949648871,0.407777232671849,6.24766090378517e-7,0.31334417103804785,0.622400575887676,0.9236281154652097,1.2148589846123274,1.4956835379959015,1.7674848102972498,2.0330623635624026,2.2958789948017864,2.5590878538367057,2.824599721555539,3.0924647581761002,3.3607455381583153,3.625897113628183,3.883529069631213,4.129358492314091,4.360196383389262,4.575618953627466,4.768581795751598,4.9537978313073205,5.128548981346564,5.29876492037989,5.469391058638032,5.644142485183703,5.8249289421826385,6.011718645271495,6.202892437419632,6.395943845821498,6.588275755987404,6.777835843718517,6.963403599936778
-6.970233164968425e-7,0.5322064626635629,1.061358392532414,1.5851619856304464,2.1027301082644114,2.6150027252795853,3.1248457085243424,3.636767146512187,4.1562529624729985,4.688808095773361,5.238871913226148,5.8088221213131686,6.398265097969315,7.003736143497523,7.618833124365973,8.234720925662826,8.840895551434873,9.426086059719468,9.979185992247311,10.490128055835905,10.950636481968283,11.354807019424586,11.699475435999478,11.984344283560313,12.211847784155868,12.3867493356398,12.515488041602246,12.605320863943453,12.663343122047412,12.695504935618947,12.705763164590843,12.7020726572866,12.691012491510456,12.672616663081287,12.646941590165392,12.614065752513067,12.574089189460574,12.527132859774,12.473337867298113,12.412864557264731,12.345891489011187,12.272614291760155,12.193244411015074,12.108007754028717,12.017143243702192,11.920901291162101,11.819542198138352,11.713334501114804,11.602553270038513,11.487478375138243,11.36839273610246,11.245580568484344,11.119325642716383,10.989909571507486,10.857610141639457,10.722699706251438,10.585443653580134,10.446098967782685,10.304912896894999,10.162121742146663,10.01794978176002,9.895359746908369,9.826225555884827,9.813584366275713,9.84703622252466,9.912526901102872,9.999429809239858,10.10131537930004,10.214594946304286,10.337280163018338,10.468194446181988,10.606510253364744,10.751480052621778,10.902280728054691,11.057927534542864,11.21723349313432,11.378800140627137,11.541030559847833,11.702158202248,11.860286475843278,12.013435038422738,12.159589491433776,12.296751824410897,12.422989543335174,12.536481927573613,12.635562291035026,12.718755469849759,12.784810024078963,12.832724833458641,12.861769899320189,12.871501250112866,12.858903348750296,12.820057165395125,12.751940615765248,12.649946694401983,12.508458820459595,12.321535052752218,12.083613762339203,11.790162938705697,11.438214357092216,11.026746082085596,10.556897508745974,10.032017862832637,9.457561181300717,8.840848758434133,8.190724758357195,7.517133012333469,6.830643569694487,6.141956744129932,5.461410403199182,4.798513214417485,4.1615226367835785,3.5570819326373457,2.9899259609488213,2.462661992020595,1.9756306115410993,1.5268542425976837,1.112087017956435,0.7249869788037345,0.35743337424070376,-6.584946019087447e-7,0.06619735309957318,0.14651859932155273,0.2506592502845617,0.38338027986123063,0.5461926794565014,0.7388694635571614,0.960310505555339,1.2089846876310089,1.4831532864899037,1.7809787338475327,2.100568566849455,2.4399827955811944,2.797225536277108,3.1702386905558715,3.556912257551603,3.9551209401111174,4.362789971954543,4.77798531709418,5.199015748275531,5.624528082348508,6.053573251340626,6.48562093479803,6.920504839886219,7.358289481030813,7.799061707978019,8.24266442644271,8.68840316151578,9.134765163924714,9.57919307769634,10.017949781760025
-6.584946019087447e-7,0.06300542536605097,0.14172580697515622,0.24666297083294875,0.38291374847241,0.5522899940408323,0.754898363147676,0.9899005431592658,1.255832243780281,1.550732496028955,1.8721973934632414,2.217406716048124,2.5831444912843544,2.9658230085621278,3.3615145658306815,3.7659925780845733,4.1747821731962755,4.583219468424968,4.986518122341589,5.379841385578699,5.758377675099353,6.117417635609887,6.452430700281137,6.759139295338112,7.033589024629721,7.272213397624377,7.471891906191693,7.63000049399797,7.744453683409883,7.81373781924432,7.836935052317353,7.834775159558998,7.828310542549367,7.81758611624325,7.802675847841254,7.783681437971424,7.760730509815049,7.733974341473947,7.703585186651411,7.66975323815736,7.632683297667772,7.592591223336483,7.549700233988046,7.5042371543890924,7.456428690148178,7.406497822771076,7.354660414962617,7.301122113132658,7.246075628036163,7.189698465477847,7.1321511671127755,7.0735761068080425,7.014096871206679,6.953818234616625,6.8928267188375925,6.831191708833039,6.768967076091915,6.706193243935198,6.642899613662507,6.579107257947598,6.514831778763834,6.447963307134385,6.377078563794337,6.3031968967929215,6.227295810636789,6.150299976411107,6.073072327499331,5.996407234563806,5.92102564594557,5.8475719900678405,5.776612574598382,5.708635190320918,5.644049639207467,5.583188954433857,5.5263111581182,5.473601498699886,5.42517520905855,5.381080912383407,5.341304860400259,5.30577620657277,5.274373489796706,5.246932433194793,5.223255055867889,5.203119966222153,5.186293570299164,5.172541804463771,5.161641903966022,5.15339365853751,5.147629589660854,5.144223512790175,5.143097018501414,5.1332435620251475,5.103580526996768,5.053829488272919,4.983620639430664,4.892619747068648,4.780679666041281,4.647995466538091,4.495242174675654,4.323676426651257,4.135187165217629,3.932285082288248,3.7180253238272907,3.4958629253794498,3.2694458816005607,3.0423573465259715,2.8178268832304814,2.598440907829735,2.385892789435622,2.180819311005015,1.9827664018079223,1.7903085512841805,1.6013143687933382,1.4133149551497015,1.2239063250516404,1.03111238621748,0.8336508721417999,0.6310718439959537,0.42376539408754943,0.2128545955875707,-5.291168425670889e-7,0.31570106418498406,0.6232377316345918,0.9156294303422737,1.1881279462600698,1.4389830055483612,1.6697621474623334,1.8850701316658383,2.091588569173233,2.2965373833571197,2.5059147830280795,2.723056890458783,2.947998567073175,3.177800331521867,3.4076336114238654,3.63220907478189,3.847138228060529,4.04993878292804,4.2405261567380395,4.421140199343223,4.595750210676534,4.769080348979222,4.945494197371866,5.1280326650349055,5.317866850338051,5.514295216236236,5.715229906941171,5.917961761315437,6.119928236450531,6.3192412772953865,6.514831778763834
-5.291168425670889e-7,0.06300542536736686,0.14172580697602616,0.2466629708336709,0.38291374847302684,0.5522899940414916,0.7548983631483336,0.9899005431599036,1.2558322437808962,1.550732496029543,1.8721973934637983,2.2174067160486466,2.5831444912848367,2.9658230085625745,3.361514565831088,3.7659925780849397,4.174782173196604,4.5832194684252565,4.986518122341839,5.379841385578914,5.758377675099534,6.1174176356100345,6.452430700281256,6.759139295338206,7.033589024629789,7.272213397624425,7.471891906191727,7.630000493997989,7.744453683409907,7.8137378192443405,7.8369350523173615,7.838880593654643,7.8446891428758265,7.854277186955213,7.86750788379298,7.884194496194065,7.904105034276358,7.926967953805786,7.9524787308808484,7.980307116179445,8.010104864529554,8.041513736948819,8.074173580978181,8.107730309212174,8.141843613391428,8.176194270367516,8.210490915050794,8.244476172861388,8.277932059407272,8.310684567724662,8.342607373448313,8.373624596086364,8.403712560796945,8.43290051055535,8.461270224370198,8.488954504350342,8.516134504051712,8.543035883696014,8.569923795442966,8.597096724547379,8.624879240192094,8.627515289686283,8.571666271782963,8.456861698013832,8.296070522326366,8.105882637868257,7.899384862413021,7.685343865032064,7.469510530051835,7.255806718141013,7.047060357351116,6.8454177395975515,6.652567902190425,6.4698619890764055,6.2983738726842144,6.138928189896643,5.99211148749258,5.858276630157709,5.73754739301646,5.629827918326875,5.53481984967441,5.452048253839874,5.380895910488515,5.3206443040388685,5.270518809256835,5.22973518366269,5.197544540584744,5.173274372250838,5.156363772601794,5.14639162169835,5.143097018501407,5.133243562025132,5.103580526996756,5.053829488272903,4.983620639430643,4.8926197470686255,4.780679666041266,4.647995466538081,4.4952421746756315,4.323676426651233,4.135187165217608,3.9322850822882223,3.7180253238272702,3.4958629253794196,3.269445881600537,3.0423573465259404,2.8178268832304503,2.598440907829703,2.3858927894355957,2.180819311004974,1.982766401807879,1.7903085512841326,1.6013143687933002,1.4133149551496595,1.2239063250515818,1.0311123862174125,0.8336508721417223,0.6310718439958333,0.423765394087394,0.21285459558729453,-6.970233164968425e-7,0.4736696980151358,0.9608635329599293,1.4737214895362005,2.021766528660573,2.610936118561978,3.242938319165562,3.9149498636085567,4.619650094752429,5.345573822297258,6.077758130400632,6.798647254602096,7.4892056044009445,8.130174374925073,8.703394816226682,9.19311303442919,9.587177896076637,9.878044824164213,10.063502832838488,10.147048502010984,10.137837670097637,10.050154411396667,9.902352912054702,9.715263777011186,9.510130809255992,9.306271303716889,9.118816581010122,8.957019007667823,8.823595197686764,8.715341958457774,8.624879240192085
-3.973510874804261e-7,0.5983576408870149,1.1955640730581722,1.7910866564555263,2.385503743886559,2.9807588986309037,3.5800966367480322,4.187652216152959,4.807738388241571,5.443945304395879,6.098222296289577,6.77012068030842,7.456339545183384,8.150646712170445,8.84417148191526,9.526007657779783,10.184034493769879,10.80585645066496,11.37977041175961,11.895681977727381,12.345904674579586,12.725784992286567,13.0341023142331,13.27319785178791,13.448793807130567,13.569477500179891,13.645850196758978,13.689380961365123,13.711061637728415,13.720020791410407,13.722302119321274,13.718140364030665,13.705666729305197,13.684916034160905,13.655946062745848,13.618837194883476,13.573691892553134,13.520634046020371,13.459808184379911,13.391378556314772,13.31552808790409,13.232457225323405,13.142382671272262,13.045536024926692,12.942162336142035,12.832518585516778,12.71687210275852,12.595498936560725,12.468682189886927,12.336710335157257,12.19987552432267,12.058471909181971,11.912793987529119,11.763134990800474,11.60978532881425,11.45303110695598,11.293152730781093,11.130423612535026,10.965108993690963,10.797464897702728,10.627737229028574,10.490410251727615,10.43515090614002,10.460563735578273,10.541494865575963,10.654780554300952,10.787156339808918,10.932030980409984,11.086202281057185,11.248066337785929,11.416723342578944,11.591519937959564,11.771804649400698,11.95679453703843,12.145505446076553,12.33672216509383,12.5289956132453,12.720659247169129,12.909859382337189,13.09459545862641,13.27276707185939,13.442225124770918,13.60082485034365,13.74647878607614,13.877208056924916,13.991190571198459,14.086804955185757,14.162669253318194,14.217673604075209,14.251006269717335,14.26217255212973,14.24377018353916,14.187823721464285,14.092213045016964,13.95371737692765,13.768439282959196,13.5323175804627,13.241667664093253,12.89369098046574,12.486905774255511,12.021465402318253,11.49934540733767,10.924394037531853,10.302251907143729,9.640154726805015,8.946638674411377,8.23117139385585,7.503733180803258,6.774372959196689,6.0527624221235135,5.347769435771465,4.667068758592465,4.016804701247414,3.401317116091639,2.822939796213153,2.2818797220815803,1.7761869305887343,1.3018273082901424,0.8528718668070397,0.4218122332512328,-1.7913982006770735e-7,0.05799888154237133,0.12522128856940762,0.20859187283871186,0.31219135940512804,0.4380291581114861,0.5870134779921357,0.7596472290236969,0.9564315944921271,1.1780504520759363,1.4253889069978123,1.6994227530889778,2.0010216387451982,2.330723090296442,2.6885369045847294,3.0738231288162137,3.485261949616974,3.9209116348888737,4.378327568514262,4.856568585853182,5.347710792105536,5.853835471658596,6.370834622829085,6.896370933901439,7.428355957256826,7.964826096880983,8.503751701413725,9.042795910804434,9.578943978920854,10.108950571932445,10.627737229028575
-3.1487176810282834e-7,0.06914760955240153,0.14645634862318138,0.23906395163443228,0.352612928737681,0.4913137179483784,0.658198775825509,0.8553260024027636,1.0838752379523238,1.3441695704706331,1.6356659942016087,1.9569474587813807,2.30573402334405,2.67892055416127,3.0726420578068914,3.482364090393459,3.9029937029690607,4.329005424576471,4.754576475847399,5.17372554046324,5.580449878812239,5.96885626615457,6.333282108228827,6.668404063119896,6.969332508950213,7.23169117015887,7.451682080508964,7.6261367560651845,7.752554927836523,7.829132412952822,7.854779680364922,7.857727271088831,7.86653644489074,7.881107227976854,7.901275703031899,7.9268179579871285,7.957455403181628,7.99286126426513,8.03266802695231,8.076475592347007,8.123859897496224,8.17438176340878,8.227595749470526,8.283058816094524,8.340338623645902,8.399021322571576,8.45871871516331,8.519074692032191,8.579770865355757,8.640531336039494,8.701126543362758,8.761376154073988,8.821150954145617,8.880373711525536,8.939018983332348,8.997111847116203,9.054725544035188,9.111978032888942,9.169027468409748,9.226066634999803,9.283316387011807,9.304084385140168,9.237962526464617,9.089061295053135,8.885278108001522,8.65251292098477,8.406715985377987,8.157063809885658,7.909186891968243,7.666898807436428,7.433025165858082,7.209794704521393,6.999018949388048,6.802165996421194,6.62038041008043,6.454477757403883,6.304931482309917,6.171864085766373,6.055050623964617,5.953939045330721,5.867688528071587,5.7952239364675,5.735302161975088,5.686584774509344,5.6477111865416445,5.617367279194004,5.5943458158995885,5.577596566255893,5.566265518413539,5.559723629809699,5.557586147355052,5.546646905491054,5.5137768286022535,5.458841786422595,5.381691347502376,5.282257468947446,5.160672479102233,5.017389902488393,4.853291310736292,4.669763913154443,4.468736527237838,4.252665359874576,4.024465279324828,3.7873867856937657,3.544843753529113,3.300202444212055,3.056548439625199,2.816454795071508,2.581780748097269,2.353533492486149,2.1318227570538344,1.9159267063340195,1.704468195963552,1.4956770380302746,1.2876942460919034,1.0788654053603892,0.8679751106712388,0.6543899117973775,0.4380970603398555,0.21964445367160018,-3.973510874804261e-7,0.32638782701392294,0.6449986337216307,0.9492404569331213,1.2347631896276354,1.5002322142689628,1.7476386913883355,1.981977934829722,2.2102175450356203,2.4396779845071666,2.67621665650967,2.922782021452192,3.178814711324017,3.440630932072577,3.702552974646691,3.9583653820494957,4.20269763749523,4.43205763176196,4.645374770294959,4.8421498779232985,5.030599313010818,5.2099274613012225,5.385580400246638,5.560403631519679,5.735587662010141,5.910665034917852,6.084004447356193,6.253614653686354,6.417974717363791,6.576613330877271,6.730245037233046
-1.7913982006770735e-7,0.06914760955318888,0.14645634862343163,0.23906395163467042,0.35261292873775346,0.4913137179484976,0.6581987758255793,0.8553260024028307,1.0838752379523955,1.344169570470704,1.635665994201673,1.9569474587814453,2.305734023344114,2.6789205541613352,3.0726420578069535,3.4823640903935176,3.9029937029691233,4.329005424576532,4.754576475847458,5.173725540463294,5.580449878812295,5.968856266154625,6.333282108228883,6.668404063119949,6.969332508950267,7.231691170158925,7.45168208050902,7.626136756065237,7.752554927836575,7.829132412952874,7.854779680364974,7.852759797782606,7.846718193417938,7.83670863533454,7.822819536966163,7.805172181412175,7.783918284091607,7.759236942423803,7.731331035024729,7.700423146456015,7.666751106561921,7.630563245491878,7.592113476146091,7.551656324422361,7.509442033653059,7.46571187235704,7.420693773294838,7.374598426318383,7.327615937341443,7.279913150857353,7.231631714021117,7.182886936927277,7.133767477201101,7.084335848485643,7.034629723163141,6.984663971103302,6.934433349783493,6.883915738057944,6.833075787224963,6.781868849624523,6.73024503723305,6.6759893712475975,6.617592615912412,6.556028172936044,6.49221729077252,6.427022256695903,6.361241816249555,6.295608514282739,6.230787560065203,6.167376768587983,6.105907128063254,6.046843591810933,5.990585787402249,5.9374684674885385,5.88776168030881,5.841670794752916,5.7993366546666785,5.760836240355616,5.72618426624568,5.6953361329299454,5.6681925779364,5.644606239640968,5.624390177695363,5.607328201518053,5.593186668546272,5.581727247688006,5.5727200181739445,5.56595620100501,5.561259803879308,5.5584974995851475,5.557586147355056,5.54691905333408,5.514842043832145,5.4611525246517125,5.385591308373787,5.28794868864044,5.16819164342657,5.026594926720072,4.863858564590582,4.681196028397107,4.480380542026017,4.263740983127616,4.03410318678134,3.794676911631395,3.5488932897525687,3.3002024442120628,3.0518463382328544,2.8066277699520104,2.566702041799707,2.3334215038073824,2.1072622510575534,1.8878540927872534,1.674118652592883,1.4644988273570967,1.2572421782291843,1.0506885237549695,0.8435124739621691,0.6348839445356582,0.42452851110076734,0.21268844515313157,-3.1487176810282834e-7,0.5519834849972614,1.117989045495392,1.7104661176661953,2.338921357866578,3.0088986137933795,3.721372468521229,4.472546241404172,5.254009517607211,6.053205658679509,6.854166304655435,7.638472681856062,8.386398102429423,9.07817462769876,9.695313735486973,10.221899626522276,10.645766722389023,10.959470779591639,11.160965768784871,11.253905828078075,11.247503367545878,11.155892839557152,10.996980191606275,10.790809700882441,10.557562227153362,10.315411544955984,10.078582546006547,9.856018511903192,9.65111529906182,9.461745902094227,9.283316387011807
-5.011893686407274e-7,0.05058466762178037,0.11702464927517221,0.20878381042282734,0.32950989894707733,0.4798004226386402,0.6588246670530151,0.8650031113284716,1.0962877285560608,1.3502930374951816,1.6243698246094767,1.9156547977008023,2.2211087620914927,2.537548512884863,2.861674968135286,3.1900991444330917,3.5193672916779852,3.845986414016529,4.166451319312901,4.477274179728747,4.775017325510109,5.0563296392852894,5.317986495298794,5.5569327349435484,5.7703277295548165,5.955591195719665,6.110448133806993,6.232971084481897,6.321617856931595,6.375262980738914,6.3932213635048,6.391225390095841,6.3852538861803785,6.375355860265659,6.361612193792828,6.344134449201233,6.323063215898318,6.298566009589966,6.270834745903349,6.2400828154288845,6.2065417942792696,6.170457832011046,6.13208776719082,6.091695029831451,6.04954539907741,6.005902693470279,5.961024479343946,5.91515788974988,5.868535651088135,5.821372416583108,5.773861504193683,5.726172130898641,5.678447225160446,5.630801884644223,5.583322527210719,5.536066760484161,5.489063970007345,5.442316599606455,5.395802071843445,5.349475273186282,5.303271509530857,5.252157717226695,5.1973740688774,5.139632031516408,5.079601959528577,5.0179019696453615,4.955089649823182,4.891657049945006,4.828029223373724,4.764566370115165,4.701569393498595,4.639288446965155,4.57793384080974,4.517688521687469,4.458721243831081,4.401199524365288,4.345301511414652,4.29122598255721,4.239199819910926,4.189482465022638,4.142367033071752,4.098177956461203,4.05726522960227,4.019995536192089,3.986740750711762,3.9578645045862912,3.9337076755332614,3.9145737735082813,3.9007152377564323,3.892321615113797,3.8895104618488343,3.880974590449253,3.8554478611675167,3.813175199979407,3.754571802921131,3.680231692169832,3.59093622589827,3.4876597877986364,3.3715697562532663,3.2440179247725607,3.1065207974836113,2.9607266734867395,2.8083682691439695,2.6512009263491496,2.490928299058592,2.329119779585237,2.167126617991045,2.0060062471145637,1.8464660388690564,1.6888377430935908,1.5330915315945501,1.378893794243799,1.2257063503852814,1.0729178845318599,0.9199921136925727,0.7666102376512115,0.6127730948028817,0.45880759710856467,0.3052097291920339,0.15231788059573034,-5.011893686407274e-7,0.07978707299599228,0.1705494481904722,0.2806077205157048,0.41477511061535527,0.5749733795782849,0.7611711295550552,0.9720958830838871,1.205686644263084,1.4593779760176815,1.730231920277625,2.01423513324484,2.3236957121961406,2.6260839246582957,2.9407799276076108,3.2621530307960573,3.588752850303001,3.9198817472554155,4.255351224044507,4.595377529509013,4.940462819480368,5.291242007159542,5.648299903837673,6.011973254324251,6.382157037543116,6.758134034743814,7.138425720578041,7.5248591583947,7.902890233891812,8.279844190524527,8.647880498383506
-4.4392433136552575e-7,0.4194240906317185,0.8392519032596928,1.2603965898374907,1.6846672540063916,2.1149264632584845,2.5549499003607545,3.0089786899332127,3.4810284489016623,3.974085903836488,4.489357956535032,5.025724074259394,5.579487805576677,6.144452170414004,6.712283484920566,7.273093226590412,7.816157209981122,8.33069663739738,8.80665685322472,9.235430539761868,9.61048000509152,9.927817941978574,10.18630865862117,10.387754087396724,10.536733372314457,10.640174912590577,10.706659440459452,10.74548538490256,10.765573202828524,10.774336092914231,10.776684128990754,10.773909573760967,10.765592142053888,10.751750507144465,10.732415695785091,10.707630945841329,10.677451508363227,10.641944395452983,10.60118807565143,10.555272118905224,10.504296793494477,10.448372617587772,10.387619868351052,10.32216805176172,10.252155336470103,10.17772795520557,10.09903957734235,10.016250656322553,9.929527755679723,9.83904285741812,9.744972656482583,9.647497845003869,9.546802389927722,9.443072807537048,9.336497438258485,9.227265725013757,9.1155674982341,9.001592270512727,8.885528543726611,8.767563131326666,8.6478804983835,8.548489167515887,8.486972421032995,8.466516381303272,8.483575418791546,8.530502053867437,8.599401360260183,8.68410479992489,8.780367581198846,8.88540620705039,8.997391606747911,9.115063030721998,9.237462633021485,9.363758315577703,9.493126950657675,9.62467951558116,9.757416726083376,9.890208005651859,10.02178892708723,10.150773411109162,10.275677513271784,10.394951907853107,10.507020369950741,10.610321753300386,10.703353192257076,10.784712521552699,10.853138192692025,10.907545254030543,10.947056238413703,10.971026058699978,10.979060243962453,10.974955018696885,10.961409107435665,10.934874119357742,10.88988633196293,10.819664726002596,10.7168157117609,10.574053951193763,10.384863422920404,10.144046266855192,9.848131187957938,9.495633335753778,9.087171788168469,8.62545940131484,8.115184144373902,7.562802512968444,6.9762652689931866,6.364694227884635,5.738026377012587,5.106638263931015,4.480959162073254,3.8710757279846173,3.286323494765219,2.734851904495574,2.223141713137834,1.7554530060865763,1.3332037443568736,0.9543458601232695,0.6129262020987896,0.29912522254816093,1.7240170552416064e-7,0.38266596810074016,0.7857861284364346,1.226667082320963,1.7169327363585443,2.261308453870696,2.857782201392566,3.498565575813076,4.171303295237247,4.8602789785187905,5.547568067939063,6.214156277401399,6.841039962241612,7.410302256723725,7.906137113061856,8.315779118751097,8.630290772331474,8.84515915977092,8.960658290286352,8.981939122349752,8.918814344498276,8.785208560861843,8.598249315766994,8.376988820278486,8.14078566574564,7.9074580005406805,7.691460453288964,7.498257195029344,7.343245452514545,7.213824600071322,7.107775303344275
1.7240170552416064e-7,0.0505846676244773,0.11702464927617273,0.20878381042336572,0.3295098989474349,0.4798004226389394,0.6588246670532708,0.8650031113287197,1.096287728556301,1.3502930374954158,1.6243698246097023,1.9156547977010243,2.2211087620917036,2.5375485128850683,2.8616749681354827,3.1900991444332814,3.519367291678166,3.845986414016702,4.166451319313063,4.477274179728904,4.775017325510256,5.056329639285434,5.3179864952989355,5.556932734943691,5.770327729554961,5.955591195719799,6.110448133807129,6.232971084482035,6.321617856931722,6.3752629807390475,6.393221363504933,6.394812367992372,6.399562670919201,6.407404782521084,6.418228335426243,6.431883175941476,6.448183533319252,6.466913120881202,6.487830997264154,6.510678000058908,6.535183557584679,6.5610726865477265,6.588072992343833,6.6159215029210054,6.644371184476415,6.673197006011482,6.702201438399433,6.731219291016807,6.760121804481534,6.788819931385158,6.817266748255763,6.845458951814793,6.8734374016059006,6.901286680137592,6.929133651696054,6.957145012799484,6.985523841567717,7.014505170505092,7.044350627447254,7.075342212429598,7.107775303344286,7.122101464576276,7.09868046653225,7.035508023037805,6.937120549057444,6.8119836941988074,6.668660370808787,6.513860945201056,6.35226907926481,6.187024390629394,6.02024487042847,5.853422869956911,5.687694435374286,5.5240147783975395,5.363268652013574,5.206335333127786,5.054121050911454,4.907567526242425,4.767643021547291,4.635321196010012,4.511552589191648,4.397233347613304,4.293175587903051,4.200083341759872,4.1185372033633865,4.04898954577482,3.9917705635722163,3.947103643427607,3.915126970394755,3.8959171742152328,3.8895104618488143,3.881929577508295,3.859181784757468,3.8212607053509644,3.768184513735348,3.7000347157088553,3.6170023515973906,3.51943512960312,3.407878984742489,3.2831083713072604,3.146141036778313,2.998234848300796,2.8408661926446976,2.6756913081084956,2.5044934369278486,2.329119779585273,2.151412836188392,1.973140859422046,1.7959319003981218,1.6212154089428972,1.4501746469663823,1.2837123438236757,1.1224310833209439,0.9666288648775012,0.8163091511432664,0.6712035852318224,0.5308045884362891,0.39440443496608746,0.26113732802652373,0.13002156392765454,-4.4392433136552575e-7,0.23329378127111075,0.46223850757144674,0.6826298642930042,0.891147359808587,1.086255798995619,1.2686325448757187,1.440956795475727,1.6071891491763168,1.771574761468363,1.9377259014377335,2.1088148995807825,2.2701603402403547,2.4508671810766707,2.6278707169742686,2.803685662443737,2.9778301162770973,3.1504966135563723,3.322624227341979,3.49548647170704,3.670111258790756,3.8467631306315737,4.0246755176511435,4.2021284795232265,4.376847331592976,4.54659384768941,4.7097682151598,4.865846222333249,5.0155302481410695,5.160568875234431,5.303271509530864
-6.278063155222569e-7,0.05879886770112969,0.1328730495723965,0.23226167792240762,0.36169252758383746,0.5227472571407238,0.7154053872796793,0.9387659199482208,1.1913452904768,1.4711981921297137,1.7759691587335265,2.1029196297389277,2.4489496107770323,2.810622447704067,3.1841964836789347,3.565664986029409,3.9508043839554783,4.335230027564375,4.714458149318156,5.083972386166454,5.43929305604276,5.77604734464865,6.090038621728056,6.377313246014113,6.634223410935651,6.857484806206541,7.044228102764333,7.192043492421817,7.299017715365185,7.363763179391347,7.385438910790659,7.383385728190724,7.377240290045494,7.367044672822151,7.3528681672758465,7.33480604076239,7.312977839063061,7.287525262033426,7.258609656744008,7.226409180710573,7.1911156961302,7.152931463513933,7.112065709470924,7.068731148349193,7.023140540658986,6.975503372383535,6.926022738134621,6.874892507414575,6.8222948468651285,6.768398162297569,6.71335551262679,6.657303533842243,6.600361895260807,6.542633293080288,6.4842039683549775,6.425144718691989,6.365512355984674,6.305351547103637,6.244696961322272,6.183575637916117,6.122009480244602,6.0578276432605955,5.989462905909645,5.91782492227898,5.843794511581946,5.768214323274933,5.691880920000845,5.61553830651879,5.539872875596481,5.465509693426227,5.3930100116693085,5.322869873785973,5.255519681213761,5.191324599445391,5.130585712110925,5.073541867711148,5.020372202111354,4.971199353091834,4.926093404415786,4.885076600805685,4.8481288591552625,4.815194065481339,4.786187094833893,4.761001428534592,4.7395171773325675,4.72160925857428,4.707155427935133,4.69604383774963,4.688179788385488,4.6834913578280135,4.681933636657869,4.672585908970768,4.644517577937264,4.597670631766163,4.532003958885995,4.447568244884252,4.34459523217261,4.22358853569806,4.085402820005256,3.931299230653226,3.7629671918930496,3.582505657710006,3.392360351777722,3.195217336008224,2.9938574615290516,2.79098102485955,2.589017315817751,2.3899393239143407,2.195108523675262,2.005176352518418,1.8200652785702027,1.639041653972066,1.4608758021396706,1.284066203576688,1.1070903832934884,0.9286401997143627,0.747804851545584,0.5641780043000494,0.3778808798166244,0.18950655868074856,-4.6794369848682357e-7,0.2827854717271436,0.5594954557822178,0.8249077139577439,1.0754059727034777,1.309525437644936,1.528179586271331,1.7344700089873166,1.933036966455601,2.12902317726743,2.3268749070227597,2.529315346679673,2.7368050603521215,2.947636491181714,3.158585180223629,3.36588088145368,3.5662193817675765,3.7575806642825187,3.939696960162762,4.114094672420904,4.2837148027969,4.4522029868402155,4.623044933005886,4.798777448297188,4.9804934630747715,5.167767874336297,5.358988884351172,5.551946720121479,5.744460955739953,5.9348364101032285,6.122009480244598
-6.140618907468251e-7,0.48727040546551303,0.9729155723325448,1.4559621814303947,1.9366259723624863,2.416627409520605,2.8992010468128755,3.3887568723266757,3.8902180960688044,4.408137655473371,4.945759593235676,5.504213107691731,6.081994007548409,6.674814271723861,7.275817008285986,7.876090644987278,8.465385158806649,9.032930100075001,9.568266819086409,10.06202440423307,10.506583963645978,10.89658713601686,11.229252989636265,11.504474936831611,11.724678606807148,11.894435487421363,12.019847776626092,12.107747955641011,12.164789748189413,12.196538713960658,12.206690207399001,12.203340875452405,12.193302665225513,12.176604870786306,12.15329610674197,12.123443996367952,12.087134737765398,12.044472550826363,11.995579008582581,11.940592257311629,11.879666130571904,11.812969163135755,11.740683511582757,11.663003789103021,11.580135822837093,11.492295342838416,11.399706612482527,11.30260101085215,11.201215578291665,11.09579153693561,10.986572798560204,10.87380447257039,10.757731387301547,10.638596638066325,10.516640175498122,10.392097447713134,10.265198109617403,10.136164812308945,10.005212084952268,9.872545320727582,9.738359877469872,9.620772286868274,9.545396130217531,9.51756616312731,9.53276534298929,9.581032541410076,9.652864911681592,9.741521839163715,9.842780548151355,9.954087954556943,10.073852435130672,10.200971782647926,10.334538400923742,10.473659639696098,10.617351947278033,10.764483925197567,10.91375320183251,11.063687456101029,11.212662851132075,11.358934781220903,11.500676854325386,11.636024763740053,11.763122301990798,11.880167297724041,11.985455727438525,12.077422666059933,12.154679088464862,12.216043816337187,12.260570124262625,12.287566682889997,12.29661263497806,12.283927429729735,12.24499124963913,12.177271208537888,12.076892285212892,11.93910409316007,11.758841095237269,11.53130766538572,11.252525517811348,10.919794815697054,10.532037196188336,10.090005348786356,9.59635751067717,9.055605526292188,8.473952089892329,7.859036979885442,7.219614084374344,6.565181268398358,5.905583935260834,5.250610640910357,4.60959542412307,3.9910367652373693,3.4022376731980746,2.848966256181754,2.3351331652328495,1.8624848522399526,1.4303243081730863,1.0352977460661725,0.6713238710786745,0.3297739050287738,-6.278063155222569e-7,0.06180452715728256,0.1375422452003961,0.23671140891393644,0.36398966531627686,0.5209721187958402,0.7076340755260047,0.9231218304536165,1.1661332379242855,1.4350983852934203,1.7282639364705457,2.043729513416021,2.379462036192264,2.7333052129763087,3.10299707882632,3.4862047585795293,3.8805811425860277,4.283842802279682,4.693862731240963,5.108766153411117,5.5270135628660295,5.947453191090432,6.369325949254542,6.7922100095693105,7.2158995611963475,7.640222230780021,8.064810744897153,8.488854516478833,8.910863616915732,9.328479172704347,9.738359877469865
-4.6794369848682357e-7,0.05879886770254148,0.13287304957307647,0.23226167792267768,0.36169252758401765,0.522747257140861,0.7154053872797597,0.9387659199482989,1.191345290476862,1.4711981921297541,1.7759691587335655,2.102919629738966,2.4489496107770727,2.8106224477040955,3.1841964836789693,3.5656649860294274,3.9508043839555027,4.335230027564391,4.714458149318172,5.08397238616647,5.43929305604277,5.7760473446486635,6.090038621728072,6.3773132460141255,6.6342234109356655,6.857484806206552,7.044228102764348,7.192043492421824,7.299017715365196,7.363763179391357,7.385438910790669,7.387350497715193,7.393059972879354,7.402492101223493,7.41552354237566,7.431985855010079,7.451669562214895,7.474329147635623,7.499688828653318,7.527448937573749,7.55729273468769,7.588893477375177,7.621921575923414,7.656051677851874,7.690969536634539,7.726378536204953,7.762005758173694,7.797607493246549,7.832974111225126,7.867934214883935,7.902358011965799,7.936159846828403,7.9692998394512475,8.001784585297997,8.03366687576316,8.065044406517975,8.09605745090221,8.12688548841051,8.157742794959868,8.18887302242687,8.220542820000988,8.231566070701973,8.194390828985513,8.105857096021696,7.972655495983567,7.806895791415392,7.62017583375398,7.421244373678638,7.216208489491767,7.009342328244826,6.803755139921223,6.601824219878873,6.405453666465059,6.216222941523263,6.0354682607444525,5.864323199206877,5.703734831615789,5.554466110873229,5.41709207712268,5.291995629686622,5.179367250007944,5.079211833030066,4.991364492347931,4.91551583873486,4.851245890043463,4.798064602980968,4.755456166143943,4.722923745056943,4.700031330818208,4.686439649761226,4.681933636657877,4.672585908970774,4.644517577937275,4.597670631766168,4.532003958886001,4.447568244884259,4.34459523217262,4.223588535698052,4.085402820005244,3.93129923065322,3.7629671918930407,3.582505657709997,3.392360351777715,3.195217336008213,2.9938574615290405,2.790981024859535,2.58901731581774,2.3899393239143296,2.195108523675242,2.0051763525184025,1.8200652785701819,1.6390416539720543,1.460875802139648,1.2840662035766521,1.1070903832934464,0.9286401997143108,0.7478048515455215,0.5641780042999651,0.37788087981647567,0.18950655868052915,-6.140618907468251e-7,0.4359982030611939,0.8878704464259284,1.3693509969101072,1.8903722578352458,2.4561196640637477,3.0667627054860183,3.7176728738400775,4.399939305075379,5.101061481670349,5.805763782067596,6.4969115657564265,7.156515506011884,7.766801770573731,8.311310654750134,8.77597170061994,9.150092238221983,9.42718959991995,9.605594711387406,9.688755577194884,9.685172962122428,9.607908699798735,9.473624658772687,9.301147952781646,9.109629687699803,8.916478449261607,8.735387939700578,8.574879300139207,8.437753199154814,8.321643529785609,8.220542820000995
-3.674960218076737e-7,0.06932701544030864,0.15227321504496358,0.2587746972845557,0.39447242741063215,0.5619955064833062,0.7622136981778643,0.9949524650470796,1.2593248997583633,1.5538690300471345,1.8765992035725003,2.2250251097011904,2.596164111751179,2.9865591994934277,3.392308229039377,3.809106557518822,4.23230311382124,4.656968679378074,5.07797436872867,5.490077842987617,5.888014573252105,6.26659143796326,6.6207800439595434,6.945807367612656,7.237241586230861,7.491071280617791,7.7037765109755085,7.872390578588353,7.994551568662192,8.068543015033477,8.093323231091027,8.091141355004043,8.084614463619177,8.073798407752047,8.058785079367125,8.039700645761137,8.01670312400634,7.989979342275006,7.959741347926989,7.926222335267779,7.889672178426882,7.850352666517351,7.808532548671658,7.764482505176514,7.718470167160891,7.670755310517655,7.621585349379379,7.571191250035945,7.519783977337039,7.467551572248756,7.414656941471561,7.361236418314025,7.307399129085611,7.253227172124531,7.1987765884233195,7.144079074994668,7.089144365992418,7.0339631834478835,6.978510640394986,6.922749964974012,6.866636405345449,6.807880318694957,6.744879556887128,6.6785920401286765,6.609934598885296,6.539774665899515,6.468923686333088,6.3981321413898,6.328086018906035,6.259404522994946,6.192638798170521,6.128271453247616,6.066716705458257,6.008321021174316,5.953364198951953,5.902060913676655,5.854562806687611,5.810961255586426,5.771290980565039,5.73553463632753,5.703628498954183,5.675469288688202,5.650922079918072,5.629829148808154,5.612019508757575,5.597318795601226,5.585559097984035,5.576588290661801,5.5702784233271005,5.56653274533796,5.565291004930807,5.553772323724511,5.519247819974754,5.461824450294049,5.381719753648158,5.279314566780884,5.155215297221416,5.0103160904971515,4.845850737078217,4.663424814823118,4.465020190185077,4.252966388886323,4.029876292304523,3.7985469769318394,3.561830210827526,3.3224810850621855,3.0829973253337104,2.8454655865248513,2.611433685431689,2.3818280998057597,2.156932892185875,1.9364387816785529,1.7195599596636864,1.5052036786389482,1.2921670704878758,1.0793303152023406,0.8658167274470678,0.6510977369822614,0.4350315229610071,0.21783522530846788,2.6196018447696677e-7,0.5380131270595254,1.0929614015004772,1.6794889253211296,2.308135626395716,2.984261116959269,3.707694905896647,4.4729413212053855,5.269745680716789,6.083883207518646,6.898095942774724,7.693142688399204,8.44893959583811,9.145763301161505,9.765474362812999,10.292703226512636,10.715928047214053,11.028365278262564,11.228590510058932,11.320808626914442,11.314699491351174,11.224780515601877,11.069256571715453,10.868380555009908,10.64243464898072,10.409562279242008,10.183805683513516,9.973770177084349,9.782268849635926,9.60707591002571,9.442607414658077
-3.093014038839371e-7,0.5904398944163421,1.179330287470849,1.7658046244856327,2.350233407799198,2.93453258113294,3.522138057883817,4.117609389226092,4.7258980875312115,5.351396189902059,5.996942480720156,6.662981423390732,7.347033691891192,8.043561901985395,8.74423094452945,9.43849691323305,10.11442431284519,10.759624661585372,11.362219630767493,11.911747626406354,12.39994747578481,12.821364189387046,13.173730105194057,13.458082218250397,13.678586233368502,13.842053498138867,13.95716203557123,14.033429374739658,14.080030697395598,14.104602365951274,14.112202803027674,14.108105825119223,14.095826550510543,14.075399883683843,14.046883756381533,14.01035876575185,13.9659276712258,13.913714753590135,13.853865040701837,13.78654340525795,13.711933540994961,13.630236824632618,13.541671071802002,13.446469196094107,13.344877781234343,13.237155577216248,13.123571932011872,13.004405171203437,12.879940938542221,12.750470511023149,12.616289102554898,12.47769417069069,12.334983741149662,12.188454764987409,12.038401523251126,11.88511409376562,11.728876894326506,11.569967316015337,11.408654459587835,11.245197986916184,11.079847098287457,10.939221115684232,10.861685959451284,10.852892237590778,10.90094519902346,10.988097069165628,11.100563844987855,11.229920190749215,11.371418591924215,11.52240375517672,11.681315553748236,11.847112347587016,12.018937617157409,12.195924255926627,12.377080221616305,12.561225862859377,12.746966666984536,12.932691811636936,13.116592163090345,13.29669297956915,13.470897419914053,13.637037461825827,13.79292921046401,13.93642992058048,14.065494395949427,14.178228771363715,14.272940015753306,14.34817980868828,14.40278172788701,14.435890937973367,14.446985790698402,14.429600190545587,14.37665851930955,14.285903764280901,14.153886108320672,13.976386521073929,13.748930806396425,13.467334032134561,13.128218528855943,12.729458872937435,12.270521106727019,11.752677871446435,11.179094059609119,10.554787982503719,9.88648063072901,9.182350569929808,8.45171471928293,7.704656065151157,6.951618553626899,6.2029872060939635,5.468668133292926,4.757678922406809,4.077755468352507,3.4349778861482605,2.833417657581992,2.2748134924648307,1.7582975673885342,1.2802177121517864,0.8341289537390395,0.41104280510659774,-3.093014038839371e-7,0.32555116136494244,0.6449197188934498,0.95281302815025,1.245605170353808,1.5218832801442388,1.7826468577728192,2.0310668096930042,2.2717790557289708,2.5098090875415915,2.7493681753512176,2.9928534040248116,3.2403475397617387,3.4897484356419137,3.7374472450067326,3.9793244426804373,4.211786840169697,4.4326042638718075,4.641377428627983,4.839552689992597,5.029990733876273,5.2161954676231455,5.401402910017974,5.587784693756034,5.776000160854605,5.965224467200932,6.153621728260384,6.339085562709648,6.519989216966565,6.695693136152526,6.8666364053454485
2.6196018447696677e-7,0.06932701544268642,0.15227321504568844,0.2587746972849763,0.3944724274108101,0.5619955064835607,0.7622136981780234,0.994952465047195,1.2593248997584494,1.5538690300472127,1.8765992035725565,2.2250251097012423,2.596164111751229,2.9865591994934735,3.3923082290394238,3.8091065575188656,4.232303113821284,4.656968679378113,5.07797436872871,5.490077842987655,5.888014573252143,6.266591437963298,6.620780043959581,6.945807367612693,7.237241586230896,7.491071280617827,7.7037765109755405,7.872390578588389,7.9945515686622235,8.06854301503351,8.093323231091059,8.096122049864258,8.104486659160639,8.118322274421509,8.137473415253854,8.1617275508005,8.1908200192578,8.224440052730715,8.262237710059402,8.30383150327637,8.348816497659678,8.396772669656999,8.447273319292226,8.499893351681516,8.55421726357588,8.609846693215877,8.666407413427397,8.72355566750133,8.78098376419982,8.838424861932898,8.895656882890233,8.952505506175967,9.00884619551106,9.064605222734736,9.119759654132237,9.174336273537937,9.228409425149824,9.282097770871689,9.335559972414119,9.388989327725398,9.442607414658085,9.467283465945377,9.42348006300745,9.308040927856993,9.135347415495996,8.925604201863798,8.694995312897035,8.454256413143147,8.210317139130545,7.967842899000572,7.730183773297242,7.499900173580553,7.279044353106899,7.069305972682028,6.87208102585695,6.688497174105845,6.519415328817449,6.3654206652572505,6.226812646821201,6.103601251096755,5.995514514193812,5.902020375061948,5.822363579951739,5.755616281949008,5.700739207122812,5.6566490846185244,5.622287555933195,5.596686938885435,5.5790288527808105,5.5686925868077335,5.5652910049307645,5.553772323724458,5.519247819974702,5.461824450294003,5.381719753648112,5.2793145667808306,5.155215297221354,5.0103160904971,4.845850737078171,4.663424814823069,4.465020190185024,4.252966388886276,4.029876292304463,3.7985469769317857,3.5618302108274738,3.3224810850621345,3.082997325333661,2.845465586524797,2.611433685431642,2.381828099805696,2.1569328921858153,1.936438781678477,1.7195599596636204,1.5052036786388787,1.2921670704878025,1.0793303152022686,0.8658167274470041,0.65109773698217,0.43503152296082104,0.2178352253080651,-3.674960218076737e-7,0.07316520542419802,0.15957900316565912,0.268785103153688,0.4058992432456866,0.5728687034194954,0.769841044780294,0.9960523518088445,1.2503240611416102,1.5313274851201057,1.8377127525971255,2.168153247925752,2.5213366156435293,2.8959267099299226,3.2905184623350348,3.703604813353772,4.1335697592407685,4.578714156384479,5.037312210434874,5.507688040334945,5.98829486776714,6.477775514768111,6.974982872842996,7.478943211043397,7.988753375645745,8.503414117335243,9.02161420347395,9.541491278664012,10.060403150764829,10.574745387613557,11.079847098287457
-4.809886823959072e-7,0.05881873210410962,0.1265727745798002,0.21051829860528654,0.3157081688813536,0.44538657230595347,0.601546165384779,0.7852942917041804,0.9970205563990048,1.2364479250758622,1.502635295394523,1.793971718964074,2.1081827078761175,2.442357365936339,2.7929984659852183,3.1560938851121265,3.527205771998877,3.9015727888686937,4.274220385588932,4.640074124921698,4.9940714642765895,5.331268025741026,5.646935182005695,5.936646683623309,6.196352984472562,6.422442818362112,6.611792374004189,6.7618030492270975,6.870429192549406,6.9361974338218895,6.958219160718739,6.9564417394136395,6.951123501954732,6.942306283666783,6.930059000458552,6.9144764478714675,6.895677646833244,6.873803763386788,6.849015637657451,6.821490965357374,6.79142118309562,6.759008116501577,6.724460457441421,6.6879901431190145,6.649808715255262,6.610123741448059,6.569135382831995,6.527033191903201,6.48399322152705,6.440175520474065,6.3957220822313445,6.350755302374945,6.3053769856998745,6.259667928014283,6.213688079604672,6.167477278601749,6.121056523645854,6.074429737222195,6.027585954638229,5.980501859584223,5.933144576150013,5.8827730891775625,5.82870466339485,5.771753572728394,5.712668212416085,5.652124389011398,5.5907222369585075,5.528986650377173,5.467370909873456,5.406262997807339,5.345993949331225,5.286847494514225,5.229070216878446,5.172881486613885,5.118482516660763,5.066064025056908,5.01581215181617,4.9679124557033285,4.9225519884223825,4.879919595752336,4.840204715136696,4.803595019365561,4.77027329302062,4.7404139235997125,4.714179348283235,4.69171672929535,4.673155047379304,4.658602716723447,4.648145747800875,4.6418464267963975,4.639742447657353,4.630921060248273,4.604390438483084,4.55997069700544,4.497424380356193,4.416541264260341,4.317241137459791,4.199681766768885,4.064359195881345,3.9121889348814674,3.7445588359502415,3.5633466917783325,3.370896992008389,3.169951460652072,2.9635279765889355,2.754745163180132,2.5382649855440462,2.3236285966723593,2.1130555522436545,1.9082170524131985,1.710158815710952,1.5192784802690464,1.3353673380887328,1.1577165850124869,0.9852751399491073,0.8168338478447702,0.651204043106242,0.4873596255427433,0.3245205125925928,0.16216848139319145,-1.5649855439055715e-7,0.2538358196768831,0.5026423948880447,0.7423754490758546,0.9708062761105942,1.1880310028602346,1.3964995043677348,1.6004719526210358,1.804958825545791,2.014401139684348,2.231497174607031,2.4565568753172835,2.687551842814452,2.9207602470094036,3.151736140588375,3.376307965815967,3.591380011561128,3.7952764932062735,3.9883742806265525,4.171800210638303,4.347857297388814,4.518913995699935,4.6868835328154,4.852839694071926,5.016937510543116,5.178631358231244,5.337089243973252,5.491647068142305,5.642143701029625,5.789020880418945,5.93314457615001
-1.5649855439055715e-7,0.5077009028994768,1.0161458357171904,1.526488464753333,2.0405932278542447,2.561137117894204,3.091457186186024,3.6351410303491405,4.195417409406015,4.774455927127049,5.372711010742594,5.988436484275846,6.617457267363373,7.253230260432892,7.887175899784349,8.50922722446784,9.10852706378097,9.674201795074113,10.196145554967298,10.66575649254767,11.076573607093529,11.424767937176663,11.709445809946887,11.932725984253201,12.099559212867907,12.217271270746698,12.294832526209262,12.341891299678753,12.367653437756541,12.379738772883421,12.383180699559947,12.379802873102353,12.369677573892142,12.352829292054366,12.329298676999377,12.299142287661919,12.26243224570083,12.219255794506244,12.169714767648822,12.11392497117305,12.052015484879151,11.984127888450198,11.910415418956958,11.831042066906797,11.746181618587535,11.656016652986812,11.56073750203301,11.460541183300625,11.355630314640164,11.246212020425192,11.132496839248711,11.014697642940074,10.893028576706115,10.767704030021347,10.638937647595602,10.506941389333731,10.371924647665924,10.234093429976479,10.09364961309322,9.95079027593476,9.80570711547121,9.683448421581627,9.613969796159319,9.603299768800028,9.642852630903153,9.717878820685607,9.816146492533898,9.929850751529987,10.054436127845833,10.187254169658198,10.326675856413075,10.471571272680919,10.621011094635692,10.7740954026403,10.929857236229577,11.08721227359005,11.244938594195368,11.40167698380639,11.555945651717163,11.706165086529595,11.850689849219762,11.987844774696606,12.115963516074483,12.233427713807066,12.33870535139094,12.430387094116263,12.507219609872422,12.568135048713769,12.612276015759269,12.63901551390152,12.64797146201867,12.63368639555752,12.590049571199993,12.514813699889915,12.404544566120313,12.25504203881006,12.061848016823536,11.820780283315921,11.528435538413806,11.18261616214268,10.782649825747223,10.329585753095067,9.826264203204415,9.277265703309212,8.688753619392726,8.068228135140663,7.424212066174979,6.765889560430058,6.1027179192202405,5.444030724368428,4.798647368683002,4.174500254022963,3.578286898963674,3.0151510117732503,2.48839591670324,1.9992378509668745,1.546617628670783,1.1271065940891745,0.7349603855811896,0.3623781037156703,-4.809886823959072e-7,0.4685429426630288,0.9527842399672883,1.4663176866017904,2.0189597269425548,2.615746579224728,3.2565977294496804,3.9364964740798136,4.646017903427085,5.372081879196313,6.098860469701283,6.8087981610550035,7.483709050423268,8.105908252890371,8.659324420172386,9.13053237956677,9.509641889566957,9.790980582629306,9.973515348872283,10.060965409759552,10.061571379373067,9.987498486592877,9.853872147943118,9.677476391743735,9.475197232188538,9.262365612704242,9.051234350833141,8.849875255306378,8.661755839849082,8.486145586739562,8.319257227803083
1.8651641702271033e-7,0.05881873210534503,0.1265727745805522,0.21051829860565843,0.31570816888155184,0.4453865723061187,0.6015461653849292,0.7852942917043264,0.9970205563991166,1.2364479250759546,1.5026352953946165,1.7939717189641629,2.108182707876201,2.4423573659364193,2.792998465985298,3.1560938851121985,3.5272057719989487,3.9015727888687572,4.274220385588996,4.640074124921762,4.994071464276648,5.331268025741086,5.646935182005755,5.9366466836233664,6.196352984472618,6.422442818362169,6.611792374004243,6.761803049227153,6.870429192549458,6.936197433821938,6.958219160718792,6.9610258821752895,6.9694133349843685,6.983284244385274,7.002479314634409,7.0267813439329405,7.055920739165102,7.08958220749656,7.12741236795428,7.169028009267907,7.214024719649998,7.261985627518936,7.312490016149194,7.365121606183529,7.419476334262308,7.475169490583205,7.531842110570476,7.589166544368117,7.646851151709575,7.704644088660459,7.76233616711017,7.8197627784104204,7.876804880159706,7.933389050864072,7.989486622127022,8.04511190313526,8.100319518389734,8.15520088758966,8.209879886806885,8.26450774283341,8.319257227803085,8.349072143927366,8.320975474066852,8.230955339643216,8.089588116572662,7.913565108983299,7.716984536311835,7.509412731063818,7.297029690137265,7.083938152672545,6.873017856755388,6.666414134754285,6.465808062265001,6.27256448363193,6.087812290286436,5.912487191317309,5.747354330381549,5.593021152486088,5.449946932460395,5.318452839872283,5.1987346189662285,5.0908786020295755,4.994880749568024,4.910667708376712,4.838118505724373,4.777085440101456,4.7274129337639526,4.68895349073318,4.661580346458718,4.645196794465939,4.639742447657374,4.631557377062459,4.606857833876642,4.565241145852101,4.506132747986591,4.428916065328175,4.333087280803193,4.2184136654624185,4.085074441492036,3.933765912228076,3.765757060114736,3.5828874368348154,3.3875057890858677,3.1823553772151887,2.9704194233283654,2.754745163180164,2.5465985877776447,2.341709026910087,2.142078388011593,1.9488977375160286,1.7624503275985024,1.582139471784696,1.406647603467005,1.2342033492712634,1.0629068757568312,0.8910499963553328,0.7173714372988929,0.541206514767518,0.36251692639774,0.18181294190107355,1.8651641702271033e-7,0.06424442830862226,0.1365249665756412,0.22329446656984805,0.32885674899241907,0.45572159153961583,0.6052432185061588,0.7781493747709021,0.9748720508471297,1.1957095982443484,1.4408696312455678,1.7104389169987602,2.004319359818469,2.322158397554251,2.6632909808562375,3.0267033173545177,3.411024048461852,3.8146721329478206,4.235364109035234,4.671221368091334,5.119891764594314,5.579083033803832,6.0465407921766285,6.520069641969653,6.997511406290383,7.476679215628479,7.955254603374935,8.430661727931213,8.899940950694726,9.359630174332542,9.805707115471211
-5.861384680370146e-7,0.06652195739936251,0.14658507162105266,0.25004820385829885,0.38254138847291963,0.5467859035497864,0.7438262291570656,0.9737046071571248,1.2357556710359725,1.5287150100698454,1.8507503533638265,2.199468148571245,2.5719204177202832,2.964623326862337,3.3735920990168364,3.79439318274646,4.222212428195738,4.651936744125054,5.078245997210076,5.495711602923599,5.898898244103407,6.282465365049985,6.641265464149388,6.97043669088405,7.265487791739451,7.5223739959409155,7.737562943488852,7.908090199246057,8.03160424190047,8.106401050640974,8.13144853265875,8.129259385241623,8.122707929880093,8.11184182590042,8.096739506964912,8.077508703984636,8.054284418591415,8.027226388355624,7.996516096330097,7.962353388480537,7.924952772906408,7.884539484169046,7.841345404177486,7.79560493753381,7.7475509435812056,7.697410829196777,7.645402905233554,7.591733105120962,7.536592156278154,7.480153283634177,7.42257050982249,7.363977598870231,7.304487669982684,7.244193486062744,7.18316839878342,7.121467909316149,7.059131782204121,6.996186630306081,6.9326488720602155,6.868527949204871,6.803829684014274,6.736324300055729,6.664526510617509,6.58953072197968,6.512383503481169,6.43407152492473,6.355511934746358,6.277545168565101,6.200930049423345,6.126340932820659,6.054366573340459,5.985510354188132,5.920191530620731,5.8587471915674,5.801434733028364,5.748434748812584,5.699854361554589,5.655731120924841,5.616037669060796,5.580687402264277,5.549541336188521,5.522416310026605,5.4990945521337835,5.4793344897245415,5.46288253710991,5.449485459444929,5.438902799129639,5.430918782610475,5.425353103710343,5.422070007533268,5.420985173242317,5.41138540344724,5.382393214556545,5.33347036466,5.263848407767246,5.172701731919371,5.059353984342537,4.923490042603951,4.765346466913873,4.585857258192702,4.386737380758339,4.170492651248238,3.940350458575516,3.7001111541420277,3.453925211962412,3.2060072754054176,2.9603060939366017,2.7201598579280937,2.4879788252021346,2.2650078104055114,2.051223214631978,1.8454050714799586,1.6453912508145494,1.4484762560773918,1.2518783938082856,1.0531836453772474,0.8506876307670194,0.6435893846639303,0.43202649380326413,0.21696844510274313,-5.180933847273558e-7,0.5039853543996354,1.0173513149803834,1.5490015239701516,2.1067685570937846,2.69666181412208,3.322026077959069,3.98276393863534,4.674796863898625,5.389898777273354,6.115961448917125,6.837675936967978,7.5375585966203005,8.19721792974704,8.798744908913454,9.326107640840517,9.766436290952118,10.111093219398715,10.356434930557079,10.504186318874417,10.561364490749066,10.539711714902754,10.45463018555964,10.323663240958588,10.164645244549762,9.993741836121965,9.823697522022846,9.662647103026147,9.51377693535632,9.375930107208832,9.244998986248259
-5.180933847273558e-7,0.5595655995902034,1.1150202875608497,1.6630606884798549,2.20189499491846,2.731740426973171,3.25501787396082,3.776170982308176,4.301087060428599,4.836174807213905,5.387242459759013,5.958386088332515,6.551107531782957,7.16382432593109,7.791833325221053,8.427688160761175,9.061882759062868,9.683709019835794,10.282165786835687,10.846820798126544,11.368553639884745,11.840129447594768,12.25656951511021,12.615298264657206,12.916059108100846,13.160607046672736,13.35220472975226,13.494970724812406,13.593151330059774,13.650405514063333,13.669200280130449,13.665185206885642,13.653151679288571,13.633134700557529,13.605192365857674,13.56940549856353,13.525877144151737,13.474731924853229,13.416115259096252,13.350192450676492,13.277147653500212,13.19718271865848,13.110515931504493,13.017380647317404,12.91802383504271,12.812704539492698,12.70169227326634,12.585265350494785,12.463709175325768,12.337314498815804,12.206375658584642,12.071188816187796,11.93205020765891,11.789254423043635,11.643092730968762,11.493851464342509,11.34181048314103,11.187241729882318,11.030407892802362,10.871561190915829,10.71094229405156,10.574535071600943,10.501414846687304,10.496743329351048,10.546389034025395,10.631915665981174,10.740283067335492,10.864031298390067,10.999126382298451,11.14333615504774,11.295296526420266,11.454000868389537,11.618520598782407,11.787853755246864,11.960848416821248,12.136172623098243,12.312314467311575,12.487602033150651,12.660236052034792,12.828330086119056,12.989954370233397,13.143180460671461,13.286124650890757,13.416988762097889,13.534097416016643,13.635931261926451,13.72115587915874,13.788646232724542,13.837506647878104,13.8670863114929,13.876990322306495,13.855888924486674,13.791916924793261,13.683171456447159,13.526801853749083,13.319443484719814,13.05774038156883,12.7388918725041,12.36116156960204,11.924297782416138,11.429829228807135,10.881215632408617,10.283847216295644,9.644899080569944,8.973055691026124,8.278127431792411,7.570585854076884,6.861047413745013,6.159737618314586,5.475968966307238,4.817666995168055,4.190978874297248,3.599997339645302,3.0466276171728817,2.530614081231505,2.049725142325301,1.6000702666020066,1.1764975077753008,0.7730029800650685,0.38308508487379267,-4.6446782232426075e-7,0.32176592884764005,0.6355568562951466,0.9346793023535028,1.2148425471519972,1.4749438156223549,1.7173257107534885,1.9473349189583207,2.1721244216728612,2.398878861579224,2.632932265556536,2.876394496372021,3.1277434144925533,3.382442899313475,3.634276697820935,3.876939764962851,4.105485364921296,4.317360711081663,4.512884929424037,4.695114937185804,4.8691328739357225,5.040896185798354,5.215909953431774,5.398061928592563,5.588939876540789,5.787802960339731,5.992156124272952,6.198681769131184,6.404197484493194,6.60634464756767,6.803829684014271
-4.6446782232426075e-7,0.06652195739858194,0.14658507162121048,0.2500482038584729,0.3825413884729617,0.546785903549855,0.7438262291571194,0.9737046071571792,1.2357556710360003,1.5287150100698916,1.8507503533638336,2.199468148571285,2.571920417720304,2.9646233268623545,3.373592099016845,3.79439318274647,4.222212428195754,4.651936744125076,5.078245997210086,5.495711602923606,5.898898244103419,6.282465365049993,6.641265464149397,6.97043669088406,7.265487791739456,7.522373995940925,7.737562943488862,7.908090199246074,8.031604241900466,8.106401050640978,8.13144853265876,8.133788365455946,8.140781134896434,8.152347269319938,8.168356178931264,8.188629228079195,8.212943756755466,8.241038021986506,8.27261690638401,8.307358225871353,8.34491946148776,8.38494474049529,8.427071898582572,8.470939466266866,8.51619343703502,8.562493690795135,8.60951996251006,8.656977261422792,8.704600660378125,8.752159387050273,8.79946015937084,8.846349716349755,8.892716503233126,8.938491477131203,8.983648006548728,9.0282008463552,9.072204179314149,9.115748726931852,9.158957946532636,9.201983348370463,9.244998986248262,9.257453987985354,9.197496334171447,9.063168367116642,8.871897543045472,8.645447458616436,8.400146765975874,8.146627483350587,7.891896860314077,7.640877503162979,7.397258913974536,7.1639313798659074,6.9431979209914,6.736871361022355,6.546313532083149,6.3724486553998645,6.215770360468695,6.076354701638068,5.953886579489238,5.847702794740189,5.756851231009005,5.680162590872303,5.6163290649612785,5.563983543347648,5.521773460971265,5.4884248119206935,5.462793813369857,5.443905670793659,5.430981510598525,5.42345557779764,5.420985173242302,5.411385403447238,5.382393214556541,5.333470364659995,5.26384840776724,5.172701731919363,5.059353984342529,4.923490042603947,4.76534646691386,4.585857258192684,4.386737380758331,4.17049265124823,3.940350458575506,3.7001111541420193,3.4539252119624,3.206007275405404,2.960306093936581,2.7201598579280692,2.4879788252021156,2.2650078104054896,2.0512232146319573,1.8454050714799368,1.6453912508145314,1.448476256077355,1.2518783938082587,1.0531836453772023,0.8506876307669855,0.6435893846638924,0.4320264938031937,0.21696844510264535,-5.861384680370146e-7,0.06956501112407401,0.14885860810652973,0.24562078816692928,0.3649653814423342,0.5098767288030003,0.6819736051926465,0.8820828161166818,1.1105640089431166,1.3674527799228051,1.6524922055247806,1.9651048371547617,2.3043435967286285,2.668851035701559,3.056848742267063,3.466170452434127,3.8943433789381903,4.33871303146882,4.796598272194521,5.2654564329475235,5.743033816702894,6.227475523702755,6.71737087428027,7.21171709548853,7.70979425199879,8.210957696118646,8.714368682528642,9.218696520945155,9.72183378374819,10.220667401952877,10.710942294051558
