5.5169632428399406e-8,-0.21914577594600737,-0.43336708284638953,-0.6375809977942067,-0.826374689446819,-0.9937999520500875,-1.1330920666133133,-1.2362234911112415,-1.293083426415864,-1.2897280582971944,-1.2038924592398346,-0.9893988441071164,-0.4538661949228386,0.9525073724798825,1.5451495176061631,2.0608854969569044,2.5461754089605066,3.012266462503426,3.461299150431166,3.8919695019732927,4.301458105710951,4.686275386005867,5.04270233827789,5.367051122707282,5.655833054907662,5.90587275003775,6.114387640791383,6.279043558715018,6.397993034603358,6.469900854220406,6.493960093000115,6.492112004070695,6.486586509862214,6.477439622447842,6.46476367955088,6.448685832116163,6.429365949703125,6.406993967520039,6.381786707105843,6.353984211735272,6.323845647593727,6.2916448325468135,6.257665465690731,6.222196142436016,6.185525251120979,6.147935857391698,6.1097006910254805,6.071077355636759,6.03230388391021,5.993594758852755,5.95513751442357,5.91709001644378,5.879578506921108,5.842696472279318,5.80650436931361,5.77103021324708,5.736271001580946,5.702194917224498,5.668744226379255,5.635838762407102,5.603379867708191,5.569503928007976,5.532959804687301,5.494494292123511,5.454769225143404,5.414361744742058,5.37376806571586,5.333410076956183,5.293643929593648,5.254769670526362,5.217040970307023,5.180674075877939,5.1458552810039135,5.112746432437797,5.081488253412482,5.052201539954061,5.024986541081791,4.999921044703189,4.97705783517637,4.956422251334376,4.938010549228443,4.921789665654007,4.907698800007358,4.8956530047594455,4.885548725989725,4.877270994179243,4.870701759158214,4.865728713796637,4.8622538731179565,4.860201174723911,4.85952244009424,4.848703038356812,4.816275338139842,4.7623436189299735,4.687122357105199,4.590990956807503,4.474558696406021,4.338730108487217,4.184760497432604,4.014291893892526,3.8293612549298874,3.6323749016449987,3.42604583949344,3.213293628225566,2.997109885056739,2.7803964414701103,2.5657877355508805,2.355474056196494,2.1510470268306,1.9533916417171657,1.7626479550425092,1.5782580572397675,1.3990998909159362,1.2236914999858113,1.0504330402360034,0.877845242531649,0.7047650367611827,0.5304702228427083,0.35472066442815997,0.17771838203137783,1.8873499399814254e-7,0.42665217669804656,0.8758359268455692,1.3663672895009402,1.9108051372673325,2.5144812753597074,3.17574519162409,3.8868476271144874,4.635056774627605,5.403831596352968,6.1740142220086724,6.925046957879181,7.63621236541681,8.287871259455118,8.862650787591232,9.346519575938371,9.729680477875425,10.007212657132067,10.17940173397639,10.251707887901247,10.234336638209758,10.14139718993724,9.989663376370615,9.796999257275287,9.580580310323427,9.355126005451307,9.131433723055258,8.915520717551876,8.708597183154003,8.507910449123312,8.308282804006751
1.8873499399814254e-7,0.5393934331051946,1.078702686880426,1.6183306152944839,2.159537373676498,2.7045938454400713,3.256653365287379,3.8193305952495504,4.396041676038332,4.989220558948574,5.599562340113706,6.225441364693628,6.862611225342011,7.50423224928018,8.141211823479418,8.762800004675189,9.357361978357059,9.913245689848392,10.41966953558262,10.867564510364332,11.250313495224619,11.564335798638966,11.809467752360936,11.989091531710931,12.10996721779806,12.181732012520744,12.216051786741511,12.225450320573678,12.221903152621538,12.215357757095683,12.21240635370012,12.20878731727807,12.197939583962274,12.179891219986745,12.154688797530488,12.122397089188192,12.083098643795354,12.036893247151168,11.983897272164265,11.924242923901438,11.85807738594572,11.785561875356564,11.706870614368077,11.622189727749776,11.531716075483054,11.435656031063774,11.334224216318429,11.227642204110223,11.116137200697688,10.999940719786714,10.87928726047334,10.754413001301087,10.625554522544904,10.492947568574143,10.356825861736048,10.217419978632034,10.074956298932538,9.929656035992776,9.781734357495324,9.631399603165866,9.478852605296886,9.357400892314404,9.316036128198105,9.35217015366047,9.43886225777072,9.553203113043194,9.682935329950352,9.822265177373023,9.968502244519913,10.12038302346092,10.27727142013571,10.43875696033374,10.604438304042992,10.773800459668381,10.946144862909406,11.120553112134184,11.295874617672972,11.470732630381576,11.643544966605964,11.812556525377333,11.97588099783216,12.131549289670343,12.277562257742128,12.411945467117476,12.53280382821724,12.638374174285119,12.727074075452554,12.797545440631765,12.848691717041918,12.87970774751124,12.890101580768082,12.874812302492353,12.828229016486874,12.748289165349217,12.631823314612436,12.474920720316506,12.273375545537798,12.023163709308786,11.720902897928529,11.36425658531208,10.952254224889115,10.485511583280744,9.966345752386033,9.398787820328435,8.788502280955107,8.14262617652576,7.469543002037551,6.778606841260639,6.079831247096643,5.383555086232621,4.700093865244825,4.039379736180575,3.4105861687202608,2.8217240775330295,2.2791858716687736,1.7872062838823344,1.3472148630783554,0.957097939647381,0.6105002492213729,0.29648257292279473,5.5169632428399406e-8,-0.23217696032721005,-0.4575808903556634,-0.6694967264376578,-0.8612860643530955,-1.026320908895481,-1.157768488731634,-1.2481155209698784,-1.2881897756143386,-1.2650313058092295,-1.1564014281607724,-0.9107156565354614,-0.19476823279917718,1.0363840819605985,1.594369506089036,2.0975036655722294,2.584239224169579,3.067138321296763,3.5513645498609545,4.0390732246134045,4.530945644990032,5.026860008087345,5.526227206010889,6.028161704926836,6.531548913881156,7.035035614689022,7.536961546330193,8.035251704559512,8.527293088558705,9.009822612792629,9.478852605296897
3.675916122002378e-7,-0.21914577594594065,-0.4333670828463505,-0.6375809977942624,-0.826374689446842,-0.9937999520501285,-1.1330920666133744,-1.2362234911113061,-1.293083426415952,-1.2897280582973134,-1.2038924592399605,-0.9893988441073124,-0.45386619492326974,0.9525073724796557,1.5451495176060166,2.0608854969567925,2.5461754089604165,3.012266462503341,3.4612991504310933,3.891969501973233,4.301458105710892,4.686275386005814,5.042702338277847,5.3670511227072435,5.6558330549076254,5.905872750037714,6.114387640791354,6.279043558714986,6.397993034603327,6.469900854220369,6.493960093000085,6.497850985138497,6.509475539310303,6.528690799666194,6.555263130221431,6.588874881765542,6.629133216763918,6.675580645595894,6.727706777278043,6.784960778705472,6.846764063389413,6.9125227851462965,6.981639784054463,7.053525711234723,7.127609137094453,7.203345518270579,7.280224957701547,7.35777873834157,7.435584644057622,7.513271102500974,7.5905201962291535,7.667069592389309,7.742713440193004,7.817302281371338,7.890742013677642,7.962991942865452,8.034061955653632,8.104008845933354,8.172931829513361,8.240967289397227,8.308282804006767,8.340383902997484,8.288194107667588,8.15633213262373,7.973760288003246,7.765394335650334,7.545472273455857,7.321726003678454,7.098717846152645,6.879485062891374,6.666299112164935,6.461019327441786,6.265254739165943,6.080427954055491,5.907785270629106,5.748376606365041,5.603020224707741,5.4722635769705015,5.356349670186945,5.255196732634066,5.168396878180207,5.095236800023306,5.034740483190487,4.985730994139508,4.946906115430294,4.916921319085174,4.894473407097022,4.878378900306922,4.867642556495158,4.861512840780768,4.859522440094231,4.848703038356798,4.816275338139838,4.762343618929971,4.68712235710519,4.590990956807497,4.474558696406014,4.3387301084872,4.1847604974325945,4.014291893892515,3.829361254929868,3.632374901644983,3.4260458394934235,3.213293628225552,2.9971098850567213,2.7803964414700864,2.5657877355508503,2.3554740561964778,2.1510470268305633,1.9533916417171393,1.7626479550424847,1.5782580572397338,1.3990998909159205,1.2236914999857669,1.0504330402359814,0.8778452425316374,0.704765036761153,0.5304702228426651,0.354720664428152,0.1777183820314312,3.675916122002378e-7,0.3101874026438968,0.6131848704917852,0.9029089160801558,1.1753308051802045,1.429106408042452,1.665735585666575,1.8891438347936,2.1046900732219114,2.317784715752311,2.5324870847584124,2.750518202921127,2.9709909533494687,3.1908820101376807,3.4060123770105544,3.612189402245472,3.8061944012408624,3.9864050528533244,4.152958518740258,4.307467222638813,4.452393986021294,4.590272274720127,4.723000799358118,4.851423858429074,4.975320868221355,5.093795106316174,5.205922196485285,5.311438840898977,5.411240769727854,5.5075091211537766,5.603379867708197
-1.93499737094231e-7,0.5257969933102766,1.0484550012976648,1.565742335416046,2.077106965234495,2.584180521891063,3.0908934629868607,3.6031212534903707,4.127861182120343,4.672051692063988,5.24125549156475,5.8384823896373375,6.463393685296414,7.112019890046131,7.776990591943805,8.44817437577905,9.113582183279801,9.760390390171228,10.375966684567247,10.948812394446078,11.46935912864484,11.930573666921001,12.328335400204208,12.661559022814194,12.932045337972655,13.144058209400956,13.303648209581658,13.417773836571746,13.493306444008242,13.536037971083774,13.549830073895786,13.546642788462616,13.537087767666716,13.521185477254928,13.498969891269928,13.470488289949667,13.435800979181632,13.39498093388228,13.348113368315236,13.295295236978173,13.236634670274409,13.17225034973263,13.102270828045109,13.026833799652096,12.946085328006289,12.86017903599874,12.769275266314121,12.673540218703089,12.573145071310337,12.468265093275871,12.359078755830291,12.245766849033409,12.128511611157279,12.007495877490042,11.882902255038474,11.754912329237081,11.623705908332205,11.48946031061001,11.352349699078228,11.212544467605996,11.070210681878372,10.938727279787592,10.837572313667067,10.773741236911274,10.749154495436573,10.760372228398474,10.800880342965236,10.863806148243087,10.94343838932973,11.035569085461784,11.137267920645858,11.246518016912965,11.361886194754215,11.48226837476977,11.606705216723073,11.734253716804373,11.863902046963254,11.994518295030181,12.124826430470138,12.25340445255168,12.378700530111251,12.499063336642541,12.612782973128692,12.718139016329797,12.813452418352012,12.897138245025081,12.967756571659818,13.024059233106886,13.065030523716011,13.089920338190748,13.098268620524385,13.082804899101045,13.035822725020875,12.955609806918686,12.839507937358679,12.684183720343459,12.48596643239292,12.241220456926465,11.946720018839464,11.599997883125756,11.19964582160451,10.74555155620657,10.23906344611615,9.683079732048434,9.082063411815557,8.441986793514511,7.770211584100649,7.075311169503982,6.366841616574982,5.655066852029017,4.950641266400012,4.26424927470341,3.606195572901587,2.985931385375704,2.4114910823171885,1.8888033863727767,1.4208437172962405,1.0066382599803685,0.6402652188566442,0.3102509791472785,3.4721861209802024e-7,0.43265392234479944,0.887763000467202,1.3837554237691874,1.932353023497219,2.5376824404814924,3.196747025490109,3.90058219768472,4.635614364719861,5.385008902841573,6.129954294394885,6.85088813791519,7.528673514155728,8.14571694758281,8.686999772131276,9.140979774765892,9.500311036806355,9.762326386417296,9.929227833333268,10.007935399115583,10.009555181784657,9.948447350462782,9.840911080118916,9.703563739322572,9.551576719885192,9.39702311056205,9.247651803155104,9.10637648373356,8.971630465174236,8.838525456008792,8.700553774458177
3.1328749513278643e-7,-0.21730558770111796,-0.4277573983699175,-0.6242901583418708,-0.7993674737515345,-0.9445994358926791,-1.0500844815971828,-1.103098158237854,-1.0849968193124222,-0.9617872636582072,-0.6349900730653913,0.6635447326358003,1.2842191165153658,1.8044112481660224,2.2975027283427445,2.7782982579947566,3.249812490507372,3.7109740438631578,4.158955063100077,4.590117195975855,5.000480536223634,5.385993535433623,5.742706304348043,6.066890214704601,6.355123780863992,6.604355176329016,6.8119474688714154,6.975710672532314,7.093923713859196,7.165348800486268,7.189240183904265,7.1868971322704915,7.179885657661423,7.168258563422092,7.152103065699037,7.131539617555122,7.106720279436899,7.077826653135977,7.045067401871379,7.008675384987388,6.9689044420270125,6.926025867576147,6.880324625195535,6.83209535582073,6.7816382430004944,6.7292548039745,6.675243681507489,6.619896516187109,6.563493982106504,6.506302070029554,6.4485687008483925,6.3905207480259545,6.332361540534616,6.2742689074742195,6.216393812199296,6.158859607743598,6.101761927153618,6.04516920278488,5.989123788573235,5.933643639757468,5.878724486492411,5.822118454760382,5.762145837813188,5.6995860979706725,5.635143600405241,5.569445514035774,5.503042968424526,5.436415154869274,5.369975902057248,5.304082132049386,5.239043522125533,5.175132668745687,5.112595072838503,5.051658336777941,4.992540074166703,4.935454172090426,4.88061519832629,4.828240899398609,4.778552876813709,4.7317756478210296,4.688134385945008,4.647851690777826,4.611143754909432,4.578216280507985,4.549260454149681,4.524449223834453,4.503934046347928,4.48784219661752,4.476274663305261,4.469304604536166,4.466976309277364,4.4551638155889215,4.419909147400806,4.361757195443093,4.281604236141609,4.180679960790661,4.0605220380081795,3.922943020135055,3.7699894734834207,3.603893368537515,3.427016024482049,3.2417852768798623,3.0506270401286124,2.8558930739183435,2.6597875271140827,2.4642956850365603,2.271119197334823,2.0816227512988346,1.8967974378489711,1.717245641594303,1.5431909096989038,1.374513816643338,1.2108115436790297,1.0514752950821202,0.8957766069696783,0.7429519041029446,0.592274848131277,0.44310809464467116,0.2949295260897809,0.14733206262925166,3.1328749513278643e-7,-0.22986604098935626,-0.44870754629829895,-0.6451944442546931,-0.807205593047987,-0.9208483806293974,-0.9681755944778297,-0.9207405423291477,-0.712589247807313,0.386396425024939,1.0874353418241127,1.6251872793973108,2.136440659229563,2.64208469681665,3.147903519567364,3.6554002013666227,4.164598701301686,4.675014341371102,5.186029017763602,5.697028466733573,6.207430986427564,6.7166622432789955,7.224101629435727,7.729012818100647,8.230465410610408,8.727252512682384,9.21780917847448,9.700137905750207,10.171748875041466,10.629623618260894,11.070210681878377
3.4721861209802024e-7,-0.21730558770119698,-0.4277573983699768,-0.624290158341913,-0.7993674737515761,-0.9445994358927281,-1.050084481597242,-1.103098158237918,-1.084996819312521,-0.961787263658321,-0.6349900730655985,0.663544732635575,1.2842191165152237,1.804411248165921,2.297502728342654,2.7782982579946727,3.2498124905072943,3.710974043863086,4.158955063100006,4.590117195975786,5.0004805362235665,5.385993535433556,5.742706304347979,6.066890214704536,6.355123780863929,6.604355176328957,6.811947468871358,6.975710672532255,7.093923713859136,7.165348800486209,7.1892401839042055,7.1926949993889995,7.20301582574541,7.220072951318783,7.243653962587271,7.273469211439435,7.3091591042279385,7.350302886800372,7.396428556434894,7.447023515947682,7.501545594926427,7.559434093415912,7.620120548392728,7.683038976616717,7.747635403046237,7.813376537150114,7.87975750671403,7.946308598093837,8.0126009825226,8.078251430218469,8.142926028541833,8.206342928596742,8.26827414794618,8.32854645701836,8.387041374751558,8.443694296344736,8.498492773764442,8.551473968839316,8.602721300095947,8.65236030851351,8.700553774458182,8.728520436332662,8.712291327077336,8.646654569125646,8.531574079208658,8.372486301683615,8.178019316778721,7.957274203068678,7.718292239020155,7.467689426573174,7.2108469928708185,6.952228972444482,6.6956542038670195,6.444483012818272,6.201724938497878,5.970083923391747,5.751956831906513,5.549399249318985,5.364071745432133,5.197180200953372,5.049424493949098,4.920969614277498,4.811451041775672,4.720021544601892,4.645439958695279,4.586195438379033,4.540654911498877,4.507218380566528,4.484466640166474,4.471288279119371,4.466976309277358,4.455163815588927,4.41990914740081,4.361757195443084,4.281604236141598,4.18067996079065,4.0605220380081715,3.922943020135044,3.769989473483413,3.603893368537503,3.427016024482033,3.241785276879849,3.050627040128596,2.8558930739183297,2.6597875271140667,2.464295685036549,2.2711191973348015,2.0816227512988186,1.8967974378489536,1.7172456415942567,1.5431909096988683,1.3745138166433015,1.210811543678985,1.0514752950820825,0.8957766069696204,0.7429519041028917,0.5922748481312291,0.4431080946446074,0.2949295260896532,0.14733206262896584,-1.93499737094231e-7,0.2732703352369604,0.5414652240563448,0.800282369649262,1.0468468469588597,1.2801321990509185,1.5010514256775258,1.7121638760759759,1.9170233209239074,2.1192996365208225,2.3219015015320585,2.526351629507071,2.732586949681721,2.9392050541519525,3.144032106577421,3.344809471012022,3.539798533343498,3.7281591942344483,3.9100355418144273,4.086362296106163,4.258476412216864,4.427667965110413,4.594818733259935,4.760246164031618,4.923799933589734,5.085170553227198,5.244294485180516,5.401701674317607,5.558658924137088,5.717013441806792,5.878724486492404
3.793716507730214e-7,-0.2555232758900801,-0.5061607016607934,-0.7469476682306887,-0.9727558088999682,-1.1781926132573313,-1.3574694612025329,-1.5042072424053756,-1.6111175693476552,-1.6694254093977943,-1.667709575636835,-1.5892475994338253,-1.4045783309765756,-1.0408689415504653,0.41324074077328227,1.3432449816619954,1.9535277382351928,2.487735700591094,2.9810614777501567,3.4434926095577922,3.8772994320210383,4.2816370525804865,4.6542627748321,4.992328446781517,5.292806211463447,5.5527452236063,5.769440060011716,5.9405474237937215,6.064169092704999,6.138910457278123,6.163919712038535,6.162118342532673,6.156728853277739,6.1477949458424455,6.135388934785819,6.119610963400176,6.100587901861004,6.0784719249554815,6.053438767251981,6.025685655353809,5.995428919943088,5.962901294821919,5.928348916190363,5.892028042986804,5.85420152817253,5.815135081170102,5.775093372922087,5.734336046732233,5.693113709542173,5.651663988805035,5.610207748766948,5.568945565836436,5.528054564929078,5.487685716457488,5.447961686464517,5.408975320047059,5.3707888208517645,5.333433667619148,5.296911283487176,5.261194446358032,5.226229400634511,5.190685071255659,5.154013931614008,5.117211703851388,5.081114289049289,5.046383758344219,5.013502961817851,4.982779087149801,4.954355796506419,4.92823288338932,4.904291814213111,4.882325126662275,4.862067489053002,4.843226283082139,4.8255098224608775,4.80865170491565,4.792430249649062,4.776682436427121,4.761312189598597,4.746293211306482,4.731666849846974,4.717535691074564,4.704053690523814,4.69141373300531,4.679833527047709,4.669540724633019,4.6607581108989695,4.653689640155704,4.648508007942478,4.645344346807371,4.644280518232065,4.635109531340349,4.607425702560599,4.560756201930898,4.494439584975299,4.407796013249524,4.300330189022744,4.171939639054752,4.023101814152003,3.855017229469509,3.6696910855958964,3.469941156555261,3.2593243628386985,3.0419782010614735,2.8223767686856314,2.605006251706358,2.393974257263278,2.192584314010965,2.0029317586300697,1.8256034350018668,1.6595743452771998,1.5023689058072107,1.3504867804370617,1.2000084100187711,1.04723889162912,0.8892509046224171,0.7242384219503596,0.5516573711783059,0.3721768218621016,0.18748548324275488,3.793716507730214e-7,0.33092096519025677,0.6494531707125188,0.9448219918067757,1.2093327453155949,1.4395240994804663,1.636812550226148,1.8073944939971613,1.9611846579178804,2.1097402008800072,2.2635319783693,2.429425894480563,2.6093737412500038,2.8007781235233207,2.9981481690902627,3.195180114558091,3.38649521929163,3.5686438078292406,3.740320239746709,3.901939042044786,4.054833920761233,4.20039048047416,4.339404466112241,4.471858969455782,4.597156477277377,4.714680086655984,4.824451666299868,4.927632326834051,5.02666553962524,5.1249708245160495,5.2262294006345185
4.123456822361284e-7,-0.2555232758900234,-0.5061607016607472,-0.74694766823067,-0.9727558088999493,-1.1781926132573124,-1.3574694612025098,-1.5042072424053612,-1.6111175693476423,-1.6694254093977783,-1.6677095756368097,-1.5892475994338107,-1.4045783309765563,-1.0408689415504375,0.4132407407733869,1.3432449816620264,1.9535277382352094,2.487735700591107,2.981061477750176,3.4434926095578042,3.8772994320210543,4.281637052580503,4.654262774832111,4.992328446781523,5.292806211463455,5.552745223606309,5.769440060011722,5.940547423793729,6.064169092705005,6.138910457278133,6.163919712038541,6.168277338264819,6.181273792238431,6.202682731869296,6.232136485779014,6.269139701161141,6.313087143808107,6.363284542057212,6.418971288824578,6.479343852922137,6.543578878161303,6.610855133703336,6.680373688354204,6.751375886709605,6.823158886100202,6.89508865886591,6.966610470990351,7.037256917609636,7.106653633915365,7.174522813659494,7.24068466427073,7.30505691438769,7.3676524723418355,7.428575317659687,7.488014695870872,7.546237682748051,7.6035801896569835,7.6604364981946595,7.717247440057773,7.7744873763955775,7.832650177882336,7.845360518112512,7.750622556268733,7.572284162331114,7.355300589763617,7.127081535063285,6.900712064115463,6.682594919327009,6.476039687578783,6.282745775354651,6.103461174294994,5.938315063085812,5.787012101306937,5.6489629122960485,5.523382178072071,5.409368331367527,5.305971193595295,5.212250205398861,5.127323905024852,5.05041020752801,4.980856533739407,4.918158810406438,4.861968717491344,4.812089188253096,4.768458956426872,4.731127780851878,4.700224761029277,4.675922797410817,4.658402664746084,4.647820281406977,4.6442805182320726,4.635109531340361,4.607425702560606,4.560756201930907,4.494439584975304,4.407796013249531,4.300330189022749,4.17193963905476,4.023101814152009,3.855017229469513,3.669691085595903,3.4699411565552674,3.2593243628387056,3.041978201061487,2.8223767686856394,2.6050062517063663,2.393974257263282,2.1925843140109724,2.002931758630081,1.8256034350018706,1.6595743452772127,1.5023689058072263,1.3504867804370844,1.200008410018781,1.0472388916291382,0.8892509046224351,0.7242384219503837,0.5516573711783513,0.37217682186213175,0.18748548324282444,4.123456822361284e-7,-0.2710050745720627,-0.5366422918432687,-0.7916473395000754,-1.0309506313709804,-1.2497430135185101,-1.4435011209428192,-1.607954021127165,-1.7389659143346599,-1.8322955230822073,-1.883161638122908,-1.8854693229196893,-1.8303490090005878,-1.7030185682054908,-1.4743526184180902,-1.0663425639991548,0.49665827207224905,1.421121025847818,2.056522879066493,2.632230727321097,3.1897133829843245,3.744854480404168,4.304966564606604,4.873234188430566,5.450308087426749,6.035004232218157,6.6246718571492975,7.215430459872077,7.802356719671548,8.379657299052743,8.940844554021652
4.5480441082441334e-7,0.5361116812125115,1.0692843667855896,1.5974598845157864,2.120196308685359,2.6391181114710247,3.1579619384595845,3.682149339009268,4.217905942429533,4.771060014656052,5.3457536427090355,5.94333876418786,6.561683013066357,7.194997324969173,7.834171176944672,8.467510654896063,9.08173715629111,9.66310941977539,10.198556606778562,10.676737289808962,11.088959423514826,11.429907787575123,11.698129707518833,11.896230232472988,12.030728541047749,12.111533954612874,12.151020477124325,12.162721978050527,12.159740646322494,12.153051279801277,12.14996565640565,12.145827928206497,12.133423362561382,12.112777780047097,12.083934094257954,12.046952131569816,12.001908380430462,11.948895671776166,11.888022792602527,11.819414035124472,11.743208684341027,11.65956044717246,11.568636826655355,11.470618444963803,11.365698319267091,11.254081094636755,11.135982238373389,11.011627200237838,10.881250543140158,10.745095048862096,10.603410803367945,10.456454266191134,10.304487328275966,10.147776362502988,9.986591270938165,9.821204532621232,9.651890255450878,9.478923235436742,9.302578026274558,9.123128021862751,8.940844554021654,8.805076513250071,8.78262269072148,8.852945455436137,8.974068984615595,9.12116170365254,9.283254550607582,9.455551381860097,9.635808880090563,9.822840494342712,10.015862447945171,10.21418253621598,10.417041789888035,10.623532069941312,10.832555728519173,11.042811073279669,11.25279515353023,11.460819105187971,11.665033171395768,11.863459462798156,12.054030944247668,12.234635253457345,12.403161916975002,12.55755143449541,12.695844625784606,12.81623061650271,12.917091894664539,12.997044993835777,13.054975537050973,13.090066588123953,13.101819487708067,13.083203988270595,13.026498708183844,12.929248385236018,12.78774633318291,12.597553137993883,12.354117680587947,12.053422386048812,11.692580781680542,11.270330501807335,10.78738390259513,10.24661738046904,9.653096824245806,9.01394936760897,8.338100752641994,7.635903663333544,6.918685940713657,6.198249142669135,5.486347770748513,4.794177772078039,4.131899590585819,3.5082159235496335,2.9300172544770353,2.402099227753189,1.9269458437913873,1.5045639941874718,1.1323540637978544,0.8050179536947482,0.5145484077863924,0.25040333236203893,4.5480441082441334e-7,0.3906338967855455,0.7991949748707532,1.242098587771436,1.7328112051784146,2.2805876676773784,2.889501095367961,3.5578711846923956,4.278154771602916,5.037309995729262,5.817597769150733,6.597747730973086,7.354390871399339,8.06364653265546,8.7027467433619,9.25158505677739,9.69408895242966,10.019332267849832,10.222323989391027,10.304428292406678,10.273384035153471,10.142896878858053,9.931773667959721,9.662563187682014,9.359678170959548,9.047032629497311,8.745370734113694,8.469687160996296,8.22735374304739,8.01759434006007,7.832650177882329
2.730758364581368e-7,-0.2243005925977878,-0.4440831218254058,-0.6546887768555897,-0.8511725014607623,-1.0281425740678762,-1.1795619717237493,-1.2984604656292738,-1.3764442135008224,-1.4027313142929572,-1.3619608565876224,-1.2281422379013942,-0.9407255233265922,0.22283179814638907,1.1483327107591679,1.7121391835127577,2.209458877062774,2.6733759850973766,3.1126012411175212,3.528718382903269,3.9205554032708148,4.28578536386,4.621650238147146,4.925334765260019,5.194174696820077,5.425775529259254,5.6180780341053955,5.769390635720382,5.878401367912121,5.944178386587487,5.966165641310714,5.972211606621012,5.990246892194326,6.0199679435833975,6.060882710553642,6.11233018456062,6.1735054127912825,6.243488083636776,6.321272736866742,6.405798825947404,6.495979183352356,6.590725835760215,6.688972516236814,6.789693575357755,6.891919275259447,6.9947476516392,7.097353254274106,7.19899313984958,7.299010507603914,7.396836353647149,7.491989486474629,7.584075203759401,7.672782885602802,7.757882716202317,7.839221706638096,7.916719157147962,7.990361667946325,8.060197782840929,8.126332328519593,8.188920492122998,8.248161654378631,8.264424733394488,8.18224929919706,8.017676256693107,7.807294690580149,7.5749588489792306,7.332748863101697,7.087209935939817,6.842471061850995,6.601536461163309,6.366823545081308,6.140388765593987,5.924014728533805,5.719231716497103,5.527308453097004,5.349231431373571,5.185685150124036,5.037041657833782,4.9033647153601,4.784430906470602,4.679767116209066,4.5887012816877375,4.51042160722556,4.4440388062843175,4.38864639429788,4.343375280751636,4.307440237297247,4.28017644061464,4.261063927896535,4.249737857169624,4.245985607989134,4.237643096310509,4.212421118790822,4.169778439625035,4.108946695423277,4.029109221487145,3.929612562960008,3.8101809709541334,3.6711055467845597,3.5133845068228977,3.338797915143424,3.1499079508889003,2.9499832188632302,2.7428514959313812,2.532688490074345,2.3237508893717096,2.1200629228290904,1.9250714675564327,1.741299180882945,1.5700472843977118,1.4112202576611252,1.2633461467982638,1.1238316285219343,0.989422666067206,0.8567705391833962,0.7229701475202807,0.5859588087281669,0.44471823563998775,0.2992755261429635,0.15053491412180064,2.730758364581368e-7,0.4184731100741096,0.8586322696104933,1.338738638094387,1.8711051979250004,2.460903977082104,3.106124399994789,3.7982489988611494,4.52331613939427,5.263215045617218,5.99715402202921,6.703256979126669,7.360218366944569,7.948915883238131,8.453860718693862,8.864362131223455,9.17529639052943,9.387396671221367,9.507016831660303,9.545365496810112,9.51725629148596,9.439475447334662,9.32892808143007,9.200781977841764,9.066865099032169,8.934564791785592,8.806403944334441,8.680341290879847,8.550714907974012,8.409488296821218,8.24816165437863
4.43904734534375e-7,-0.2243005925976951,-0.4440831218253437,-0.6546887768555222,-0.8511725014607238,-1.0281425740678403,-1.1795619717237145,-1.298460465629224,-1.3764442135007928,-1.4027313142929052,-1.3619608565876,-1.2281422379013358,-0.9407255233265631,0.22283179814665957,1.148332710759218,1.7121391835127815,2.2094588770628034,2.6733759850973993,3.1126012411175425,3.528718382903282,3.920555403270826,4.28578536386001,4.621650238147154,4.925334765260026,5.194174696820083,5.425775529259267,5.618078034105402,5.7693906357203915,5.878401367912134,5.944178386587497,5.966165641310719,5.965088393856735,5.961862178097356,5.956503642685793,5.949040756640542,5.939513112840779,5.9279722974660585,5.914482273021283,5.89911971194502,5.881974210213568,5.863148306317756,5.8427572308942395,5.8209283164119245,5.797800004794576,5.773520403700355,5.748245359205363,5.72213603348368,5.695356000144696,5.6680678963343665,5.640429698418951,5.612590715673315,5.584687422291991,5.556839270473974,5.529144644504104,5.501677125974753,5.474482242158248,5.447574862117263,5.420937388120425,5.394518863747706,5.368235085925291,5.3419697679323965,5.3133594244107165,5.282181797516758,5.249005542734061,5.2142610721449,5.178245280526168,5.141133762196441,5.10299955173723,5.063836961953652,5.023588773651196,4.982174881024116,4.93952051555668,4.8955823397763005,4.850370983732803,4.803968948261422,4.756543177146684,4.708351968909341,4.659746231199269,4.611165359632282,4.563128239480478,4.516220019235155,4.471075387705635,4.42835909820234,4.388744424095977,4.352890122426752,4.321416429655505,4.294880886373053,4.273755779509838,4.258410645518783,4.2491040081715585,4.245985607989125,4.237056851259386,4.210140902474378,4.164881527240235,4.100789707618493,4.0173854252294445,3.9143686637312163,3.7917982658882416,3.6502577545276766,3.4909897185003174,3.3159834056876023,3.128002380475444,2.9305398687182196,2.7276894459986947,2.52392015422533,2.3237508893717322,2.1313321700858388,1.9499674131717877,1.7816416551939867,1.6266649204563923,1.4835552364898763,1.349250004494223,1.219636345877584,1.090275335443885,0.9571326218607641,0.8171525867809926,0.6685940886080205,0.5111257755308615,0.3457237883198476,0.17442633207762698,4.980103004149806e-7,0.27580051128321725,0.539893931377068,0.7824260631530121,0.9971366829162195,1.182692096524398,1.3432292541451412,1.4877240068071258,1.6279220656940072,1.7750925333340193,1.9367253333638024,2.1147310091066647,2.305966316602322,2.5045324905526423,2.7045532900612637,2.9024661323614946,3.100924294822315,3.2817852668803313,3.4776859147190335,3.676032698599506,3.8791851851052765,4.085263826244745,4.28947036215538,4.485287211235984,4.666090491475611,4.826743321461673,4.964767470070509,5.0808462656911395,5.178577232321577,5.263549379569205,5.341969767932401
4.980103004149806e-7,0.49274947643785816,0.9862604942750068,1.4817246721238413,1.981078507582826,2.4871064127644487,3.003274000303918,3.5332899376171443,4.080459328272468,4.6469469114400335,5.233095056147732,5.836929415853057,6.4539401500767495,7.077167506059657,7.697567680348818,8.304600460341224,8.886965625614835,9.433414896907745,9.93357307987886,10.378710367724526,10.762414535615612,11.08111606999872,11.334421584787071,11.525212655259635,11.659471033618544,11.74580107013401,11.794641241031549,11.817193859995667,11.824156267528913,11.8243999798354,11.823796293100388,11.820378794225357,11.81013484664191,11.79309004855626,11.76928690096456,11.738784564964497,11.701658524645952,11.65800015819342,11.607916220549535,11.551528241683767,11.488971845171681,11.420395992416138,11.345962158424577,11.265843445591106,11.180223642412326,11.089296234486962,10.993263375505114,10.8923348262191,10.786726869600807,10.676661210524909,10.562363868374549,10.444064070942966,10.321993157907311,10.196383501989336,10.067467455712219,9.935476331465315,9.80063942249987,9.663183072753073,9.52332980466565,9.381297518221144,9.237298787059368,9.128336513611671,9.109416654225713,9.166821929886037,9.266332923609532,9.38648882342227,9.517599945144562,9.655476308292322,9.798270283973384,9.945139514313036,10.09565626703192,10.249522764899805,10.406421208813542,10.565928816862442,10.727467847480945,10.890277081331586,11.053398560790825,11.2156767597882,11.375768859048812,11.532165325583952,11.68321997623814,11.827188398977711,11.962273190092235,12.086674071199868,12.198640665357681,12.296525582701415,12.378835500049393,12.444278093402195,12.491802958113608,12.520634985724566,12.530299022288304,12.51352423004423,12.462784894906587,12.37687923454953,12.253943638690176,12.091647408986642,11.887439091579703,11.638822861127602,11.343642749249772,11.000354168667352,10.608265451931464,10.167736206787099,9.68032350140009,9.148870745246668,8.577537349987551,7.971769730076436,7.338215924874864,6.684587113222846,6.019469541056354,5.3520898111356665,4.692034895907097,4.048925299812631,3.4320350939210695,2.849845814432266,2.309513211005475,1.8162205588694926,1.3724016168705109,0.9768660088771899,0.6239848197341336,0.3032928477458749,4.43904734534375e-7,-0.23766553964321424,-0.4659967400214928,-0.6757396883380186,-0.8577253055303711,-1.0027067550240572,-1.1008752546750813,-1.1406908003653762,-1.1059486458221863,-0.9667766616236624,-0.633289932295655,0.6356540720650459,1.2247128827074407,1.7030999735737178,2.148657758118933,2.5801091639513425,3.001722620629324,3.4376259500024826,3.8610672149125285,4.289352142306641,4.722267233317258,5.1604548672347414,5.604259953617016,6.053604133713716,6.507939332879286,6.966206269974873,7.426785087754381,7.887438875508239,8.345245680899811,8.7966820618021,9.237298787059363
-3.9577114042692166e-7,0.17286554100498042,0.3485533864694542,0.5298771636750425,0.7196101285877442,0.9204152401874037,1.1347346045692905,1.3646491927862623,1.6117290822360204,1.8768973291823878,2.16032717109257,2.461384949777877,2.7786229392959707,3.1098194144968176,3.4520587770837357,3.8018422790138073,4.1552192512591715,4.507929113189327,4.85554533376457,5.193613679818697,5.517778410146156,5.823891524565081,6.108101740606752,6.366921517198717,6.597272114605193,6.796508281658212,6.962425580387445,7.093254470874698,7.187645971015606,7.244653891482791,7.263718287747542,7.262653154716201,7.259449135452246,7.254080807203203,7.2465072398052905,7.236674094840252,7.224516442577455,7.2099621817802335,7.192935923993097,7.17336318657797,7.151174728005419,7.126310854835145,7.098725532214709,7.068390138105493,7.035296715146875,6.999460592333097,6.960922270708443,6.919748492316618,6.876032438951191,6.829893036190294,6.781473368149146,6.730938238752512,6.678470945492017,6.624269360888355,6.568541444412922,6.511500332477228,6.453359175177559,6.39432590457935,6.334598129201044,6.274358351839798,6.213769702008761,6.149959675112186,6.082162177168041,6.011129430817648,5.937514253876601,5.861865144327613,5.784628479826431,5.706157492602458,5.6267271685290465,5.546553782055795,5.465817463166755,5.3846860276800035,5.303338295891644,5.2219852641935205,5.140887751562267,5.060369480643351,4.980824932617659,4.902721700769463,4.826597430926968,4.753051756497721,4.682733897386425,4.616326787045707,4.554528716101534,4.498033533936083,4.447510434409944,4.403584275666985,4.366817258323787,4.337692627570697,4.316600892756697,4.30382889413578,4.299551909381358,4.295110478845514,4.281387839727644,4.257255904197907,4.221045918206658,4.170827703070304,4.104735744415995,4.021298161133466,3.9197330594652446,3.8001901469894244,3.6639266815878564,3.5134044391187023,3.35226781990528,3.1851263146158986,3.01707066276668,2.8529369319292632,2.6964474664007407,2.549430257928625,2.4113306484424415,2.2791782653755845,2.148049610609399,2.0119091933086115,1.8646022903703734,1.7007669548706639,1.516512737134012,1.3098146557453847,1.0806433952944599,0.8308845045284794,0.5641027907751449,0.2851995329304137,2.330561881052512e-7,0.16593528995961526,0.33922911447197396,0.5263964448982045,0.7325086161800918,0.9609406108136749,1.2134115194263175,1.4901730989160236,1.7900276429874868,2.103520895936781,2.4627553745062807,2.8234382057958682,3.2021317832982086,3.596228154859307,4.0039356384918605,4.423488644566581,4.852992395071793,5.290432603512223,5.733757788127282,6.180964632090895,6.6301501014777156,7.079525198383599,7.527399666219527,7.972148279239063,8.412165557911303,8.845811824368704,9.271327583958273,9.686919930461304,10.090373439120583,10.479352138723792,10.851172480093894
2.330561881052512e-7,0.1728655410055647,0.34855338646987083,0.5298771636752366,0.7196101285878995,0.9204152401875163,1.1347346045693758,1.3646491927863333,1.6117290822360955,1.8768973291824707,2.1603271710926495,2.4613849497779365,2.7786229392960298,3.109819414496878,3.452058777083799,3.80184227901387,4.155219251259232,4.507929113189388,4.855545333764631,5.193613679818759,5.517778410146216,5.82389152456514,6.108101740606812,6.366921517198777,6.597272114605252,6.796508281658271,6.962425580387506,7.093254470874756,7.187645971015664,7.244653891482849,7.2637182877476,7.268479211189207,7.282677571138352,7.306063214186787,7.338229262776066,7.378626459749689,7.426581898298168,7.4813209827542835,7.541991375710352,7.607687714625227,7.677476003957085,7.750416775489851,7.825586326876563,7.902095567591672,7.979106201044685,8.055844138612994,8.131610170516009,8.205788010347328,8.277849889044532,8.347359906333121,8.413975359911277,8.477446271051207,8.537613315119684,8.594404350866418,8.647829726200582,8.697976522622291,8.74500188678444,8.78912558652633,8.830621920409934,8.869811104249147,8.907050255061755,8.927524855789175,8.915342981711664,8.866526841931876,8.779459830613826,8.655742363649814,8.499617006951611,8.316525448123716,8.111876864075755,7.890476341946294,7.656447665699174,7.413366287676123,7.164428139190907,6.9125857402256905,6.660636759764696,6.41126973302924,6.167076331435212,5.9305393300822296,5.704004146324647,5.48964078231383,5.289402427693345,5.104986727907077,4.937805511448706,4.788968248193651,4.659283354275092,4.54927947162638,4.459246084154329,4.389289647705118,4.339398425159348,4.309507135445206,4.299551909381379,4.29679792128059,4.287882913328689,4.270964689319228,4.243338090972859,4.201904915103471,4.14370129079885,4.066396954406097,3.968695320393982,3.850581631485999,3.7133843745389488,3.559638467385739,3.3927784787557886,3.2167378911075115,3.03554233792437,2.852936931929234,2.6720370230275954,2.4950004487106483,2.3227662823695066,2.1549339552286195,1.9898430565383416,1.8248658333367165,1.6568643590901926,1.4827196132794047,1.2998281801700877,1.1064829711605848,0.9020917114260523,0.6872242416103957,0.46350893914965463,0.2334190822101501,-3.9577114042692166e-7,0.5541098803458743,1.1202714890587455,1.7093051526333094,2.3295863836493504,2.98592186741157,3.6786490481760525,4.403116056710156,5.14966279546264,5.904147132763712,6.648974101855588,7.364515277035303,8.030760458649798,8.629024676832874,9.143536539790002,9.562754744217115,9.880293931214066,10.095384541332372,10.212838726137804,10.24253991888406,10.19851172937731,10.097648511478832,9.958205196181272,9.79815323491525,9.633522814542825,9.476877843304731,9.336130443836037,9.213698950588238,9.10684313153478,9.008107416992667,8.907050255061765
3.050905393546693e-7,0.5683561388513388,1.1335438768224686,1.6932181622129578,2.246549797228762,2.794661952078129,3.340704359837804,3.8895018999234563,4.446788099971458,5.018130091095181,5.60774086858254,6.2174183467095645,6.8458237686940695,7.488223683146404,8.136708880400116,8.780813271205453,9.408408208565996,10.006740553160846,10.563499428671289,11.067820389845407,11.511156418532034,11.887959270953944,12.196122991078985,12.437146753559906,12.615980605426932,12.740530072177501,12.820819499130694,12.867853928663079,12.892275280517795,12.902971529108973,12.905847039938726,12.90324490729816,12.895443540135755,12.882458001156873,12.86431329656505,12.841044229544783,12.812695197004343,12.779319931412662,12.740981190041415,12.69775039436844,12.649707222804716,12.596939160271946,12.53954100847705,12.477614361004232,12.411267047573217,12.340612551997376,12.265769408517917,12.18686058129631,12.104012831917334,12.0173560797953,11.927022760387853,11.833147186107512,11.73586491478314,11.635312130460225,11.531625041242867,11.424939298767008,11.315389443758493,11.203108381966626,11.088226894582865,10.970873187062683,10.851172480093902,10.73826826253121,10.643835551828255,10.573144091602083,10.529261487443218,10.512200598032683,10.519485805128907,10.547575498265205,10.593062193064528,10.653203567496583,10.725952773255022,10.809775260449106,10.903429522698428,11.005783006108164,11.115680106607808,11.231858874173033,11.35290765199459,11.477252646416344,11.60316855384722,11.728805663159445,11.852228023696686,11.97145829539482,12.084525795692208,12.189515035103417,12.284612687216246,12.36815146763963,12.438649805663463,12.494846496554297,12.535729742435473,12.560560148894602,12.56888736453004,12.570461766218028,12.573148854405009,12.571106546223586,12.555430991538593,12.515234359689082,12.438869717599292,12.315125903470676,12.134259554401371,11.88878708453988,11.57400851850972,11.188269724238868,10.732989741808238,10.21248930541463,9.633659543651582,9.00550942535094,8.338628681248123,7.644600531289608,6.935395817891477,6.222777041848026,5.51773723405961,4.829994609039369,4.16755981180154,3.5363888773827346,2.940132630892308,2.379992970233853,1.8546982281457818,1.3606114425774425,0.8919820890597739,0.4413388430922053,3.050905393546693e-7,0.34217790669725767,0.6702177794804546,0.9720130560692445,1.2393179987623735,1.469149733424293,1.6644922455093052,1.8340008644417434,1.9906359403996992,2.155854500619025,2.3066000024385174,2.490815547631159,2.6897014901059864,2.8993023840622762,3.1131500999557074,3.3255171477042613,3.533082374054785,3.7352646658648743,3.9335069506842624,4.130006700490983,4.326457691033971,4.523279987793372,4.719576318399218,4.913738192792145,5.104366566666364,5.29107161485431,5.474790339710346,5.657459651826819,5.841134352518618,6.026865378751131,6.2137697020087685
-3.5057578582135235e-7,0.5545733377847942,1.1110155644897621,1.671440419086496,2.238359126013452,2.8146679042876515,3.4034337994911406,4.007489820927933,4.628898650983745,5.268380149683409,5.924810737765004,6.5948893776716,7.273031505334946,7.951511033990164,8.620833397601105,9.270296609342887,9.888683705539794,10.46502599464382,10.98937820210061,11.453550424199573,11.851745583583712,12.181053885956278,12.441757744478538,12.637402916037795,12.774596530710788,12.862504030064672,12.912039556000638,12.934782260486118,12.941704466406065,12.941858102125972,12.94121392325462,12.938805238474496,12.93158272068493,12.919556954559816,12.902745498282789,12.881172760262011,12.854869828760089,12.823874256624608,12.788229803867676,12.747986141360505,12.7031985193734,12.653927405094182,12.600238093592766,12.542200296960644,12.479887716536194,12.413377603228394,12.342750310969471,12.26808884826292,12.189478432646998,12.107006052669991,12.02076004167622,11.930829667337308,11.837304740440468,11.74027524597168,11.639830999020473,11.536061327491625,11.429054783053646,11.318898881194267,11.20567987070307,11.08948253237344,10.970390006221148,10.86140557066009,10.784840579517342,10.751657301824437,10.7627742141183,10.809205515398713,10.879375535032622,10.96426309101559,11.058203398283725,11.158008165650955,11.262020732546125,11.369455221044998,11.479975117037972,11.593424286976262,11.7096505016425,11.82838755806981,11.949178162796729,12.071328373115877,12.193888553766085,12.315657465463177,12.435206452654445,12.550920462308532,12.661052237381268,12.763785732791428,12.857304711224932,12.939862612837931,13.009850122728485,13.06585732201039,13.106727837579728,13.131602948057884,13.139954122602797,13.130077772949203,13.099787508146562,13.047138331806813,12.969016034941996,12.86132347323242,12.719231411094942,12.537483782430597,12.310744297449729,12.033968738275098,11.70278530376186,11.313864214817587,10.865257615684344,10.356691637691242,9.789794262368853,9.168245179970986,8.497836972043611,7.786440381446309,7.043869834852589,6.281648318295091,5.512672572282746,4.75077946010674,4.010210832215539,3.3049649985129883,2.6480048549975423,2.050263096291758,1.5193487538396206,1.0578527671383215,0.6612909452406608,0.31622680511558016,-2.3088513613920402e-7,-0.31602570397348795,-0.620747387932613,-0.9027856373693276,-1.150537217805397,-1.3518483821560183,-1.493309486457039,-1.5586988222216522,-1.5252008063120248,-1.3520447800452982,-0.9250992756908236,0.808182657653292,1.6563811796818233,2.332844725581879,2.959521488039779,3.5621391348580795,4.149221514944288,4.72387844851245,5.287134992245764,5.839131758112883,6.379602558241977,6.908063569769465,7.423879084759194,7.926275575876946,8.414337047880567,8.886996126299461,9.34302592686266,9.78103338352205,10.199453548407023,10.596545214427133,10.970390006221146
-2.3088513613920402e-7,-0.29861728055321723,-0.5904204077435575,-0.8686135531986702,-1.1264280264831557,-1.3571095932457116,-1.5538662483875079,-1.7097455971796294,-1.8173835226585742,-1.8685021892201807,-1.852870265013198,-1.755935187722921,-1.5523942287367432,-1.1816249552281957,-0.20424896579727006,1.2797910124932819,1.9003640449015256,2.4154006038413938,2.8723665974110975,3.2858266853411515,3.6611735663941007,4.000389098728722,4.3040582874118805,4.572213165975225,4.804716266612909,5.00143240341287,5.162292659073038,5.2873011150788045,5.37651268977754,5.430000045533704,5.4478217682289,5.446838182597626,5.443879619784487,5.438923276996018,5.431933172316213,5.422863085165779,5.411660490394449,5.3982713140966645,5.38264530425692,5.3647417832481015,5.344535532425203,5.322022551399819,5.297225435434351,5.270198122888369,5.241029779864383,5.209847610344248,5.176818406676023,5.142148687134653,5.106083304695067,5.068902454705259,5.030917059556656,4.9924625663226765,4.953891258796542,4.915563257621259,4.877836459159921,4.841055741642756,4.805541840408383,4.771580355622733,4.739411397650903,4.709220389321601,4.681130524200759,4.65334474930772,4.624399060796693,4.594735993133471,4.564623420091847,4.53416216340981,4.503304053913094,4.471879007209673,4.439628936163282,4.40624584791529,4.3714113042938525,4.334834546426644,4.296286939313054,4.255630898227267,4.212842031004328,4.168023795866523,4.121414481833892,4.073386738872534,4.024440208130244,3.9751880332946112,3.9263381851634773,3.878670619700416,3.833011332469208,3.790204385019542,3.7510829738837392,3.7164405982109794,3.687003360186793,3.6634044000008736,3.6461614159422213,3.635658139045978,3.6321305100923156,3.623925111393187,3.599310912838203,3.558308671574394,3.501000028522951,3.427590815081651,3.33848626663157,3.2343670349631,3.116254405116367,2.9855538156922092,2.844067349161749,2.6939679892945065,2.537730958522836,2.3780204199888426,2.2175336440135833,2.058810045693606,1.9040198994406057,1.754756865220753,1.6118677630502376,1.475357905990853,1.3444049902904243,1.217495600412054,1.092669162939336,0.9678255690494513,0.8410373350994359,0.7108110056666508,0.5762612083778409,0.43718411021977327,0.2940360583120928,0.14783422066337512,2.6827196337144987e-7,0.28710384309203024,0.5686356263915908,0.8402697659243982,1.0998301436351932,1.3475603356987282,1.5856112270064766,1.816841848489078,2.0433247826997527,2.2651353739198314,2.47992963997052,2.683491396565691,2.871047203214278,3.0389021039636432,3.1858875206730084,3.3141720121476745,3.429111670035962,3.538024808104107,3.6481079275695403,3.7641189204823906,3.886715458892096,4.012179503936958,4.13367850872161,4.243571813049349,4.335950404846353,4.408656297998985,4.464265755584174,4.5097693621019985,4.554934214434515,4.609669279080295,4.6811305242007535
2.6827196337144987e-7,-0.2986172805530115,-0.5904204077434866,-0.8686135531986662,-1.1264280264831121,-1.3571095932456738,-1.5538662483875245,-1.7097455971796534,-1.8173835226585953,-1.8685021892202258,-1.8528702650132496,-1.7559351877230207,-1.5523942287368708,-1.1816249552284002,-0.204248965798565,1.2797910124930627,1.9003640449013395,2.4154006038412508,2.872366597410948,3.285826685341014,3.6611735663939844,4.000389098728607,4.304058287411743,4.572213165975112,4.80471626661277,5.001432403412742,5.1622926590729135,5.287301115078681,5.376512689777411,5.430000045533575,5.447821768228774,5.458496178226839,5.490296213993879,5.542566674030697,5.614261362444002,5.704004903128436,5.810167284676283,5.9309426318380325,6.0644248278845065,6.208674681857796,6.361775654194976,6.521877196156991,6.687226250296352,6.856188353959064,7.027260179239117,7.199075379625722,7.370405441019751,7.5401569663176105,7.707366533821019,7.871194003090967,8.030914916768303,8.185912467856136,8.335669365545487,8.479759831915366,8.617841888973246,8.749650043298749,8.874988437935036,8.993724513359314,9.10578319778924,9.211141629228408,9.30982439586164,9.382502696793866,9.400820758281654,9.354554663129864,9.243783819523026,9.0787725511984,8.872665529755144,8.63634022247745,8.377587692161828,8.101960920107508,7.813674594502097,7.516209191351214,7.212666664441835,6.905968195769082,6.598957809313486,6.294449658879952,5.995240349277285,5.704098293441189,5.4237370313027675,5.156776893508085,4.905698449743106,4.672791340556333,4.460103013616329,4.269393181426914,4.102100912635971,3.9593313842950475,3.8418676513114667,3.7502088853888824,3.6846307704422347,3.64525752643781,3.6321305100922947,3.6239251113931754,3.599310912838198,3.5583086715744034,3.5010000285229346,3.427590815081635,3.338486266631565,3.2343670349631055,3.1162544051163596,2.985553815692197,2.8440673491617385,2.693967989294496,2.537730958522827,2.378020419988839,2.2175336440135696,2.058810045693615,1.9040198994405926,1.7547568652207366,1.6118677630502185,1.4753579059908386,1.344404990290405,1.2174956004120228,1.0926691629393144,0.9678255690494285,0.8410373350993848,0.710811005666561,0.5762612083777365,0.4371841102196217,0.2940360583118854,0.14783422066309956,-3.5057578582135235e-7,0.4475399206767253,0.9269038330621482,1.462722136560904,2.068314479704748,2.745183609330105,3.4847115168048335,4.2705964852951395,5.081308769479918,5.892386384030401,6.678586085105713,7.415907346750928,8.08345155739702,8.66502423351724,9.150353725684564,9.535789768758015,9.824360255684418,10.02510723203108,10.151698047099279,10.220418179993398,10.247790522186678,10.248199397242262,10.231965863612665,10.204259608402593,10.165025221765157,10.109815699571254,10.031192326012363,9.920272499959673,9.768098661403377,9.56668976560767,9.309824395861641
3.833174984484506e-7,-0.2034129562935559,-0.40760441642422635,-0.612783178310206,-0.8181042060696655,-1.0213273131139549,-1.2186328762003051,-1.4045677987257699,-1.5720643525330176,-1.712450136539194,-1.8153319597700464,-1.8681508625179282,-1.854960253625951,-1.7531649617971459,-1.5234596529247033,-1.0628535227797236,0.7304481053734293,1.636280228312587,2.298492734260394,2.881535026636601,3.4151858248998934,3.9071044795053447,4.357961321364712,4.765755983636013,5.127492974373296,5.439957268495454,5.700112914623786,5.905319145507616,6.053449057081791,6.14295339440736,6.1728929842050695,6.16944667438277,6.159155148676591,6.142159935622616,6.118694634119947,6.089081469634738,6.053726434237195,6.013112978930125,5.9677942283441485,5.918383698170199,5.865544517133195,5.809977190278202,5.752405990802054,5.693564134605861,5.634177974502273,5.574950546543355,5.516544903204235,5.459567767852849,5.4045541297828485,5.351953454964151,5.302118200585302,5.255295280217537,5.211621025432271,5.171120031254191,5.133708068098159,5.099199010948769,5.067315501789452,5.037702848958127,5.009945498953905,4.983585306758973,4.958140785239495,4.932320124242834,4.905610370154971,4.878579509139082,4.85166703060564,4.825217979112127,4.7995212272425105,4.774847551518212,4.7514829634975015,4.729753041279748,4.710034638594548,4.692752155004853,4.678356215500718,4.667282426133096,4.65988504071009,4.656330008116682,4.65640304164719,4.6591612823645185,4.662896197380253,4.668195354011414,4.680043311995133,4.700917374087224,4.72927110850538,4.762136100556221,4.796461013557242,4.829566720307272,4.85927846577874,4.883931836193095,4.902326589495208,4.913664528225182,4.91749266122715,4.913134177414449,4.899130845305127,4.872859746475892,4.830450760670474,4.767431208984587,4.679451716897302,4.562984845752948,4.415915961046276,4.237979115073683,4.031018053573316,3.7990685707803404,3.548262237612293,3.2865433987258967,3.0231725823799493,2.76796622516056,2.5302161363775135,2.317290468566695,2.1331002365712086,1.9769000384206348,1.8430526640340603,1.7221072429125068,1.6028704320406602,1.4746537601576781,1.3289754544243657,1.1604574031456774,0.9670351315317015,0.7497228782914936,0.512137068689736,0.25990190072913666,4.4213948363720853e-7,0.4416148550539041,0.8799074807032321,1.3157981331464497,1.7569552336815308,2.2176468644756566,2.715807706675858,3.2680523365945673,3.8844210015910994,4.564891596228565,5.298636177421193,6.065625581626491,6.839547959545729,7.59112727288473,8.291291142341528,8.913911997979838,9.437982599054687,9.84914494260707,10.140522921040862,10.312838813589593,10.37382946144262,10.337021306637734,10.21997543814515,10.04217541762033,9.822798684129792,9.578671950423438,9.322731780155753,9.063257071592693,8.803999439777737,8.545055808364534,8.284545873113865
4.4213948363720853e-7,0.58810145171558,1.1709107178889384,1.7440189442778806,2.3046793144558615,2.8523750576184597,3.3890738200505925,3.9190842998208706,4.4484778742690105,4.984117572956113,5.5324356889655855,6.098184638545396,6.683411617551227,7.286855773230143,7.903856488516013,8.526741122612172,9.14557489038723,9.749121672977298,10.32587239662971,10.865025978335252,11.357338998024602,11.795785465466428,12.175986027528314,12.496379396274985,12.758121626915738,12.964714895237112,13.121389289940272,13.234289463933589,13.309550152485045,13.352373888966174,13.366240772001836,13.361593724536649,13.347661456078042,13.32447053135133,13.292065035373945,13.250506291809677,13.199872473874018,13.140258112835653,13.071773510376545,12.9945440621426,12.908709500723386,12.814423067037769,12.711850619673074,12.601169692135816,12.482568508233685,12.35624496593537,12.22240560005959,12.081264534043529,11.933042430840697,11.777965452710859,11.61626423929115,11.448172912880839,11.273928119331627,11.09376811231101,10.90793188800782,10.716658376608164,10.520185696181777,10.318750474241797,10.11258724290949,9.90192791757073,9.687001383927052,9.517385040640509,9.471111915191376,9.538156428958095,9.670504823190528,9.835279788624613,10.017299560035598,10.209842131498643,10.409703261386374,10.615101538756253,10.824771670287896,11.03755336479684,11.252207206850478,11.467346404284568,11.68143258586506,11.892807442459436,12.099742393990844,12.300493944541108,12.493356094675748,12.676704229871806,12.849027597136502,13.008949798559732,13.15523855126049,13.286807175266809,13.402710822887757,13.50214039104109,13.58441648805668,13.648984955550068,13.69541450288491,13.723396209680175,13.732744145098206,13.705477867942015,13.622753822343821,13.481960081271566,13.27926348669493,13.01030605239514,12.671032347096578,12.258539086649053,11.771847555073169,11.212520978871197,10.585075484988828,9.897158981376224,9.159493613391916,8.385592676963519,7.591271360071136,6.793971959554967,6.0119175373639,5.263092996093627,4.564032641479468,3.9283841958014496,3.3652632467553287,2.877580493076987,2.460850636195353,2.1032960519061237,1.7878734977184596,1.4959166557791415,1.2110474781357776,0.921900314770446,0.6230556696401519,0.3144689531691614,5.344213956734539e-7,-0.24719944545924707,-0.4882693765341655,-0.7177100297157081,-0.9312236225761247,-1.1261672387826196,-1.301815225121321,-1.459341728064012,-1.6014039786100709,-1.7312046562953862,-1.851061983712983,-1.96083312645531,-2.0566463207045973,-2.1300496270854232,-2.1672406405523974,-2.147655948371913,-2.040198338767293,-1.7910207594433187,-1.2652853477557833,0.8958358088066192,2.032834437173442,2.914245606976197,3.734705684690302,4.541695657406102,5.323333883308918,6.0968983853510235,6.857394794799855,7.601146301645738,8.323865394384727,9.020878200041034,9.687001383927063
5.344213956734539e-7,-0.20341295629350895,-0.407604416424103,-0.6127831783101477,-0.8181042060696028,-1.0213273131139087,-1.2186328762002532,-1.4045677987257001,-1.5720643525329452,-1.7124501365391178,-1.8153319597699624,-1.8681508625178358,-1.8549602536258547,-1.7531649617970317,-1.523459652924572,-1.0628535227795333,0.7304481053737081,1.6362802283127047,2.298492734260478,2.8815350266366604,3.4151858248999383,3.907104479505379,4.357961321364739,4.765755983636031,5.127492974373309,5.43995726849547,5.700112914623791,5.905319145507621,6.053449057081791,6.142953394407351,6.172892984205065,6.1767930765997,6.188458532270601,6.207785669253773,6.234604255978156,6.268681243300537,6.309725750602997,6.357395093961178,6.4113016175618025,6.4710200811804635,6.536095364857344,6.606050273518705,6.680393254857879,6.758625878801526,6.840249962257359,6.924774255306825,7.011720632323939,7.100629752441804,7.191066168016987,7.282622867623821,7.374925242498531,7.467634463392629,7.560450249772402,7.653113006525351,7.745405296065459,7.837152607120104,7.928223376522256,8.018528217731719,8.108018309671484,8.196682900226234,8.28454587311387,8.318409141774994,8.219071043096815,8.000721975276175,7.7157710155229084,7.401641707396513,7.078120320972425,6.756488016294711,6.444348858005096,6.147598809655442,5.871190955094995,5.619385998840899,5.395757510888167,5.203074919198883,5.0431465523399,4.916707640519996,4.823464207715335,4.762416783637047,4.732019122164708,4.727369546722224,4.738448902733646,4.757390406662885,4.780335569675108,4.8051108105178795,4.830090990445718,4.853872411507271,4.87520537610756,4.893005084431698,4.9063834234861705,4.914681139577884,4.917492661227172,4.91373216856145,4.901463938612061,4.877896476498639,4.838902902489708,4.779694172519096,4.695573347302252,4.58265718719303,4.438482388656833,4.262449883060742,4.056089847862646,3.823147472820131,3.569494640383665,3.30286641183316,3.032404495785473,2.767966225160544,2.519141594235767,2.293951657843115,2.0973413025270973,1.9298480808504086,1.7870668486136807,1.6603994848582564,1.5389653672363077,1.4119188373486364,1.2703451427144363,1.108336495479983,0.9233057388299148,0.7157926954210104,0.4889973040160348,0.24818025621291956,3.833174984484506e-7,0.3633198308481268,0.7062518147792057,1.0108284482196555,1.2644111144534038,1.4627729920282981,1.6125613273351502,1.7321369150571473,1.8491496328035961,1.9930941221100604,2.1841973532443313,2.425284561713508,2.7024735035822265,2.9925595593164562,3.271034356622854,3.5176116414792773,3.719264724254271,3.8715241970523016,3.9784488021052042,4.051321046427705,4.106021151896136,4.159304352021621,4.225329490903765,4.2995941062817895,4.402815546274485,4.512008432924926,4.620534218372043,4.72031465450235,4.807551212239573,4.884305239164523,4.958140785239498
-8.278288721424671e-8,-0.1309858075803141,-0.2629226268290216,-0.3963137062922072,-0.5308402081548182,-0.6651068586652165,-0.7965149711549431,-0.9212357845304006,-1.0342344775713144,-1.129279187015955,-1.1988437886046268,-1.2337444819322756,-1.2221433913854955,-1.146834465647077,-0.9764087884209369,-0.6170846938629482,0.648461204537005,1.2069597928748965,1.6494846373136547,2.047297664080253,2.4153143296077837,2.7569132144361967,3.0715995751110787,3.357374720630742,3.6117034109229222,3.831981357480938,4.015786227899542,4.161020692356564,4.265995915999305,4.3294799867776055,4.350724902796132,4.356100038920076,4.372134965827141,4.3985625340942285,4.434951378639572,4.480725310312421,4.535187859842554,4.597549912159687,4.666958391931686,4.742524223840398,4.823348200787722,4.9085438527911105,4.997256840245958,5.088680748232025,5.182069413406516,5.276746073768114,5.372109709496946,5.467638960851149,5.562893987268598,5.657516587763076,5.751228849566931,5.843830538793272,5.935195399303257,6.025266487061647,6.1140506383885045,6.201612151879104,6.288065754865865,6.373568925191537,6.458313646492143,6.54251768864583,6.6264155227914445,6.874350945670876,7.052506238119584,7.242088722484813,7.438586875982241,7.642120783537611,7.853220499051369,8.072240631256056,8.299186201400522,8.533646311982135,8.77478087424753,9.021344208973725,9.271736099309864,9.524071592090404,9.776260902932362,10.026091443649566,10.271305365432182,10.509667834735502,10.73902319600703,10.957337950494086,11.16273092040187,11.353491997865406,11.52809149752768,11.685182385971283,11.823597622840706,11.942344600765464,12.040598299071574,12.117694348028062,12.173122800938986,12.206523077288463,12.217680296892404,12.195548652159388,12.12853920965228,12.014917324825944,11.852138591581069,11.637315462788873,11.367775296422996,11.041637607269202,10.658342349747958,10.21907332590424,9.727037188301741,9.187575353387677,8.60810100836308,7.9978651106111265,7.367563706909341,6.72880469203852,6.093456669076658,5.472908161037714,4.877275436734162,4.314615621313039,3.790230688195767,3.3061822210221727,2.8611575237953755,2.4508027941388764,2.0685434457650773,1.7067610514708198,1.358060594176273,1.0163219601375588,0.6773094310128069,0.33875923885919446,-8.278288721424671e-8,0.4625421748891582,0.9281932877438718,1.4008456210385336,1.885537024546175,2.3881107069168657,2.914145169365808,3.4674158427990154,4.048347125294947,4.652919008324146,5.272316845113476,5.8933688502652615,6.499624114050375,7.072835140436113,7.594605255461478,8.048000463807988,8.418974908720005,8.697504002467541,8.878355983911696,8.961461830580081,8.951866377289663,8.859261452917762,8.697117276202496,8.481446473297956,8.22926462625036,7.956861989078607,7.6780754317495195,7.4028300231640625,7.136260714755793,6.878670833811203,6.626415522791453
1.3079988951678367e-7,-0.13098580758009754,-0.26292262682898876,-0.3963137062922231,-0.5308402081548405,-0.6651068586652538,-0.7965149711549825,-0.9212357845304463,-1.0342344775713692,-1.1292791870160133,-1.1988437886046912,-1.2337444819323418,-1.2221433913855737,-1.1468344656471634,-0.9764087884210453,-0.617084693863115,0.6484612045368405,1.2069597928748146,1.649484637313595,2.047297664080207,2.4153143296077486,2.756913214436171,3.071599575111058,3.3573747206307276,3.611703410922911,3.831981357480931,4.015786227899539,4.16102069235656,4.265995915999308,4.329479986777611,4.350724902796134,4.350745685609934,4.350817352661303,4.350967530597371,4.351241174357913,4.351698960347088,4.35241509183971,4.353474571943836,4.354970015447652,4.356998086530064,4.3596556640413615,4.363035849096819,4.367223940156219,4.372293507605646,4.378302702175042,4.385290928546972,4.393276006764111,4.40225192944941,4.4121873028044964,4.423024534709091,4.434679805290374,4.447043825651711,4.459983360780854,4.473343464704837,4.486950351226453,4.500614803235409,4.514136008375198,4.527305699057175,4.539912470311129,4.551746149270841,4.562602094490003,4.571801735258392,4.579323757033763,4.585870079912638,4.5920202728026185,4.598227298557576,4.604819626904363,4.612009142969374,4.619903845972988,4.628524014135512,4.637820342989593,4.647692556218631,4.658007128179988,4.668613013967084,4.679354613717588,4.690081557538586,4.70065524444316,4.710952369889951,4.720865908957755,4.730304173362655,4.739188627429786,4.747451135852609,4.75503123621867,4.761873898341611,4.767928070051842,4.773146136172,4.777484254157007,4.780903393929864,4.783370814164908,4.784861660599719,4.785360375840781,4.78010979436083,4.763850570358179,4.735142812746015,4.691846931219905,4.631466046514312,4.551543043862892,4.450055457936988,4.325759740881944,4.1784499491946745,4.009109774949528,3.81994818344031,3.6143167127312057,3.396511284564747,3.171464819424329,2.9443416503644175,2.7200541534051332,2.502739589103381,2.2952614875721284,2.0988280001777126,1.912831696943801,1.7349889832342784,1.5617849473960492,1.3891358172516843,1.2131146331682625,1.0305812717475258,0.8396094246019864,0.639673973127786,0.4316179940816999,0.21744656587814457,3.4707729293551695e-7,0.3335662898695703,0.6556772538778168,0.9564964105885893,1.229259523641729,1.4713754167695523,1.6849491424417233,1.8764766192489495,2.055521443010587,2.232439937471966,2.4156795803062883,2.6095785530664495,2.8135193267883962,3.022655276532661,3.2297136593470746,3.4270875515939503,3.608584724207288,3.7705078085897195,3.9119813836530883,4.03458649613774,4.141461762059697,4.23611820359878,4.321281785353633,4.398080021448136,4.4657926385783515,4.522208180082318,4.56444030032777,4.58993823065454,4.597408248215903,4.587424387190297,4.562602094490008
3.4707729293551695e-7,0.5468188527058803,1.0889634989559553,1.6225132112829255,2.144953346782408,2.6556281230865797,3.155903598636189,3.648975717414811,4.139307029604985,4.631748379936565,5.130483251988412,5.637992904717966,6.1542498255685265,6.676295402494262,7.198265052902979,7.711828334269749,8.206945040888101,8.67281192746739,9.09887997302056,9.475842778146752,9.79651908512205,10.056569192861486,10.25499436185785,10.394371699135107,10.480778147082466,10.523361858040978,10.533535680538172,10.523805424078017,10.506311547503946,10.491251372832282,10.485433438494763,10.480746303965704,10.466694565804472,10.443307179597262,10.410632269080583,10.368736923006319,10.317706911202627,10.257646320276848,10.188677109527726,10.110938587750121,10.024586811723646,9.929793907274046,9.826747313879077,9.715648953854082,9.596714327189943,9.470171533119432,9.336260219446771,9.19523046057599,9.047341564999243,8.892860812734808,8.732062122807855,8.565224650309014,8.392631311798677,8.214567236788278,8.031318141641663,7.8431686203935955,7.650400344534833,7.453290160571271,7.252108069864158,7.047115069537082,6.838560825585676,6.466502498479669,6.172194011360748,5.87951548994509,5.5980272231000034,5.3324628560579965,5.086772829741943,4.8645111341913205,4.668794072353738,4.502144213012463,4.366294184159499,4.261998310667476,4.1889006752916735,4.145502538084369,4.129251475984665,4.136743591363214,4.164001562545994,4.206777289470514,4.2608317934958615,4.322160961224656,4.3871543209331625,4.452688469422027,4.516164791206726,4.57550381994299,4.629108220398766,4.675804841887335,4.714774731234683,4.745478802245523,4.7675860066770825,4.780910117247289,4.785360375840788,4.780109794360838,4.76385057035819,4.735142812746022,4.6918469312199145,4.631466046514318,4.5515430438629,4.450055457936993,4.325759740881942,4.178449949194667,4.009109774949521,3.8199481834403053,3.6143167127311986,3.396511284564736,3.1714648194243247,2.9443416503644104,2.7200541534051244,2.5027395891033732,2.2952614875721147,2.0988280001777033,1.9128316969437846,1.7349889832342649,1.5617849473960272,1.3891358172516666,1.2131146331682328,1.0305812717474931,0.8396094246019493,0.6396739731277451,0.4316179940816345,0.2174465658779487,1.3079988951678367e-7,-0.1399392832889862,-0.28688481756856393,-0.44644287480386335,-0.6219125185600952,-0.814029036553423,-1.0211940384676037,-1.239936405758681,-1.4654179447720042,-1.69189179401057,-1.9130797277585811,-2.122457222281722,-2.3134385224843417,-2.479449127367593,-2.613864015370281,-2.7097744911234356,-2.759515265587843,-2.753810074773683,-2.6802016798002657,-2.5198538470813343,-2.2396768445026507,-1.76539333147769,-0.7650525910619199,1.6249434130315532,2.5721723549648465,3.3740193690767826,4.119047907290618,4.833027988662153,5.5242997052672385,6.193802221570773,6.838560825585667
-2.3428040557645358e-7,-0.21806253726471803,-0.4319519560833683,-0.6374183139790123,-0.8300551835868214,-1.0052115354947126,-1.1578830081263622,-1.282557318296269,-1.3729615746946446,-1.421597940901735,-1.4187946977036663,-1.3505048724244932,-1.1920959984551198,-0.8827191868593206,0.34387969085927617,1.1300373545844837,1.6404226584845012,2.083765212123373,2.490019621136527,2.867820879199882,3.2193857810648434,3.544425603610822,3.8415935321362817,4.109134832897087,4.345215951975153,4.5481025019292645,4.716257454613004,4.8483938711512335,4.943500924155726,5.000854632051389,5.020020746297663,5.019413810495868,5.01759876106012,5.014592781114305,5.010424205672005,5.0051320633330745,4.998765429229473,4.991382585158026,4.983049983551175,4.973841013917815,4.963834573764466,4.953113450820712,4.94176252957833,4.929866842534313,4.917509494810424,4.904769499599313,4.891719570650806,4.878423926174728,4.864936165465757,4.851297284617625,4.8375339003033755,4.823656750275651,4.809659535661764,4.795518163169362,4.781190435083851,4.766616221771783,4.751718135866428,4.736402710152748,4.720562063259881,4.7040760195398414,4.686814632863759,4.664246898853999,4.637864300309549,4.608345771457164,4.576304735345742,4.5422816808219295,4.5067408318650095,4.470070970969003,4.432590209547518,4.394554240597968,4.356167384064633,4.3175955628100375,4.278980241748664,4.2404523336634155,4.202145124623466,4.164205393724362,4.1268020817372735,4.090132080121215,4.054422941408847,4.019932531093253,3.986945831761793,3.9557692614522084,3.92672297628074,3.9001316940111597,3.8763146052641697,3.855574938482969,3.83818971937134,3.824400220436747,3.8144035360747615,3.808345647572723,3.80631626449167,3.798369853028397,3.7743544506647733,3.73378700379262,3.6760067448938294,3.6003681392629283,3.506469050132242,3.394382208146782,3.2648597291042876,3.119487229791721,2.960780424427262,2.792248049666102,2.618436456421843,2.4448009961532353,2.2771789017622055,2.120956753597328,1.9801512381618882,1.8565517667371736,1.7491482649012362,1.6541076075029941,1.565401202139428,1.4759046510723512,1.3786067628182757,1.2676023398801197,1.138719346613002,0.9897939323588739,0.8206855770694773,0.6331375034783971,0.4305657473821598,0.217739755630937,1.654323145932385e-8,-0.23629239197286328,-0.464690121013784,-0.6773754067388297,-0.8666364574322383,-1.0247988507814771,-1.1439869913109233,-1.2155676179281687,-1.2289071685294541,-1.1683353510458598,-1.0038297251942445,-0.641995037695867,0.6627316926048311,1.247537907442043,1.7153842453885375,2.1437953893572175,2.551584041343042,2.9478231559271157,3.3307381592068763,3.7073511255076395,4.077499192220098,4.442405880267108,4.803289014264872,5.161389755877392,5.517919778526016,5.873936632825134,6.23016395417588,6.586780095644693,6.943204176737921,7.297939229203875,7.648375180272953
-1.545626152735965e-7,0.497464240823159,0.9951327772781274,1.4938477762564983,1.9955608156607803,2.5034958080295384,3.021914134166158,3.5554767047721216,4.108299530183968,4.68288826199409,5.279176675077451,5.89386596498722,6.520180526811522,7.1480592975965225,7.764725851231619,8.355541298450946,8.905037346017131,9.398038833221065,9.820802805637603,10.162116941997194,10.414310620182544,10.574135859206072,10.643471532373024,10.629790231241477,10.546299933719341,10.411631669535563,10.248899617619768,10.083945139495063,9.942658043101135,9.847524169851267,9.813976117016782,9.810973598548669,9.801975801633969,9.787011934301074,9.766130452256974,9.739398723991206,9.706902565147933,9.668745645386462,9.625048771862053,9.575949054363672,9.52159895804056,9.462165250536135,9.397827851218098,9.328778591049634,9.25521989248048,9.177363379543772,9.095428429119405,9.00964067505671,8.920230477529508,8.827431370611931,8.73147850159946,8.632607076039603,8.531050822761658,8.427040493385224,8.320802410820194,8.21255708112581,8.102517882750842,7.990889846615089,7.877868539703643,7.763639063848607,7.648375180272954,7.560598389879373,7.541396272049336,7.5712021893634125,7.62520155792853,7.691833722036334,7.767135202152755,7.850049612978703,7.940552330987271,8.038917343836589,8.145403257367231,8.260104855449695,8.382876971479039,8.513294020137767,8.65063054661325,8.79385731446419,8.941651106313444,9.0924174402145,9.24432521016287,9.395351634916214,9.54333529588353,9.686034676149138,9.821189529100113,9.946582560613164,10.060099217332743,10.1597837486455,10.243890085370852,10.31092641437496,10.359692609160671,10.389309902183554,10.399242364263918,10.414203750455448,10.456016862285574,10.515929412521437,10.580763848890717,10.63465041699504,10.660867512251894,10.643494100751134,10.56870866160083,10.42568657662718,10.207122466272107,9.909436946667912,9.532733423069768,9.080564295775785,8.55955649798813,7.9789377878487215,7.349998756364087,6.685520703651855,5.999195498813003,5.305059334849891,4.616957036020146,3.948046392513437,3.3103418871703822,2.7142829217452578,2.168292030187077,1.6782638576060926,1.2469028940470444,0.872835006646719,0.5495351452569279,0.26452236261076245,-1.545626152735965e-7,0.3934233126055752,0.8105966375217271,1.2722211163891974,1.7923241132151884,2.376799941409751,3.023682569630907,3.7240349893776465,4.463037781013654,5.221193585037851,5.975664969287655,6.701760759837245,7.374546448274156,7.970513725687589,8.469217278734005,8.854776769897727,9.11714597974783,9.253064275911271,9.266620915633135,9.169371607843573,8.97993998873053,8.723008143304158,8.427558066056013,8.124212900438001,7.841639758837169,7.602332818822187,7.418679642844201,7.290668408824324,7.206345027657108,7.145017141080136,7.082177211349296
1.654323145932385e-8,-0.21806253726465746,-0.43195195608332126,-0.6374183139789754,-0.8300551835867738,-1.0052115354946662,-1.1578830081263147,-1.2825573182962176,-1.372961574694588,-1.421597940901673,-1.418794697703599,-1.3505048724244129,-1.1920959984550246,-0.8827191868591729,0.3438796908596573,1.1300373545846012,1.6404226584845805,2.0837652121234336,2.4900196211365753,2.86782087919992,3.219385781064874,3.5444256036108466,3.8415935321363,4.109134832897104,4.345215951975165,4.548102501929272,4.716257454613008,4.848393871151238,4.943500924155735,5.000854632051385,5.020020746297664,5.027334529478786,5.049108250943118,5.084848139724227,5.133760505058524,5.194791969699913,5.266679296255968,5.348003933926275,5.437246766210883,5.532839462855536,5.633210021206862,5.736821246725761,5.842201886570978,5.947970814524922,6.0528550718535055,6.155702745875103,6.255491681828837,6.351334936675132,6.442483745420399,6.528328615882934,6.608399017474689,6.682361994363234,6.750019917325792,6.811307491760787,6.866288059789798,6.915149169693778,6.958197333876679,6.99585185569688,7.028637575424583,7.057176366949216,7.0821772113493004,7.076633413350458,7.006591344257416,6.892365766404128,6.759273508154329,6.619201929275116,6.476335467765346,6.331906038370388,6.1861123342261495,6.038876772522198,5.890162621830159,5.740107416863097,5.589070563323565,5.437637548391914,5.286601222979431,5.136930682683029,4.989733337927709,4.846213297857111,4.707628098510606,4.575245484637648,4.450302016915766,4.333965447256456,4.2273028852443515,4.131256629022663,4.04662907226572,3.9740773107221967,3.914117022767487,3.867134037164195,3.833400940522621,3.8130953489772668,3.806316264491677,3.7988281943260676,3.776109957993092,3.7374587463599864,3.681891120268978,3.6083935210728737,3.5162179812101075,3.405182753328903,3.275940224596116,3.1301779532913225,2.9707129810583512,2.8014149727664415,2.626902021671462,2.452118540006727,2.2819767487394103,2.120956753597313,1.972530312370803,1.8385170748088617,1.7185939362521647,1.610171470260815,1.508750136319048,1.4086871439944837,1.304145898891837,1.189967827242355,1.0622970044749867,0.9189129278038279,0.759311542284603,0.5846038396957938,0.3972948702803983,0.20098359984010847,-2.3428040557645358e-7,0.3330928797323718,0.6502255060920281,0.9362112713182918,1.179216454190882,1.372675351347054,1.5163803359913093,1.617047946531451,1.688064848815273,1.7478231631643535,1.816111008238048,1.9089676117894425,2.034170348945914,2.1900865291476097,2.3683901211664375,2.558448216578024,2.750961271267502,2.9379830335265127,3.1221359733487355,3.2984743835716714,3.469964247535818,3.637832611784614,3.8020282594030688,3.96079757672823,4.110965168678711,4.2487410697278385,4.370735097971594,4.474855246429876,4.5608559534886775,4.630424919144571,4.686814632863756
-5.266493889685104e-7,-0.16783130164855203,-0.3286060572054158,-0.47474071102951604,-0.5974518766369027,-0.6856569929149098,-0.7236650504581035,-0.6846761137256582,-0.5005422507343019,0.4352889688304184,0.9540484691627037,1.4026237398149177,1.8464282345610985,2.296297896205163,2.7531996172062922,3.2146538360118098,3.676618726549659,4.134277207056406,4.582460944970351,5.015924447665231,5.429542277162482,5.818456828425086,6.178187718615169,6.504708002054064,6.79449084516474,7.044530496139657,7.252342241063343,7.415946955548889,7.533846483077558,7.604996183035929,7.628780487533724,7.627617225466335,7.624116921363326,7.618248631845702,7.609962792684634,7.599194140015023,7.5858656228492105,7.569893140053155,7.551190901143085,7.529677185377628,7.50528025823923,7.477944198543645,7.447634392648256,7.414342463772712,7.378090423331851,7.338933856385199,7.296963983862338,7.252308479290999,7.2051309566571025,7.155629088225873,7.1040313561872015,7.05059248936372,6.995587685281653,6.939305767694886,6.88204147878165,6.824087151795624,6.76572405150337,6.707213703383218,6.6487895551374665,6.590649322480693,6.532948362766908,6.472326210372097,6.408016237379905,6.340828820023924,6.271352648587871,6.199943748785197,6.1267293365997,6.051626464471513,5.974374262066916,5.894577567984723,5.811759020852267,5.725416304605371,5.635081229242209,5.5403776170591,5.44107545428885,5.337139342166719,5.228769829824623,5.116436643064075,5.000903066676988,4.883240739119294,4.764833842996264,4.647371126396431,4.532823441246892,4.423403720886181,4.321505881834586,4.229619537344637,4.1502192649413585,4.085630957858672,4.0378834504533305,4.008560086085521,3.998670014878134,3.9966751497695374,3.9900059772746137,3.9767163681831885,3.9538987805795625,3.918117123684646,3.86589529790529,3.794188444636388,3.700782095952995,3.5845867772463706,3.445814815743105,3.2860389201054265,3.108138420429422,2.9161402038603264,2.7149590124801684,2.5100379702372146,2.306888624794708,2.1105372477524713,1.9249104306386495,1.752244290075428,1.5926644133959673,1.4441117733699382,1.3027254461737137,1.1636323473515964,1.021927183966156,0.8735671899136074,0.7159817880633033,0.5483315112298032,0.37145645892569945,0.18760072476938705,-3.521369793900807e-7,-0.17800264278354674,-0.34706018054356347,-0.49788610458493543,-0.6203492412330491,-0.702500308787347,-0.7282591695700359,-0.6703185580368041,-0.45299462737921115,0.4931152349189682,0.9645228319709379,1.3720325082647729,1.7655461815639233,2.154952082657431,2.5428004131832944,2.9297104466136674,3.315976727087671,3.7021398660833036,4.089143427935759,4.478272857003167,4.870964098356148,5.268540980142734,5.6719330962275905,6.081420990044169,6.496446374112598,6.9155111683397195,7.336172740326351,7.755127460361598,8.168363502781112,8.571358083083972,8.95929371053259
-3.521369793900807e-7,-0.16783130164817472,-0.3286060572052505,-0.47474071102935606,-0.5974518766368072,-0.6856569929147975,-0.723665050458041,-0.6846761137255968,-0.5005422507342097,0.4352889688305023,0.954048469162759,1.402623739814944,1.8464282345611154,2.2962978962051794,2.753199617206304,3.2146538360118284,3.676618726549674,4.134277207056423,4.58246094497036,5.015924447665241,5.429542277162492,5.818456828425093,6.178187718615178,6.504708002054071,6.794490845164747,7.044530496139664,7.25234224106335,7.415946955548895,7.533846483077565,7.6049961830359365,7.628780487533732,7.630991971377418,7.637583348752257,7.6484269244467065,7.6633148838515295,7.681966535609406,7.704037928364177,7.729133371178703,7.756818319778665,7.786633061282408,7.818106636206479,7.850770472847982,7.884171268283486,7.9178827242089715,7.951515827164134,7.984727445049951,8.017227090593213,8.04878177454318,8.079218935404361,8.108427488079489,8.136357081357179,8.163015694572191,8.188465737915411,8.21281884953743,8.236229606208791,8.258888382902818,8.281013609853428,8.302843682597508,8.324628779931382,8.346622834223869,8.369075871593656,8.358543706514963,8.274980009257726,8.139636625786189,7.980734613633582,7.812448508435815,7.640814380102215,7.468556920692108,7.296959835438245,7.12656680658065,6.957467802636544,6.7894343332272955,6.622001957391736,6.45454057667286,6.286330132141156,6.116648523093178,5.9448725171329215,5.7705886969925455,5.593709246895697,5.414586192775728,5.234117127037884,5.053834871322201,4.875972255880987,4.703490599465211,4.540056389518347,4.389945998924504,4.2578558549161585,4.148600542788735,4.066700338636683,4.0158955853971765,3.998670014878153,3.99952738559785,4.001033179775984,4.000165085644089,3.992430024163509,3.9725436660214144,3.9351662244978356,3.875576699504185,3.790210390917103,3.6770270376371372,3.535707081183672,3.3676895362538763,3.1760704759968053,2.965380853914417,2.7412598848277385,2.5100379702372266,2.278243283838301,2.0520511519246143,1.8367084213766687,1.635988614063779,1.4517655072780684,1.2838185154778503,1.1299733162543544,0.9866075907791216,0.8494267566828709,0.7143071045186624,0.5779877272809517,0.4384734070987663,0.295124798371005,0.14849483887921727,-1.6272504551889995e-7,0.24093803557703303,0.47691466442366764,0.7045718592289756,0.9234689297671032,1.1366372870172639,1.3498833756385578,1.569776580905476,1.8010233833240354,2.0444473013238653,2.2965294271628385,2.5506061815726024,2.7990917645162456,3.0358871212296505,3.258283507296938,3.4678799339841375,3.670226945258411,3.8731698183017795,4.084271577514044,4.308150490205619,4.544758292569772,4.789294350853189,5.033732913727479,5.269300873386481,5.489015971353086,5.6895382899356335,5.871881852289273,6.040842304119404,6.203308627633222,6.365942623843019,6.532948362766912
-1.6272504551889995e-7,0.586165414733649,1.172087873473301,1.7578094203081358,2.343861550885256,2.9313223777251753,3.521686744271583,4.11654704399838,4.7171244956676235,5.3237275791823855,5.935235940048729,6.548707671283272,7.159186006305058,7.759745766781765,8.341781426602317,8.895506804739002,9.410615904105113,9.877045143413378,10.285776070235613,10.62962065169478,10.903935024151545,11.107209792933569,11.24148431562733,11.31252875821715,11.329732770145254,11.305638173213515,11.255064424367477,11.19381337340792,11.13701650572064,11.09730198832077,11.083079177193294,11.080465538299665,11.072627922558164,11.059576238899838,11.041327022365516,11.017903463570326,10.989335448423592,10.955659606593844,10.91691936680384,10.873165016655538,10.824453764323364,10.770849799117862,10.712424347615501,10.649255721777191,10.581429355241562,10.509037823784404,10.43218084578821,10.350965258472245,10.26550496559945,10.175920852410796,10.082340663646027,9.984898840699067,9.88373631423372,9.779000248956645,9.670843737722635,9.559425442751932,9.44490918253037,9.327463464089258,9.207260962279038,9.084477951854703,8.959293710532593,8.872932868188851,8.858536513965701,8.896473580428903,8.959959006291113,9.036027590963108,9.119587699576039,9.208561922799255,9.301992793695694,9.399328671431554,9.500137350009606,9.603985947832609,9.710390538975492,9.818796102159082,9.928569337162537,10.038996556959326,10.149283695219518,10.258558045963179,10.365872610851252,10.470214281442232,10.570516808330602,10.66567887164498,10.754586821897457,10.836141013386664,10.909284231414016,10.973030558394393,11.026493099506785,11.06890922142713,11.099662263593936,11.118298989220085,11.124542306485269,11.122987132021262,11.117180357689715,11.10381722674223,11.077767427066428,11.032580256523078,10.96108628739456,10.856022224771609,10.710616406223776,10.519090342954515,10.277050761407606,9.981762693050436,9.632305611824355,9.229621542543782,8.776467442295635,8.277285147456542,7.738001743028769,7.16577201068446,6.56867305480207,5.955359552968436,5.3346865716419085,4.715305890921675,4.105241920457862,3.5114555733206165,2.93941028359752,2.392665072971735,1.8725353792011643,1.3778801970651453,0.9050856356748954,0.4483076110408687,-5.266493889685104e-7,0.5589264788961258,1.1293685750300704,1.721453576243,2.342522532946904,2.9958636949634063,3.679825103202988,4.3875070152422895,5.1071013725371985,5.822825722991797,6.516325264688397,7.168375994053706,7.760699136188609,8.277687743990926,8.707852654296417,9.044820042421767,9.287758570154955,9.441180645653674,9.514146874940488,9.518997631278634,9.46982486591658,9.380955292553043,9.265712945870789,9.135645611339232,9.000247249651032,8.867038699753595,8.741756451009596,8.628404434446107,8.529057097529982,8.443511918910087,8.369075871593662
-1.999319531216285e-7,0.4446040161267422,0.8882306382368841,1.3300036348430013,1.7692147105268092,2.205327834608042,2.6379050415566683,3.0664536361492982,3.490212134293085,3.907907548230415,4.317526246768776,4.716142192281719,5.099839589024294,5.463753858820844,5.802238862827501,6.109153047119176,6.378245339309192,6.603614269871519,6.780210648408454,6.904353988288391,6.97423407054183,6.990369625840487,6.955993808806969,6.877328183327865,6.763690394461534,6.627354230148731,6.483049508072169,6.346973581055053,6.235229527321702,6.161761841407585,6.136134310923968,6.132812912636799,6.122863000914603,6.106327360647178,6.083277084843658,6.053811251749815,6.018056472442893,5.976166308475307,5.928320558932961,5.874724416009547,5.815607487865685,5.751222687135609,5.681844982963146,5.607770013897483,5.52931255837158,5.446804858845303,5.360594795059554,5.271043901271771,5.178525221902388,5.0834209998165605,4.986120191622596,4.887015805044011,4.786502054800628,4.684971335723402,4.5828110152500825,4.480400052224543,4.378105455242909,4.276278601785128,4.17525144906313,4.075332678771752,3.9768038303996276,3.888977338321213,3.8213724588339493,3.7737205939391614,3.744649626219422,3.7317224247985905,3.7315411475991853,3.7399419952906685,3.752296386482726,3.763921382350579,3.7705649946523323,3.768873413658432,3.756709065149403,3.7332229124303584,3.6986864073519783,3.654183304965825,3.6012845395066284,3.541787909038944,3.47754775194421,3.4103826578470033,3.342036170023441,3.2741667372266003,3.2083494235042918,3.1460781692862643,3.0887622174075022,3.037713736806226,2.9941261769282757,2.959044875145822,2.93333308971821,2.9176378671007783,2.912360733109221,2.9016582117813288,2.86988026249957,2.8179892606085324,2.747502545114269,2.660368259976499,2.5588035184261044,2.4451076940503595,2.321467853250211,2.1897768228165564,2.0514857449540083,1.9075104797416478,1.7582033499556076,1.603387751172739,1.4424328656107106,1.2743166049260866,1.0975719947297649,0.9098687968142035,0.7064179589932112,0.4729403166565988,0.0792784427827109,-0.38828859549086475,-0.49819669825409485,-0.5389152888376265,-0.5345140283964972,-0.4956268902414261,-0.42921345357114743,-0.341032663016631,-0.23649990753221992,-0.1210041772145315,-1.5828891988586345e-7,0.13572938791739927,0.28361249581917086,0.4522346620743875,0.645031594134456,0.860746140510376,1.0948200892704385,1.34086109820831,1.5918547371115779,1.8410601914053082,2.0825999842759604,2.311764779936448,2.5250631037063,2.7200637155445633,2.8950991786239455,3.0489124877370215,3.180325884454199,3.287989544512523,3.3702330009598342,3.425005507489831,3.4498654845762387,3.441970897169855,3.3980300597756563,3.314184903111758,3.1857971286221503,3.0070624925482794,2.7702067387754004,2.4636433684606622,2.066494097806667,1.5280294425132521,0.579256409892177
-1.5828891988586345e-7,-0.28798920511156256,-0.574238737809992,-0.8569875366665914,-1.1344359859534894,-1.4047367301133533,-1.665996356259099,-1.9162896865361996,-2.1536871480655195,-2.3762944399441794,-2.5823026266221976,-2.7700459497809033,-2.9380641174453976,-3.085165607426524,-3.2104885835622037,-3.313556310134186,-3.3943243833747223,-3.453217584306039,-3.4911545874472116,-3.5095590208634166,-3.510355352124125,-3.495947682531199,-3.4691787452591285,-3.4332653399424737,-3.3917054629493424,-3.3481522285262235,-3.306251399400659,-3.269444125306995,-3.2407448766469886,-3.2225154401651053,-3.216265689615313,-3.2040600491624516,-3.167263340406645,-3.105313869274564,-3.0171950801479848,-2.9012910852756906,-2.755123209279251,-2.5748618322810777,-2.3543589356203056,-2.0829964488307806,-1.7399220595360052,-1.2723996662708166,-0.3538860565686263,1.200843612627076,1.7522454848799627,2.1787656233626893,2.5414603148437376,2.8623985071079328,3.1522947621587862,3.4171877025337687,3.6608120816570344,3.885635192345069,4.093374613400568,4.285282663970267,4.462314270571778,4.625231712627814,4.774672945184657,4.911197765807987,5.035319877213664,5.147529597027196,5.248310123770345,5.3361242364681445,5.4102137760513624,5.4726322520924375,5.525930753866643,5.573140697774233,5.6177431216919755,5.663581620940855,5.714678438805216,5.774928464499453,5.847691183890873,5.9353691692877515,6.039108071031273,6.158723401806398,6.292858808031787,6.43928456849396,6.5952195376199665,6.75759823098107,6.923258570189484,7.0890607829558245,7.251959586018208,7.409049707439944,7.557598366904292,7.695072329946452,7.819162994505384,7.927810539518057,8.01922694276018,8.091917175931536,8.144697773572547,8.17671204616365,8.187441356284406,8.175598388803381,8.140208816739172,8.081653168520782,8.000447743023452,7.897091149913194,7.771892874411805,7.624819392309795,7.455392796433529,7.2626698567247505,7.045316862633167,6.801779849496989,6.530534135933864,6.230384666173664,5.900781591688537,5.542114417488706,5.155952004875183,4.745202997702244,4.314179839314064,3.868557758401231,3.4152266571670733,2.962037818817339,2.5174479512412553,2.0900593541507577,1.688045953393874,1.3184408925121398,0.9862488300568554,0.6933605226077689,0.4373521682495793,0.21053298531490366,-1.999319531216285e-7,0.325916047673559,0.6659954292919793,1.031036830462498,1.4263195268641373,1.851073785450823,2.299208427482745,2.760677384345445,3.2230114010630118,3.6727641722610493,4.09677387535045,4.483214603415321,4.82244062975715,5.107634372353171,5.335266747517049,5.505368358054244,5.6215910644374985,5.691012933081877,5.723612062401361,5.731323336873623,5.726625713211606,5.7207168410460785,5.72151704114369,5.73193507152483,5.7488866548675785,5.763380170309548,5.761628722046177,5.726816721294191,5.6410149584906355,5.486804618274519,5.24831012377035
-1.2192490981803328e-7,-0.28798920511152215,-0.5742387378099812,-0.8569875366665967,-1.1344359859534907,-1.4047367301133469,-1.665996356259101,-1.9162896865362038,-2.153687148065523,-2.376294439944185,-2.5823026266222033,-2.77004594978091,-2.938064117445405,-3.085165607426532,-3.2104885835622117,-3.313556310134194,-3.39432438337473,-3.4532175843060475,-3.491154587447221,-3.509559020863427,-3.5103553521241384,-3.495947682531206,-3.469178745259135,-3.4332653399424813,-3.3917054629493495,-3.3481522285262324,-3.3062513994006673,-3.2694441253070012,-3.240744876646997,-3.2225154401651115,-3.216265689615321,-3.2148546044996476,-3.2105995215821714,-3.20343531411068,-3.1932546026880333,-3.179909429154029,-3.1632134549045494,-3.1429445442648376,-3.1188475605336317,-3.0906371721242767,-3.0580004370155973,-3.020598902216496,-2.978069916005396,-2.9300267965719295,-2.8760574196082125,-2.8157206610614414,-2.7485399300431466,-2.673992700793185,-2.5914944135231144,-2.5003741996403632,-2.3998382838142795,-2.2889139849471882,-2.166361596398009,-2.0305298444581985,-1.8791048609170917,-1.7086390719720406,-1.5135666236302832,-1.2837933934450123,-0.9970459689648654,-0.5760602151746802,0.5792564098921826,1.0006000637537946,1.2874561529676136,1.5166418315870038,1.7101948946015562,1.878006774636531,2.0254682885762487,2.155884274981645,2.271463063501254,2.3737913775026174,2.464087841123971,2.5433487243978083,2.612436097673536,2.6721328255071697,2.7231772501089857,2.766284761921098,2.8021605060015395,2.831505847191014,2.8550202794596435,2.8733999056541872,2.8873332745976668,2.897495158505698,2.9045387376451517,2.909086602713596,2.9117209695240143,2.9129735102971517,2.9133152276737815,2.9131468183741056,2.9127899808613904,2.9124801048666766,2.912360733109215,2.9018425133925003,2.8705933468189784,2.8195056621071237,2.7499882328806184,2.663853803003008,2.563173115667113,2.4501071640233034,2.32673300711282,2.194881213612458,2.0560037952239534,1.9110890369044866,1.7606327675461635,1.604663742767465,1.4428035787219595,1.274316604926076,1.0980591417986125,0.9121154987956781,0.7124430633261322,0.48717333636051996,0.15761837267532688,-0.3583095077209349,-0.4729948960110881,-0.5157061403141958,-0.5131470768563775,-0.47653265841286013,-0.41298254055873945,-0.3282545913147357,-0.22767700444651442,-0.11649831632935555,-1.2192490981803328e-7,-0.30499814218907184,-0.6043912870421286,-0.8926559878243298,-1.164427678399939,-1.4145699792254052,-1.638232838545069,-1.830896936743299,-1.9884017347899794,-2.1069531031791864,-2.183102351307584,-2.213679276886532,-2.1956422061069736,-2.125764110916055,-1.9999650336547887,-1.8117851814353352,-1.5483453804831013,-1.1761413146354633,-0.5328346423088904,0.926146009285184,1.4158041090147049,1.7692786576158803,2.055444988807833,2.301308456133188,2.524072708368795,2.737495952335354,2.953255016806995,3.180649824598881,3.425953569001753,3.6917522994075487,3.9768038303996276
-1.3279543579539756e-7,-0.26317679697336466,-0.5161279098875083,-0.7484451064790002,-0.9492668088489649,-1.1067809361935603,-1.207206237041832,-1.2324574818831766,-1.1537228890400013,-0.9060951704421362,0.27036511547349723,1.1824337161959628,1.7841240359164796,2.3317575080476396,2.854619195330956,3.3596410921912585,3.8474115501697375,4.316193225634228,4.763358141499068,5.186009661064293,5.581284187188491,5.946505078076634,6.279259763426509,6.577433392906404,6.839216648595646,7.063098137696854,7.247848141392461,7.39249846177224,7.496321834637476,7.558813478558229,7.579676649637482,7.57710198350465,7.569392750917726,7.5565931096588415,7.538776190199179,7.516043395882014,7.488523421282785,7.456370987409661,7.419765292824524,7.378908180773605,7.334022024141714,7.285347332594765,7.233140089745575,7.177668832632736,7.119211491272081,7.058052012503203,6.994476799726381,6.928771008249691,6.861214744597798,6.792079226935734,6.721622972305956,6.650088084153748,6.577696720052573,6.504647824035248,6.431114209899889,6.35724008077083,6.283139065656391,6.208892845541968,6.134550429699818,6.060128127654491,5.985610244149011,5.909520540618165,5.831023882884333,5.751008227222396,5.670313400045872,5.589729742677843,5.509997336000463,5.431805299873739,5.355790689788281,5.282536593696029,5.2125691640077045,5.146353496046662,5.084288470996873,5.026700898517035,4.973839496721063,4.9258694078395795,4.882868040803458,4.844823037595422,4.811633069435951,4.7831119862568645,4.7589965871684345,4.738957981054165,4.722616201693622,4.709557467188997,4.699353258392919,4.691580253620675,4.685840102443833,4.681778043632908,4.679099457286137,4.677583571311297,4.677093700744113,4.659595966968249,4.607719510414631,4.52326897742052,4.409102207926618,4.268912926748818,4.106942829439595,3.927642022737025,3.735305209449514,3.5337198972721033,3.325869831317472,3.1137380391885854,2.89824542278327,2.679340948370321,2.4562307070787304,2.2277023082123146,1.992475950156997,1.7494964079484236,1.4980595148873395,1.2375963101388436,0.9666339429576066,0.6788345436672133,0.3374916737681135,-0.33296027986719046,-0.4756758970398457,-0.5028728396542861,-0.4659782279497601,-0.3850831563475105,-0.27332297828128194,-0.14159207028416856,-4.1665128777391524e-8,0.4449535400945619,0.9311119637532189,1.488356278747447,2.129969020472664,2.8535321860264684,3.6446271681306985,4.48078670626254,5.334832782295226,6.177568616481047,6.979977668826455,7.715046791198556,8.359268043128429,8.893832678946888,9.30551289019625,9.58722445263151,9.738269393611304,9.764266669886533,9.676786147895792,9.492703002063317,9.233282980126935,8.922993483119683,8.588017464063656,8.254445944604234,7.9461751624277435,7.68267107789597,7.476974898422623,7.334492136996354,7.253043367088282,7.2242716990939515,7.235988929485457
-4.1665128777391524e-8,0.4835140174763946,0.9747860335903142,1.4808683113258163,2.007481522863789,2.5585282816964305,3.1357745949572378,3.7386989929356433,4.364490891804548,5.008173365334127,5.662827240424318,6.319898384240276,6.969574611924086,7.601221156408669,8.203863925074808,8.766708373419258,9.279679465325474,9.733965420978114,10.122545055854639,10.440675464430704,10.686313307491535,10.86043855378353,10.967243780667038,11.014145140784704,11.011564304934366,10.972428162564484,10.91134262196295,10.843429564853773,10.782881411358693,10.741383212947081,10.726650734940112,10.72334079476267,10.71342062933562,10.69691914941506,10.673884358090326,10.644383079787296,10.608500583384666,10.566340101934198,10.51802225216028,10.463684357576176,10.403479679691483,10.337576562392195,10.266157495147693,10.189418101232652,10.107566057644306,10.020819953840673,9.929408096820946,9.833567270411828,9.733541456909574,9.629580529453964,9.521938923675982,9.410874297261445,9.296646186109339,9.17951466573177,9.05973902644444,8.937576470730487,8.813280840927879,8.687101385092461,8.559281568526982,8.430057938045586,8.299659045564317,8.199097750815646,8.163702860752188,8.184481711270502,8.243342557671355,8.326038674384092,8.424174247144252,8.533188437647786,8.650646424728604,8.775275472414123,8.906445485806138,9.043867103169195,9.187391606087722,9.336860201765594,9.491981903030208,9.652234622798257,9.816790959442422,9.984472144164053,10.153732736693078,10.322676266776147,10.489099223352211,10.650558414263578,10.804455234444958,10.948129909764223,11.078959168783616,11.19445173263766,11.29233718558862,11.370644946739002,11.427771058566845,11.462531283614215,11.474199563399043,11.46722181151132,11.446233248018913,11.410991390441357,11.360856246228371,11.29450037125149,11.209617197011926,11.102712448275225,10.969051370261345,10.802805828931458,10.59740735450447,10.346074605798462,10.042455320450403,9.681308471976267,9.2591521674438,8.774813274337163,8.22983094066215,7.628683642230683,6.978825151315323,6.290527287040493,5.576535787364162,4.8515496633807835,4.131533093373774,3.432860562259513,2.7712779583760034,2.1606330553169686,1.611295635652423,1.1281914581741825,0.708537283296797,0.3398917251544552,9.115100646142577e-8,-0.2791652193734657,-0.5476752036062744,-0.7950028852552415,-1.0108215566314258,-1.1849475155637839,-1.3070283136355332,-1.3657103479502486,-1.3465797687750531,-1.226454781179346,-0.9514612409852987,-0.022174062880658603,1.100453696671723,1.6486025814063354,2.1215534425786764,2.5569375387551196,2.967786622572413,3.3607776934041267,3.7405410870680513,4.111019610447209,4.475895669838422,4.8386518333373525,5.202470688359595,5.570065596737056,5.94349042366795,6.32395710543693,6.7116803817691775,7.105763762410824,7.5041374001300625,7.9035556613432325,8.29965904556432
9.115100646142577e-8,-0.2631767969733004,-0.5161279098874932,-0.7484451064789913,-0.9492668088489514,-1.1067809361935748,-1.2072062370418193,-1.2324574818831695,-1.1537228890399904,-0.9060951704420868,0.2703651154735545,1.1824337161959695,1.784124035916444,2.3317575080476436,2.8546191953309332,3.3596410921912403,3.8474115501697352,4.316193225634212,4.763358141499059,5.186009661064287,5.581284187188484,5.946505078076617,6.279259763426499,6.5774333929063955,6.839216648595638,7.063098137696838,7.24784814139245,7.392498461772221,7.496321834637464,7.558813478558214,7.579676649637467,7.57932915093163,7.578281538618556,7.576518663818727,7.574015940751764,7.570740328676537,7.5666516837715605,7.561704458885043,7.555849723802678,7.549037474051767,7.541219192311736,7.532350623205491,7.522394719522475,7.511324715640892,7.499127281903265,7.485805711754911,7.4713830913633315,7.455905398982947,7.439444478319328,7.422100826424604,7.404006132132445,7.385325495718199,7.36625925447163,7.347044332475114,7.327955026553766,7.309303134789183,7.29143733008207,7.274741680169494,7.259633218616171,7.246558480115806,7.235988929485457,7.198355918781753,7.100410730336128,6.952737722763601,6.774959236541023,6.582831846299701,6.38627216038558,6.191388040087071,6.0021801047681125,5.821471680438002,5.651367348125823,5.4934704977225834,5.348982714033651,5.218747348251155,5.103269333949562,5.002727609085037,4.916987816054597,4.8456181438320245,4.787908966981431,4.7428965327200245,4.709391519415892,4.686013967619586,4.671236194052569,4.6634345758653035,4.660949709723413,4.662152852694816,4.665515212282231,4.669675880793742,4.673504082678252,4.676151813641509,4.677093700744118,4.659595966968253,4.6077195104146345,4.523268977420529,4.4091022079266216,4.26891292674882,4.106942829439598,3.9276420227370332,3.7353052094495163,3.533719897272106,3.3258698313174735,3.1137380391885934,2.8982454227832717,2.6793409483703194,2.456230707078726,2.22770230821231,1.9924759501570055,1.749496407948428,1.4980595148873184,1.2375963101388312,0.966633942957598,0.6788345436671896,0.33749167376808253,-0.33296027986721066,-0.4756758970398377,-0.5028728396543134,-0.4659782279497474,-0.38508315634754536,-0.27332297828131213,-0.14159207028423845,-1.3279543579539756e-7,-0.08127416979106432,-0.13029502649376834,-0.07401695418548622,0.2496697443031704,0.4686562592902066,0.6987789086386916,0.9336084296540178,1.1628349033494882,1.3767148335862283,1.5678479247369277,1.7324579248055734,1.8713924525404144,1.9907048739175712,2.1014772333663463,2.218424961726452,2.3570305737080823,2.5297288741340607,2.7426380537801003,2.9943982280731705,3.2774293677403215,3.580573319116198,3.8918315012895603,4.200478169384292,4.498394183506304,4.780708756048545,5.045864567950075,5.295193891793855,5.5320885652974345,5.760880985538925,5.985610244149007
-6.205460286256358e-7,0.622866003605644,1.2424923342252392,1.8561835480951219,2.4622476041883967,3.060291771796317,3.6512929523794733,4.2374079379998415,4.821529735962353,5.406645038464333,5.995094192470161,6.587863761823444,7.184041108374926,7.780528635291964,8.37206282887725,8.951527247624549,9.510504482351225,10.03998717173466,10.531161255978388,10.976179804192727,11.368856374149471,11.705218349677374,11.983871110812574,12.206133580399015,12.375916669028582,12.499331432568027,12.584036542488526,12.6383668041548,12.670324268429672,12.686553622911422,12.691450856544662,12.687545956096663,12.675841473844251,12.656367997238654,12.62917627319003,12.594336861796512,12.5519396555437,12.50209326794289,12.444924296692747,12.380576467552775,12.30920966620003,12.230998866400403,12.146132963852336,12.054813526047683,11.957253469431185,11.853675676014714,11.744311562404423,11.629399614911437,11.509183905026786,11.383912600032069,11.25383648387059,11.119207503604617,10.980277356814097,10.837296135135954,10.690511038786193,10.540165176337672,10.386496463236655,10.229736631525485,10.0701103619988,9.907834548561201,9.743117702888986,9.632148710962879,9.671607195395444,9.817513854476058,10.00372529138397,10.204631480360266,10.411987880725315,10.622959961503115,10.836510087891972,11.052192321165064,11.269683487490166,11.488579327380057,11.708303609929171,11.928073404549153,12.146895817015658,12.36358358654082,12.576782086815749,12.78500284563608,12.986660242762277,13.180109117850822,13.363681810528893,13.535723728032545,13.694626923090023,13.838861395015117,13.96700393524929,14.077764363344865,14.170008977605514,14.242781007404824,14.29531782432581,14.327064660523416,14.337684600921406,14.305187347537435,14.207841243816604,14.046110553624214,13.820856042332238,13.533452035358108,13.185925259747647,12.781094327206688,12.32268745586823,11.815417205938719,11.264994274304023,10.678067257040741,10.062081241226185,9.425054734062531,8.77528156156851,8.12097192551579,7.469854813651485,6.828772256215202,6.203303804434941,5.597465408458422,5.013527795020455,4.451992063472354,3.9117420087081127,3.390364280904442,2.8845943781209678,2.3908182030672775,1.9055453537656368,1.4257766264782987,0.9492121609662497,0.47428018755840373,-6.205460286256358e-7,0.6043007985486375,1.2092798531619908,1.8158426992732206,2.4252386244711888,3.0389833279490874,3.65855560181526,4.284899110680256,4.9178197089827895,5.555406429879887,6.193608299421878,6.826069255190668,7.444271266815731,8.037978386606744,8.595926486391567,9.106672146944383,9.559499713093173,9.945284103464289,10.257214172070004,10.491294300985814,10.646559547196572,10.72496293529266,10.730924251730091,10.670569556820613,10.550738951357202,10.377891609452004,10.157080110071691,9.891184244615252,9.580572930437365,9.223298245851511,8.815833221508354
-5.40569261924116e-7,0.14651868723093497,0.28701553751721676,0.4157007370828902,0.5272481857393889,0.6170295218297372,0.6813606506554297,0.7177870767679068,0.7254689783060637,0.7058025165387222,0.6635726382456244,0.6091842940810324,0.56231157011584,0.5535500474663371,0.6121065459559941,0.7433082832923332,0.9309447933344887,1.1558481486774137,1.4032297294474487,1.6621195590941218,1.923868505426189,2.1812344129035073,2.4279370491364896,2.658460531968885,2.867972979435988,3.05229804252019,3.2079070002332264,3.3319171001260797,3.4220903703824628,3.476831393009025,3.495184488061867,3.496928656238071,3.5021431645778787,3.510774454633336,3.522734675516286,3.5379037336081427,3.5561320282192868,3.577243752898196,3.6010406251080878,3.627305899833618,3.6558085247252867,3.6863073041638126,3.718554955132805,3.7523019568465985,3.787300116620765,3.8233057947495714,3.860082749864529,3.897404582556839,3.935056768555274,3.972838283416089,4.010562828715352,4.048059675515369,4.085174144858691,4.121767747695133,4.157718008404345,4.192917997310188,4.227275598588959,4.260712540961581,4.293163219662033,4.324573339444492,4.354898409821799,4.383426865205739,4.4092907843364175,4.432941453398901,4.454734824865147,4.47492866858992,4.493684959674682,4.511077224484389,4.527102253130556,4.541695329769671,4.554747953031078,4.566126927066743,4.575693696025995,4.583322858583249,4.58891891666961,4.592430465199125,4.593861201385988,4.59327731164588,4.590810973969116,4.586659890312576,4.5810829349791,4.574392169403501,4.566941628949879,4.559113430241134,4.551301874626586,4.543896330431923,4.537263758219129,4.53173179209805,4.527573296952218,4.524993276525471,4.524118903298324,4.51829109713779,4.500695686592356,4.471016098447064,4.428786515693139,4.3734750598238135,4.304582939987783,4.221745858027363,4.124824150986659,4.013970063879915,3.8896636675711678,3.7527127417349777,3.6042160020858196,3.4454930661321654,3.2779883116452697,3.1031590762057952,2.9223611751982252,2.7367460468567364,2.5471834487928096,2.3542210977082547,2.158087878676249,1.9587407661785892,1.7559485662407064,1.5493995691789115,1.3388166061310016,1.124062539584943,0.9052216768176464,0.6826470711692272,0.456969047377249,0.22906560591516476,-4.6896928286416465e-7,0.3194817441073921,0.6348913846605228,0.9425784106064989,1.2396869985306986,1.524432427356166,1.7962354878488096,2.055679022025147,2.304271256171603,2.5440340846108875,2.776976435120066,3.004550644393157,3.2272063789691225,3.4441402703880155,3.653292675634756,3.8515830204185515,4.035323780881921,4.200724500759333,4.344393111321166,4.4637553529304785,4.557335574861408,4.62486753068232,4.667229341776899,4.686221812174076,4.684232983337668,4.663851710866337,4.627504882477019,4.577191657368577,4.514370891785887,4.440026608833769,4.354898409821806
-4.6896928286416465e-7,0.14651868723089595,0.28701553751730396,0.41570073708284,0.5272481857394518,0.617029521829696,0.6813606506553824,0.7177870767678151,0.7254689783059903,0.7058025165386378,0.6635726382455273,0.6091842940809119,0.5623115701157049,0.5535500474661776,0.6121065459558317,0.7433082832922107,0.9309447933343945,1.1558481486773347,1.403229729447393,1.662119559094075,1.9238685054261473,2.1812344129034775,2.4279370491364665,2.6584605319688674,2.8679729794359714,3.0522980425201784,3.207907000233242,3.331917100126098,3.4220903703824694,3.4768313930090273,3.495184488061862,3.512287240132159,3.562971476317044,3.6454532643676747,3.757024968049997,3.8943702583432622,4.053881313196873,4.231923032952129,4.425020608336919,4.629972258339911,4.8439024317078365,5.064274088203589,5.288876311601875,5.515799194718228,5.743403774099828,5.970291572156862,6.195276109764073,6.4173573867931,6.635699545089995,6.849611520248007,7.0585303058911295,7.262006399223353,7.45969100902492,7.651324651768483,7.8367268183667536,8.015786452849353,8.188453039941285,8.35472814894558,8.514657325896154,8.668322264723201,8.815833221508367,8.89908406736016,8.822459649029126,8.632945144209216,8.399636361088445,8.150965594020034,7.8977961386139945,7.645311065231229,7.396569217179167,7.15366510848377,6.918165783920716,6.691296472349578,6.474027173845288,6.267116609406389,6.071137630880386,5.886495964055635,5.713448820586729,5.552126977974732,5.402561797644889,5.264716828534719,5.138522081225111,5.02390788829276,4.920834655270227,4.829314864980054,4.749424440625552,4.681301906089323,4.6251355133320375,4.58114036770169,4.549529255873508,4.530482044947397,4.524118903298319,4.518920501615703,4.503153916848886,4.476329564558987,4.437709750771782,4.386414313466253,4.321547306647943,4.242328267338159,4.148212179427756,4.0389848149937775,3.91482392437716,3.7763210262724782,3.6244627782179606,3.4605747773815723,3.286234019400688,3.103159076205787,2.9130892672077318,2.7176655203517446,2.5183259600739065,2.3162281644361817,2.112207230656307,1.9067742894039836,1.7001543891900492,1.4923566959713979,1.283264958649939,1.072733298341596,0.8606722017575109,0.6471120665115712,0.43223609968596194,0.21637983404159097,-5.40569261924116e-7,0.13826279174492095,0.2729144192088447,0.4006393487486337,0.5187592640884523,0.6256642035416766,0.7213653807968328,0.8081626756936852,0.8913176211872192,0.9794264889125801,1.0839725680412486,1.2176280343450743,1.391628140124901,1.6134819394768292,1.8861738185406705,2.208814090573873,2.5778747968410594,2.9883113215637627,3.434355388492249,3.9100332358270062,4.409508406452534,4.927313009927258,5.458493016725091,5.998671760214827,6.544029539066404,7.091200833564958,7.637099584887622,8.178693677975122,8.712759093121864,9.235649602969938,9.743117702889
-7.414746006754164e-7,0.6069638299767138,1.2086265517117876,1.8006034803046345,2.380221449109346,2.9470719840669632,3.503210478260437,4.052917813663706,4.602001209679761,5.15670416322912,5.722400841138597,6.302327462278584,6.896611277800604,7.501785321373994,8.11085440361182,8.713857379451433,9.298793289578798,9.852754532863193,10.363123850533652,10.818721315741712,11.210816040847098,11.5339373065946,11.786430421230644,11.970706601348054,12.093138275168164,12.163558066726008,12.194340087088765,12.19908562051361,12.19100728792016,12.181198711240269,12.177062113903347,12.172532367218556,12.1589551246681,12.13636630592773,12.104825534863057,12.06441577797992,12.015242841935518,11.95743473378691,11.891140888696965,11.816531270854998,11.733795354398445,11.643140992137239,11.544793180882813,11.438992733160415,11.325994866031861,11.206067718668391,11.079490811178172,10.946553458003043,10.80755314993923,10.662793919495243,10.512584704862913,10.357237728228192,10.197066904474203,10.032386296515782,9.863508633542722,9.690743908341348,9.51439806963277,9.334771825104559,9.152159570805782,8.966848463804588,8.779117661351961,8.649260955588273,8.6526005924148,8.74235517442534,8.870340536172451,9.016602808945926,9.174154496900119,9.34058951309611,9.51510242784074,9.69735581699121,9.886993935590501,10.08342057203974,10.285706891574007,10.492574174752502,10.702423312292524,10.913392911463808,11.123432423768985,11.330379739499916,11.532035421280314,11.72622836717713,11.910870076389429,12.083996666236038,12.243799253216787,12.38864424616566,12.51708556066925,12.62787084987555,12.71994367371117,12.792443208582332,12.844702726884675,12.876247718292603,12.8867942232546,12.869379130943331,12.815808730524314,12.722320756896094,12.583317774439225,12.392256527024413,12.142685900751088,11.829289355387928,11.44880810768011,11.000755629089404,10.487870444046319,9.916284937243127,9.29540947248889,8.637543365856853,7.957228734009577,7.2703628788297285,6.593084814443862,5.940461227182295,5.325031827303567,4.7553505461935766,4.234777571568718,3.760889034055711,3.3258647064725237,2.9179824687523803,2.5239342612677413,2.1313270817073113,1.7306959788549492,1.3166325636393943,0.8879893282926528,0.4473479517790342,-7.414746006754164e-7,0.5580439216401575,1.113462273696634,1.665926990623829,2.219006768801595,2.780473982859943,3.3610066726755434,3.971472091196354,4.619551165241684,5.306779218364013,6.026892805501312,6.765806978822983,7.502984604456872,8.213677089189753,8.871515808025437,9.451068428166838,9.930118974872103,10.291535735653637,10.524656689721239,10.626161339733091,10.600420377554864,10.459323826833776,10.221583808304064,9.911491008883623,9.557084687011802,9.187704384244848,8.830981354730204,8.50955338285832,8.238126242560513,8.021708064058476,7.856052664904047
-6.185383654693805e-7,0.3000199894337568,0.5951658949983767,0.8809497900410592,1.1536436846143792,1.410626100947863,1.650681419941006,1.8742238246848306,2.0834074249473056,2.2820752907924224,2.4755002665978183,2.6698905998777542,2.871681824890835,3.086706563445433,3.31939669440558,3.5721869914264786,3.8452356779025605,4.136479264564072,4.441948853622901,4.756232266484775,5.07297368572505,5.385337114882209,5.686397300297723,5.9694488816620295,6.228239525324378,6.457138918086965,6.651256685189889,6.80652130448286,6.919730377145655,6.988580768355694,7.011685292407349,7.01371060511599,7.01975079737672,7.029699818597199,7.043384823345294,7.060571854869033,7.080973466639269,7.104257977778093,7.130060011279491,7.157991939667027,7.187655859808983,7.218655733690066,7.250609360407975,7.283159881413375,7.315986561118879,7.348814624260011,7.381423966639939,7.413656585158379,7.445422595529744,7.476704722137658,7.507561155292827,7.538126678766299,7.5686119774660225,7.599301044527307,7.6305466221163805,7.662763634053927,7.696420603699645,7.732029099286166,7.770131311486491,7.811285942456246,7.856052664904054,7.8447651263552105,7.7056561874477385,7.48999020214675,7.250374042699104,7.010947462914412,6.782456138368623,6.570444375684168,6.378058015342498,6.207030650922003,6.058070841287673,5.931044538483742,5.825092784571782,5.738738419010704,5.6700029870888535,5.616543457603173,5.575813426450135,5.545241186086606,5.52239625212858,5.505112616287951,5.491563172409726,5.480301785084638,5.470284622560267,5.460869230141149,5.451786301612875,5.44308333640051,5.435044633402657,5.428095779621967,5.422702987058483,5.419278615261505,5.4181039481042506,5.41410592617967,5.401455474918359,5.378290475341176,5.341843532306355,5.288880279965589,5.216201001531838,5.121130153060255,5.001930747228996,4.8580978129819785,4.690497576279269,4.501310571573846,4.293738662021893,4.072418497279337,3.8447951549777892,3.61830875656307,3.398606793328769,3.189176592879207,2.990876055647605,2.8017447497835435,2.617310578740474,2.431378232626873,2.237112745485861,2.028154037052327,1.7995352367884974,1.548282925694883,1.2736832874252078,0.9772629754870104,0.6625540023478055,0.33470647046498636,-6.185383654693805e-7,0.3068388530974387,0.6060048141941009,0.8899792551497685,1.1515599697174435,1.3840199282077508,1.5812323970112965,1.7378228355041532,1.8497002410660113,1.9151875898184167,1.936039548390362,1.9180237798447037,1.8719193608614628,1.8152207658047907,1.7735748588409002,1.7794429789571926,1.8646771102544606,2.0485965550913585,2.3316507379876343,2.7004667776047486,3.137064360404785,3.6246737183747455,4.1496063715824185,4.701196447489442,5.272685711315124,5.854114931630801,6.443510527272799,7.035398101069344,7.625276095326188,8.208373052597395,8.779117661351965
-4.178401798890073e-7,0.30001998943432806,0.5951658949987164,0.880949790041202,1.153643684614499,1.4106261009479917,1.6506814199410966,1.874223824684915,2.083407424947381,2.282075290792484,2.475500266597885,2.6698905998778093,2.8716818248908766,3.0867065634454844,3.3193966944056217,3.572186991426519,3.845235677902598,4.136479264564109,4.441948853622937,4.756232266484805,5.072973685725076,5.385337114882233,5.686397300297749,5.969448881662049,6.228239525324397,6.457138918086988,6.651256685189906,6.806521304482876,6.9197303771456715,6.988580768355713,7.011685292407368,7.0100333992843264,7.005092092604099,6.996904173421402,6.985539926550239,6.971095567681997,6.953691114517286,6.933467727253305,6.9105845768364365,6.885215312311922,6.857544211105654,6.827762107772075,6.796062207135068,6.762635896245234,6.727668675524601,6.691336332203896,6.653801478063294,6.6152105680616335,6.575691506361809,6.535351931449838,6.494278252704197,6.452535487399045,6.410167920507434,6.367200580837195,6.323641497188443,6.279484668657274,6.234713655209644,6.189305669392239,6.143236028537204,6.096482809817515,6.04903153851173,6.002087609897362,5.95385854992008,5.905281567542818,5.857157868767495,5.81015063111944,5.764790450402624,5.72148704980733,5.680545560998267,5.642185438012586,5.606560132647988,5.5737760846662185,5.543910237324157,5.517025592659325,5.493182932363595,5.472442760178757,5.454848639260574,5.440391902984085,5.428977790632139,5.420417377196192,5.414445308265049,5.410743316680557,5.408956157569868,5.408701324965835,5.409578912646273,5.411185309116033,5.413130883761397,5.415059947347328,5.416670749214209,5.41773339646572,5.418103948104259,5.415243934216844,5.405792634514151,5.387285670638734,5.35608222852986,5.30796563150004,5.23881955727758,5.145275922303634,5.025254260335388,4.878343059695324,4.706004051802917,4.511619160513452,4.300416039505793,4.078337322524246,3.849623054475801,3.618308756563095,3.388541180737356,3.1635178892164655,2.944856317362454,2.7323148152968315,2.5238535542466365,2.3160291421648713,2.104638160266316,1.8854558254359157,1.6549093734003848,1.4105814519968178,1.1515079238519879,0.8782754017270618,0.5929389106801712,0.2987883873938582,-4.178401798890073e-7,0.3926426350345007,0.7692715390052859,1.1160989538775818,1.423645195887087,1.6884911644992724,1.9144161142504619,2.1124033011632446,2.2986745376757725,2.4904172972355294,2.700769806778016,2.9353192975986273,3.1911717260675365,3.4586081149805756,3.724364267074449,3.975139647252658,4.200384830507092,4.394032244804274,4.555168522344693,4.687744361916253,4.799449223687295,4.899950186105795,4.998830280231941,5.103719994281766,5.217586209942172,5.34491628865896,5.4805900281633875,5.62205675015819,5.765680664169838,5.908576242338736,6.04903153851172
-2.517291726872229e-7,-0.13533483925166398,-0.2595322741219397,-0.3600266753822638,-0.4202763513204153,-0.4123548724356375,-0.2512244017804942,0.4440954663629317,0.8172972738164359,1.1862679383386185,1.5719344091153618,1.9773040450009787,2.4010685344096947,2.8401887630181983,3.29071606411011,3.7481486072117303,4.207632248708391,4.664101289240252,5.112393063362914,5.547349073714151,5.96390716541472,6.357185882878733,6.722560845881843,7.05573261848719,7.3527856315100975,7.610238008034092,7.82508248987328,7.99481898194,8.117479464672687,8.19164613953721,8.216463657267926,8.217439722433424,8.220347738608522,8.225127667320244,8.231681097090934,8.239873679870001,8.249538459101945,8.260480011256924,8.272479306597742,8.285299182784563,8.298690316687866,8.312397575243686,8.326166624821488,8.339750679673028,8.352917272764838,8.365454935818493,8.377179678891105,8.38794116264239,8.397628458039783,8.406175288344974,8.413564646731981,8.419832679994808,8.425071724960572,8.429432380156625,8.433124491980346,8.436416933341315,8.439636054971626,8.443162696996335,8.44742766269111,8.452905579357592,8.460107104405827,8.444250414487172,8.375814294436942,8.254296372350943,8.087899874546434,7.889332795822902,7.671007735881787,7.443010818580607,7.213100248549705,6.987299680923585,6.77043285938633,6.566460728454594,6.378647692985988,6.20961283664028,6.061324007203284,5.935141268972556,5.833361937396141,5.746116961574761,5.685431557663874,5.643105730714622,5.6172907153212845,5.605347590969689,5.604386195796064,5.611477319621172,5.62380975229403,5.638809599336543,5.654224646524832,5.668178098868908,5.679198246087693,5.686231533395027,5.688646110771567,5.675857806705854,5.637329201064912,5.572614012605783,5.481111256192242,5.362257949249573,5.215760051370017,5.0418312396544,4.841409696327338,4.616326926925435,4.369408134108348,4.104489217122583,3.826339711361755,3.5404831531901273,3.2529070924529537,2.969659230923795,2.6963477827937257,2.4376134723035783,2.196671332343493,1.9749694088233565,1.7719843161383357,1.585247986653207,1.410707978148769,1.2434008317666796,1.0782773455390435,0.9109561447178947,0.7382062027998616,0.5579966785653975,0.3694336528158988,0.1792218566154502,-2.517291726872229e-7,0.3011940904876594,0.5943263427177506,0.852455138610651,1.0659244111336303,1.2309538174569203,1.3520135213833173,1.443366634722895,1.5284825332736043,1.6354798560268446,1.7880552269253123,1.9963634159950838,2.2547612936276167,2.547153939736863,2.854475216130235,3.160269112757525,3.457076984090867,3.7192560497613703,3.974609941990792,4.215152675789532,4.449715397987533,4.686513211099499,4.931500631115706,5.186849759704294,5.45059006235144,5.717469594861026,5.980629757815108,6.233489645081032,6.471299860134756,6.692021752962087,6.896394893316803
3.1326142716474005e-7,-0.1353348392514857,-0.25953227412202123,-0.36002667538229294,-0.4202763513205229,-0.41235487243568253,-0.251224401780626,0.44409546636280633,0.8172972738164062,1.1862679383385986,1.571934409115351,1.9773040450009651,2.401068534409687,2.840188763018191,3.290716064110105,3.7481486072117223,4.207632248708385,4.664101289240242,5.11239306336292,5.547349073714145,5.963907165414715,6.35718588287873,6.72256084588184,7.055732618487187,7.352785631510093,7.610238008034089,7.8250824898732745,7.994818981940007,8.117479464672689,8.191646139537216,8.216463657267932,8.214206603107954,8.207454540207499,8.19626437551493,8.180729654734185,8.160978637228489,8.137171648556947,8.109497758804476,8.078170849177049,8.043425143811563,8.005510298160457,7.964686149290235,7.921217246466072,7.875367291838564,7.827393630149368,7.777541932317194,7.726041219736117,7.673099373375906,7.618899263736549,7.563595624042926,7.5073127697528586,7.4501432428525565,7.392147430279861,7.3333541732865735,7.273762350092431,7.213343379505188,7.152044560113545,7.089793130009287,7.026500907392745,6.962069354145347,6.896394893316794,6.8237785023263715,6.746443695539932,6.6657698171445094,6.583120440072662,6.499817935972317,6.417118362262473,6.336187489502519,6.258078822103287,6.1837144444179515,6.113869418546811,6.049160206393335,5.990036996566259,5.9367780773104695,5.889476820171759,5.847954917057625,5.810182927081042,5.785384350056678,5.760026754055127,5.740048987327812,5.724441145135342,5.712574427643366,5.7038616897646675,5.697735462135056,5.693656501946829,5.691126852648899,5.689702608587321,5.68900512772156,5.688730304364581,5.688655785572546,5.688646110771574,5.675395977083837,5.635542026368686,5.568810418918387,5.474862182743397,5.353451907255426,5.204618287398862,5.028881500448987,4.827422561730744,4.60222272033391,4.356145537733155,4.092949473321481,3.8172237952557726,3.5342450501989084,3.2497547770198607,2.969659230923778,2.699640935307094,2.444650206251711,2.208270754998795,1.9920915858134478,1.7953308683878257,1.6148949021838925,1.4459092247552274,1.282608405574267,1.1193480782781418,0.9514772612800004,0.7758915334530555,0.5911955728654562,0.39752151094008265,0.19831151838777628,3.1326142716474005e-7,-0.17473459591716112,-0.34203567242711364,-0.49420119131705137,-0.6228415419583031,-0.7181238524644928,-0.7672158419060331,-0.7503122954205672,-0.6262251760460882,-0.1692335811864156,0.7579216671282903,1.2091937243375022,1.6361905383947917,2.0637527430075404,2.498785568744699,2.94311207654875,3.392930724803573,3.8680523765718924,4.3404862304813,4.822658390393536,5.31285224405571,5.810144729416919,6.313612547219791,6.822156562280802,7.334373225727477,7.848431744610304,8.361913924444288,8.872958511424958,9.375728250863498,9.867752486603463,10.343890684875843
4.572788886114959e-7,0.39505998922400576,0.7920788823963649,1.1940340116320942,1.605663511252881,2.0336933352630133,2.486405941796786,2.972576354333116,3.500003126578402,4.074003151895963,4.696237389127935,5.364094257723886,6.070669516047391,6.805242383823201,7.554093461349054,8.301519161768901,9.030931459249643,9.725964232865456,10.371528671107018,10.954770498317256,11.465884803551024,11.89874340682318,12.251287494685307,12.52563688253361,12.727869575411038,12.867435711398754,12.956194531276202,13.007107697188331,13.032688519875213,13.043384871630078,13.04613895516554,13.042652223259893,13.032199480535152,13.014803049567673,12.9905000135288,12.959342035244024,12.921395105358165,12.876739221084058,12.825467997425282,12.767688213172065,12.703519294370464,12.633092738358313,12.556551481845462,12.47404921688953,12.385749658979863,12.291825771789446,12.19245895348387,12.087838189786254,11.978159179279835,11.863623436683552,11.744437380053636,11.620811408038604,11.492958973443164,11.361095659431918,11.225438264725057,11.086203904108158,10.943609130507218,10.797869084787783,10.64919667937334,10.497801821825462,10.343890684875845,10.204193719819056,10.110984241138722,10.067726860516625,10.069335885104879,10.106344484710966,10.169658875538737,10.252528546839685,10.35047175566885,10.460591250679656,10.580934511852412,10.710039280317813,10.84664209786476,10.989503007173827,11.13730859886408,11.288627242031156,11.441898747417012,11.595446173791311,11.747501101942781,11.896236266332867,12.039801380144741,12.176359498923183,12.304122401731005,12.421384246307035,12.526553201351929,12.61818092518521,12.694989721629328,12.755897051680465,12.800036902695044,12.826777388742757,12.83573392358826,12.832961629325819,12.822585440100859,12.798701234723413,12.75232657600061,12.672514311478299,12.547623855072276,12.366568273696952,12.119898406973014,11.800640986617701,11.40485809182416,10.931931839201196,10.384600403110346,9.768782674304097,9.093233189271535,8.369069602348615,7.609213860086723,6.827786256430714,6.039488896649051,5.259011585549383,4.500488361438006,3.7770261983919453,3.1003178382586896,2.4803366564116796,1.9250900273314393,1.440374596100865,1.0294319933392317,0.6923724307803705,0.42471908706799705,0.2061973151028712,4.572788886114959e-7,0.31541815903108833,0.6586208759103345,1.0702929225989462,1.5664758023914345,2.1527702688509933,2.82597727758038,3.5756618893088277,4.385442323315106,5.234096369745581,6.096719579203936,6.946065023471939,7.754084788984074,8.493617515896164,9.140122150619522,9.673338058585301,10.078749036315429,10.348737869620635,10.483333514191829,10.490469269943192,10.385682470138224,10.191191871540257,9.934293597370852,9.645041612687395,9.353267226561554,9.085194491990583,8.860256563171816,8.687604152057933,8.570077430355685,8.498363793517315,8.460107104405829
-1.581748357509943e-7,0.43786215398386,0.8733441381034325,1.3047174541930642,1.7314542243295443,2.154574748470974,2.5767092044489037,3.001822553679374,3.4346101766684356,3.8796484085915965,4.340455602567638,4.818653933130798,5.313399835140952,5.82117961692922,6.335978303317621,6.849758641790938,7.353150920197767,7.836249935448621,8.28942958262575,8.704104816041543,9.073387347158546,9.392592964328825,9.659565666242653,9.874789279329297,10.041263889127599,10.16413558358358,10.250086919453988,10.30652420287436,10.340634864211284,10.358427096251836,10.363891659948091,10.36059095530704,10.350697999258632,10.334240182176858,10.311262878048721,10.281829032543452,10.246018592341562,10.203927781721742,10.155668234065612,10.10136598756028,10.041160355944298,9.975202686637088,9.903655019999723,9.826688664775247,9.744482705928094,9.657222462120474,9.565097910903097,9.468302100331055,9.367029566115413,9.261474773560519,9.151830603389309,9.038286900101312,8.921029100721862,8.800236960671022,8.676083392000262,8.548733427414469,8.41834332132436,8.28505979667867,8.14901944353299,8.010348272260465,7.869161421039208,7.746149129780153,7.667850518473173,7.636480645992345,7.645719109481236,7.685550530799053,7.746981151493311,7.82372065083378,7.911945598421455,8.009565689535826,8.115563531897237,8.22950916967004,8.351218870108442,8.480515597473977,8.617061612352293,8.760245957407545,8.909117072851009,9.062354316200027,9.21827326009632,9.374859539118047,9.529825550061434,9.6806839745682,9.824832110039525,9.959641392353479,10.082547185171448,10.191134763042156,10.28321830033917,10.356910497644478,10.41068117349642,10.443403700422605,10.454388574641758,10.442308755788293,10.405572409547302,10.342730782829802,10.251505286062738,10.128979067493704,9.971842354228581,9.776672770856388,9.540231092049677,9.259753987804187,8.93322764892655,8.55962909422847,8.139124959932596,7.6732203579586145,7.164852848638723,6.618428714590862,6.039800610944144,5.436187364569811,4.816038213441442,4.188845030134034,3.564906780092939,2.955049879202405,2.3703041256754585,1.8215196306416526,1.318858848670879,0.8708738216596378,0.4814318571848231,0.11263046828058,-0.18273934652018148,-0.1198963948023595,-1.326443265897558e-7,0.19876912358428472,0.4521218154608655,0.791469996499348,1.2252315812724826,1.7480047127389196,2.3467519953388547,3.0038330846339636,3.6986265970169807,4.408660729189319,5.11061198555668,5.781296795322463,6.398685886444703,6.942928515348841,7.3973511851076115,7.749382383328585,7.991347316780499,8.121072872122589,8.142241478262719,8.064430997592885,7.902773766012196,7.677160720430958,7.410912366562688,7.128858841043392,6.854859826851329,6.608999514115714,6.404997729250638,6.248619072361608,6.1377531567223444,6.064259017366258,6.016922037992591
-1.326443265897558e-7,-0.32570391842365387,-0.6460326305546011,-0.9555925363027827,-1.248951232838519,-1.5206120251360942,-1.7649779310902671,-1.976295408155219,-2.148560140905058,-2.2753522243043784,-2.3495372190204327,-2.3626995431157347,-2.3039953195746796,-2.157572979784053,-1.8956703987443428,-1.4530550912020779,-0.4628784488699088,1.4399055030093142,2.1699106646056245,2.762464762154808,3.2811907803526603,3.745133976405412,4.161053087065728,4.531005815605973,4.8549981899583985,5.132130709491868,5.361167107482701,5.5408439267571055,5.670049326611399,5.747929282384662,5.773949739432051,5.774484772135848,5.776084433530847,5.778732407927943,5.782401492079636,5.787053607111599,5.7926398684763765,5.79910076284212,5.806366488916848,5.814357523391362,5.822985473119274,5.832154270247248,5.8417617584167925,5.851701705756643,5.861866264727323,5.872148880646971,5.882447630666495,5.892668953821818,5.902731711274687,5.912571494580347,5.9221450793080095,5.931434902012175,5.94045342077007,5.949247203613184,5.957900575602148,5.966538644581934,5.975329518593934,5.984485525596604,5.9942632499713895,6.004962211995756,6.016922037992613,6.003204822767194,5.93192068860692,5.8029686721694205,5.625242414771181,5.411870937669179,5.175578091283873,4.927066210770231,4.675298637202951,4.428243899309044,4.193482471741183,3.978529316302885,3.7908404212067794,3.6374843727167154,3.5244933778658987,3.456008668839641,3.43347568625126,3.4552150888010362,3.516583908378682,3.6106783522959733,3.7293034203520734,3.8638968241451943,4.006217403687874,4.148760237858351,4.284952948779942,4.409212445071054,4.51692862240551,4.6044188136387225,4.668877420359186,4.708332430216264,4.721613436904099,4.7053202736541975,4.656769731998441,4.57693527448334,4.467395474220677,4.330270784217013,4.168140042154677,3.983941489782622,3.7808640837146856,3.5622355756225565,3.331414160876823,3.091690351416594,2.84620504879882,2.5978885366347613,2.349423294224308,2.103231250575978,1.8614835326226102,1.6261281592979244,1.3989287279338842,1.1815049878497146,0.9753638096398448,0.7819043707018926,0.602366933608565,0.4376393492848197,0.2875640681090528,0.14712184807038486,-0.07532856425187955,-0.10967655929523339,-0.09069207400528044,-0.04995689868438749,2.1094876647521946e-7,-0.3452436067221263,-0.6835488609495838,-1.008269636303214,-1.3133100774572704,-1.5933162116836979,-1.8437727924041187,-2.0609829315915498,-2.24191553064047,-2.383913103994037,-2.4842567484262825,-2.5395779240844023,-2.5450712257508465,-2.4933563363207383,-2.3725350627192885,-2.1620109278729043,-1.820470860417674,-1.22980177891864,0.8723373898474065,1.878120007355141,2.607045056366458,3.250614807845296,3.8499223530871434,4.420090509913383,4.967720972118511,5.4959097397882,6.006119901369629,6.49892956262748,6.974281660055627,7.431493094668872,7.869161421039229
2.1094876647521946e-7,-0.3257039184235452,-0.6460326305545213,-0.9555925363027172,-1.2489512328384764,-1.5206120251360757,-1.7649779310902431,-1.976295408155204,-2.1485601409050408,-2.2753522243043607,-2.349537219020416,-2.3626995431157236,-2.303995319574662,-2.157572979784032,-1.895670398744308,-1.4530550912020348,-0.4628784488697831,1.4399055030093455,2.169910664605642,2.7624647621548233,3.281190780352676,3.7451339764054232,4.161053087065737,4.53100581560598,4.854998189958406,5.132130709491878,5.3611671074827125,5.540843926757121,5.670049326611402,5.74792928238467,5.7739497394320605,5.771045955230473,5.762362900929879,5.7479850434895585,5.728051737447461,5.702755099299458,5.672337052395472,5.637085565029041,5.597330113573998,5.553436413641992,5.5058004756042065,5.454842056617958,5.400997599513175,5.3447127692557865,5.286434719611381,5.22660424508627,5.165647994802603,5.103970943836592,5.041949331557235,4.97992428332984,4.918196329361873,4.857021020631999,4.796605815650953,4.737108373184633,4.678636336197713,4.621248633614405,4.5649582626503875,4.509736449856635,4.455518028339447,4.402207816317348,4.349687741857305,4.297356366071707,4.245586226577513,4.195663615893216,4.148811327712699,4.106181083896894,4.068843042143677,4.037771305771673,4.0138249150063325,3.9977246018399524,3.9900265398973507,3.9910952533738495,4.001078562318353,4.019887743993872,4.047185864333009,4.082386485743455,4.124663828623612,4.172974191452106,4.226087277943577,4.282625242714197,4.341106845595778,4.399994082867935,4.457738943673946,4.512828390644898,4.56382616307294,4.609410460528421,4.648406936587268,4.6798167022456525,4.702839214786694,4.716890029198934,4.7216134369040885,4.70532027365419,4.656769731998434,4.5769352744833345,4.46739547422067,4.330270784216999,4.168140042154669,3.983941489782612,3.780864083714674,3.5622355756225406,3.331414160876808,3.091690351416577,2.846205048798807,2.597888536634749,2.3494232942242914,2.1032312505759614,1.8614835326225887,1.6261281592979009,1.3989287279338596,1.1815049878496837,0.9753638096398134,0.7819043707018529,0.602366933608506,0.4376393492847639,0.2875640681089613,0.1471218480701996,-0.07532856425223232,-0.10967655929549511,-0.0906920740056176,-0.04995689868496749,-1.581748357509943e-7,0.23588986351497876,0.46473040306020347,0.6804184808997797,0.8786497082859074,1.057569719527156,1.2180936399732858,1.3637498908384382,1.4999411780100254,1.6326535818003902,1.7668869703215084,1.9053055347205832,2.047613294228561,2.190873435105122,2.3305995082732895,2.4622103903339565,2.582431907942974,2.6903359332538654,2.7878148886060563,2.8793693690040816,2.971185590036623,3.0696532942120043,3.1797119992076617,3.3035857158872535,3.4403974384309364,3.586810164089072,3.7384170835390296,3.8913509511736746,4.043579355124235,4.195504583247879,4.349687741857296
3.1550334936821884e-7,0.14512685976271633,0.28571084316297174,0.41781686652804023,0.5387577912673727,0.6477853994605481,0.7468049065669276,0.8409746716816163,0.9388617382541168,1.0516674066218932,1.1912523875911425,1.3674940511214513,1.5862488100696281,1.8488254490399172,2.1527278756841506,2.4928281695304038,2.862378537791327,3.253707208304944,3.658664134274462,4.068917153244104,4.4761690639700475,4.872333183258581,5.249684082713794,5.600989606971738,5.919625776514925,6.19967477688582,6.436006217443081,6.624342310241931,6.76130812334381,6.844468388658875,6.872352407368015,6.870816162292826,6.8662353017291835,6.8586925960600835,6.848323170454402,6.835310336641219,6.819879898751621,6.802293077449537,6.782838240847436,6.761821675561432,6.739557675078468,6.716358262955297,6.692522902114249,6.668328565054441,6.6440205494950515,6.6198044165597,6.595839401805588,6.572233602371659,6.54904117727066,6.526261715352906,6.503841831502914,6.4816789523212694,6.4596271546706925,6.4375048306360245,6.415103876300223,6.3922000433150465,6.368564053620904,6.343973058917497,6.318222025914047,6.291134643008774,6.262573370175304,6.23180867873259,6.197185027097178,6.159906431416014,6.121171323848717,6.0821628892591635,6.04403747018103,6.0079101967206014,5.974837241534803,5.945794496067934,5.921652990383067,5.903151981287403,5.8908712217031844,5.885204362623761,5.886335493761289,5.894219833310348,5.908563900911731,5.9287518041474305,5.9515319491423515,5.985803078441353,6.018900415825354,6.054354809852764,6.090719857034788,6.126663876913444,6.160896593782971,6.192199221418174,6.21946350616775,6.241728609626977,6.258212911728482,6.268339506820515,6.271754750812798,6.263633500383822,6.2387649429829235,6.195721721217866,6.132400210206688,6.046385209718657,5.93537630228435,5.797615324830308,5.632260772793843,5.439667240468185,5.221541790515733,4.980961390991152,4.722245093837273,4.450682070757913,4.172124104451156,3.8924619832058025,3.617023139554207,3.3499545594824016,3.0936861894752403,2.8485916416910415,2.6129532567613616,2.383282102267532,2.1549502597533965,1.9230022896431813,1.6829699026863942,1.431535059633025,1.1669508469378709,0.8891999370736345,0.599922718370411,0.3021726577967414,5.776622447940674e-7,0.06755765630753331,0.126604997059424,0.16672730456297652,0.17109297052423758,0.08237437033322827,-0.2335573375040937,-0.4095968206157182,-0.582807515509962,-0.7518203927718793,-0.9065230291430875,-1.031503844073349,-1.1051669180211414,-1.0949708441854002,-0.938725669717394,-0.373103201076207,1.0770341569931476,1.7728127671936693,2.4329049227511446,3.093999356981734,3.762687559281043,4.437866610169436,5.115699737086253,5.801703691884153,6.468062893526202,7.132221693787832,7.78577113276079,8.426107950005632,9.05084410415066,9.65735326975174,10.242252612608137
4.73370108547056e-7,0.6148183038468468,1.2291404427187855,1.8430606159791707,2.4577183715377324,3.075500893969757,3.6999142001703627,4.335105798065958,4.985097545973718,5.652860753710795,6.339411383640859,7.043103096864907,7.7592496411949154,8.480134840065912,9.195395293535093,9.892708241355301,10.558691320844336,11.179917107874783,11.74395368617123,12.24035444541713,12.661530598159832,13.003446393274325,13.266079703544369,13.453591135542137,13.57414629152401,13.6393438606227,13.66322497992461,13.660885896961469,13.64679114086817,13.632979628772611,13.627442112628561,13.622916321443272,13.609351984770951,13.586788101911026,13.555289301623564,13.514945290856852,13.465870090617585,13.408201066583638,13.342097764160918,13.26774055973219,13.185329141828623,13.095080837861444,12.997228803866554,12.892020096426995,12.779713647527622,12.660578164544104,12.534889978851188,12.402930867627477,12.264985874305466,12.121341153736292,11.972281868474077,11.818090162604916,11.659043239217617,11.495411566918548,11.327457239721257,11.155432513221887,10.979578538316046,10.800124312167478,10.617285865826894,10.431265712915302,10.242252612608128,10.12626377547435,10.174446008189562,10.309004045359652,10.472643287280647,10.647022150961597,10.826739507016045,11.010389351165012,11.197889425386947,11.38952666711963,11.585546750177624,11.785955492553018,11.990423338354834,12.198251091868451,12.408376897012522,12.61941189342223,12.829694758592298,13.037356829851937,13.240390851936358,13.436717918812963,13.624248829433817,13.80093769450367,13.964827044487556,14.114084770566407,14.247033916687613,14.362176635200774,14.458213581107037,14.534059751537077,14.58885739728122,14.621986256780115,14.633071078823672,14.615874111700448,14.56269726258627,14.469016320218547,14.32802874376709,14.131628744484836,13.871546011830555,13.540491591604457,13.13317793527765,12.64711889280237,12.083156607777775,11.445697555835867,10.742666020721614,9.985200308884679,9.1871267553802,8.364251144630504,7.533508355967213,6.712010445852579,5.916032922076085,5.159981660927923,4.45539335151077,3.8100454736008076,3.2272873408415,2.7057348254268567,2.239458877167456,1.8187209578562367,1.4312722670681188,1.0643579173245565,0.7073014613832843,0.3534243634661656,3.1550334936821884e-7,0.4816236512709346,0.9748301757110953,1.4923235843948273,2.047039627616378,2.6508003767394657,3.3125599696504717,4.036452665436209,4.820246802760745,5.654630895961923,6.523447395852966,7.404759907886874,8.27253682058558,9.098719273212804,9.855461821798775,10.517359149904653,11.06349225378369,11.479143628387087,11.757046183697035,11.89804710425525,11.911087228229059,11.812422117455075,11.624051292477194,11.371393180493548,11.080365359620783,10.774209945924177,10.470604946497689,10.179719065883434,9.903764592370536,9.638198233254517,9.374467810688
5.776622447940674e-7,0.14512685976346207,0.2857108431633678,0.41781686652831834,0.5387577912675396,0.6477853994606615,0.746804906567071,0.8409746716817721,0.9388617382542191,1.0516674066219933,1.191252387591259,1.367494051121553,1.5862488100697165,1.8488254490399898,2.152727875684218,2.492828169530467,2.862378537791381,3.2537072083049905,3.658664134274507,4.068917153244144,4.47616906397008,4.872333183258605,5.24968408271382,5.600989606971761,5.9196257765149465,6.1996747768858365,6.436006217443093,6.624342310241944,6.761308123343823,6.844468388658885,6.872352407368026,6.878008843176355,6.8949036403384465,6.92281559990094,6.961383673871109,7.0101178655286605,7.0684135089609015,7.135568094332762,7.210799745395502,7.293266482180506,7.38208549713348,7.476351812913502,7.575155849449107,7.677599584690323,7.782811131807549,7.889957665977229,7.998256712941502,8.10698586036083,8.21549097562891,8.323193015765884,8.429593502064423,8.534278709781525,8.636922596071733,8.737288461442025,8.835229314396848,8.930686888101395,9.023689243730677,9.114346889017447,9.2028473426351,9.289448082456707,9.374467810688012,9.37823743879485,9.210302857833431,8.95177907441192,8.663519919224157,8.367621434621611,8.073373977997596,7.786130609086709,7.509884630164447,7.248112555343003,7.004054072117051,6.780760588640981,6.5810229347939595,6.407226882975919,6.261171028490935,6.14388324644317,6.0554798818983055,5.995157176534656,5.9635246453507555,5.9479462157555165,5.956472180411445,5.980357263376234,6.015532017269773,6.0577966137323305,6.103143158875476,6.147925700669909,6.188970482743074,6.223642670816749,6.24988122540518,6.266212879364073,6.271754750812789,6.262835899929784,6.2356473599818285,6.188973477921233,6.121042293182197,6.029862637714044,5.91361869962023,5.771065521816496,5.601873795259742,5.406882672268382,5.1882313178745445,4.949350862339163,4.694807412968002,4.429994780182678,4.160685246675922,3.8924619832057923,3.6300812064561963,3.3768456365598705,3.1341041351609302,2.901005585674353,2.674605560822177,2.4503470619542402,2.222840443592752,1.9868046751607547,1.7380364275686058,1.4743043907645517,1.1959635060245493,0.9057746540303637,0.6075946926835223,0.3048391346815808,4.73370108547056e-7,0.4480909469921958,0.8809038617471474,1.2846529668579982,1.649770449004793,1.9728035879039016,2.2572973459998433,2.513547022517551,2.7567559777394353,3.003448132769389,3.266865307032129,3.553015585836368,3.8590435284808016,4.174390446555997,4.483859459638929,4.771250286237544,5.022595235233417,5.228552628816547,5.385822706629448,5.497545199741377,5.57264743595633,5.6241656418582995,5.66688710586852,5.704089329976497,5.768316914779102,5.841601174021586,5.9268454090015315,6.017854877628507,6.1073455695440195,6.1896757118140675,6.262573370175306
-3.65710605782664e-7,-0.2019871436794221,-0.39307154297092395,-0.5618120507419418,-0.695419682673673,-0.7781340526706753,-0.7870966312710145,-0.6776676122241471,-0.24064178792223903,0.8043501157565992,1.3075041372013216,1.7809921796231813,2.2497009598778384,2.71794995125646,3.184667678974714,3.6468309336027396,4.10064993778956,4.542087482783461,4.967126122352252,5.371920964250839,5.752891762075348,6.106778122005379,6.4306697699520745,6.722018783474297,6.978638479238532,7.198692663601105,7.380678499906417,7.523405987152586,7.6259768116788855,7.687765040291962,7.708401731148671,7.7065883797122625,7.701145580394208,7.692065413184276,7.679335715828659,7.66294159793494,7.642867477330987,7.619099559135399,7.591628660509476,7.5604532700895115,7.525582721012718,7.487040350447441,7.444866516646269,7.399121346653297,7.349887093706095,7.297269992806618,7.241401515595018,7.182438941248743,7.120565178370971,7.055987793477832,6.98893722451167,6.9196641825579155,6.848436271340907,6.775533881737257,6.701245446941313,6.625862172307068,6.549672381295444,6.472955644129459,6.3959768772222585,6.318980617539618,6.242185685082266,6.163171028686354,6.080105657088317,5.994026070718439,5.905889101170344,5.816550898910428,5.726750935590872,5.637102147803162,5.548088016819769,5.460066947211173,5.373283812227378,5.287888024107254,5.203957016291271,5.1215236401045345,5.0406057152359445,4.961235846297421,4.883489621898722,4.807510427114572,4.733529295791427,4.661878477409719,4.5929976746196495,4.5274322167924055,4.465822782222375,4.408886689032058,4.357391266996395,4.312120412268413,4.273836098302453,4.2432373092107785,4.220919467545287,4.207337802398774,4.202778100097179,4.1948974408959945,4.1713155584751025,4.132209037972302,4.0778604950591335,4.008643191823138,3.925003490923346,3.827444431892965,3.716513731253449,3.592798993643859,3.4569319227165436,3.3096019630182654,3.151578272893282,2.9837374387971316,2.8070930989725076,2.6228228074160578,2.432287121862739,2.2370360449101625,2.038798518930619,1.839451566880453,1.640966778408364,1.4453331120017578,1.2544564761926864,1.0700384877027402,0.8934395978759144,0.7255359722390873,0.5665854617567226,0.41612520126632063,0.2729294163867458,0.1350561268631755,-3.65710605782664e-7,-0.2149042044155462,-0.42215329291237214,-0.6136045794856524,-0.7800500540731906,-0.9103791285915671,-0.9900553900451818,-0.9975933737686388,-0.8935557107703243,-0.5571431239092177,0.7405824615452963,1.3612958348021935,1.9155915345318262,2.4598121606478323,3.0057392415537554,3.5556001831895565,4.108500571281301,4.662482109258459,5.215378724052585,5.765211060747185,6.310349247017326,6.84953353949818,7.381799219169514,7.9063390809013345,8.422333387518142,8.928775502786634,9.424318430211544,9.90716218467315,10.374994633569278,10.824990253227712,11.25386351482747
-1.7082848063047017e-7,0.5435113212780063,1.0861349940613154,1.6273455751652708,2.1672761718669906,2.7068905240534162,3.2479881943548627,3.7930248781561837,4.34476175454582,4.9057918013673145,5.478018716621048,6.062176812849001,6.657473166804659,7.261408394031812,7.869797765116831,8.476980233949561,9.076177205566442,9.659948720895589,10.22069112980793,10.751124050044885,11.24472213249281,11.696056544448313,12.101021030310603,12.456927700061105,12.762468535059432,13.017550164840772,13.22302155429615,13.38032603314045,13.491119113605388,13.556899810978338,13.578703737360481,13.575825180184776,13.567193835818385,13.55282267367582,13.532733269150164,13.506955742911662,13.4755286754259,13.438498996213445,13.395921847266528,13.347860419955852,13.294385764702623,13.23557657266787,13.171518928719019,13.102306034982963,13.028037904383776,12.948821023695746,12.864767985820208,12.775997091217715,12.682631918696371,12.584800866071104,12.482636661565744,12.376275847227273,12.26585823605531,12.151526345014878,12.033424806590265,11.911699762045668,11.786498240073975,11.657967525031552,11.526254519458988,11.39150510606932,11.253863514827476,11.126375263279419,11.031040612897348,10.978620751537518,10.972018895383044,11.005662140233676,11.070048766968524,11.156227225209332,11.257501291496956,11.369331009246663,11.488730240562612,11.613709177180736,11.742871796025886,11.875145640142367,12.00960369468069,12.145347714874346,12.28143349727009,12.41682634507251,12.550379594057283,12.680831552255253,12.80681741047373,12.926893178849117,13.039568865466594,13.143348159922008,13.236771941100763,13.318463050336916,13.387169971049724,13.44180732208107,13.481491382261922,13.505569195696404,13.513640143294955,13.492605237097965,13.429577596416882,13.324765624794367,13.178445747646979,12.990873348678415,12.76218974568322,12.49235036345985,12.181098147277167,11.828000672484025,11.4325601811198,10.994394484454967,10.513475292255999,9.990400996156895,9.426674676882671,8.824955768735737,8.189255216453727,7.52504825936356,6.839284963284615,6.140284985848638,5.437508606010408,4.741199802145312,4.061898519385867,3.4098183506782305,2.7940845069036726,2.2218308700380405,1.697177088281493,1.2201692832049305,0.785892225270093,0.38412608560000194,1.6682995563578056e-7,0.5004161624972843,1.0232872433061102,1.5863472875678795,2.1994952839542727,2.8638648003274136,3.572625763114892,4.312723362899696,5.066936371272935,5.815921612423149,6.5400969363897,7.221290736654397,7.844101165534219,8.396904426549565,8.872451905971602,9.268011003025633,9.585038217602726,9.828424701662192,10.005418147277974,10.124387665032083,10.193640446196468,10.220498886069048,10.21079147302124,10.168806963187029,10.097639002614404,9.999749698112835,9.877540826317322,9.733752448443678,9.571596414693149,9.394644342042799,9.206587923217905
1.6682995563578056e-7,-0.20198714367896914,-0.3930715429708371,-0.5618120507418148,-0.6954196826735943,-0.7781340526705809,-0.7870966312709575,-0.6776676122240737,-0.2406417879220135,0.8043501157566681,1.307504137201345,1.780992179623208,2.2497009598778535,2.7179499512564824,3.1846676789747264,3.646830933602751,4.100649937789583,4.542087482783465,4.967126122352265,5.371920964250846,5.752891762075358,6.106778122005384,6.430669769952087,6.722018783474306,6.978638479238554,7.198692663601118,7.380678499906434,7.523405987152603,7.625976811678906,7.687765040291962,7.708401731148676,7.711113855689431,7.719224784196296,7.732658883476054,7.751292403964315,7.774956819346255,7.80344327311455,7.8365079233742305,7.873877943919387,7.915257922082668,7.960336391958041,8.008792253922902,8.060300855600957,8.114539542627547,8.171192526744298,8.229954960932341,8.29053615391788,8.35266189734444,8.41607591660043,8.480540489588725,8.545836305900412,8.611761661500875,8.67813110098754,8.74477363074368,8.811530632031658,8.878253603485314,8.9448018579181,9.011040289294717,9.07683731265788,9.142063063396197,9.206587923217903,9.249839501342167,9.243655205671034,9.179457735457094,9.056667586912605,8.883284316946293,8.671297825594316,8.432163942739741,8.175050620529976,7.906886304495567,7.632911276280296,7.3571856880029465,7.082946738241465,6.812840250670087,6.549069494067156,6.293494170175663,6.047700734615718,5.813056566846591,5.590754823804985,5.381853203425811,5.187307596563455,5.008000267980379,4.844761513959357,4.698383545732133,4.56962556252522,4.4592095572951385,4.367807291860763,4.296019993708061,4.244353494460785,4.213192494464096,4.202778100097197,4.194897440896014,4.17131555847511,4.132209037972323,4.077860495059148,4.0086431918231495,3.9250034909233604,3.827444431892984,3.7165137312534604,3.5927989936438762,3.4569319227165582,3.3096019630182765,3.1515782728932953,2.9837374387971463,2.8070930989725205,2.6228228074160733,2.4322871218627697,2.2370360449101927,2.03879851893064,1.8394515668804712,1.6409667784083881,1.4453331120017865,1.254456476192723,1.0700384877027689,0.89343959787596,0.725535972239142,0.5665854617567877,0.41612520126639363,0.27292941638684737,0.13505612686354385,-1.7082848063047017e-7,0.23696586847117732,0.4776971592375356,0.7250405201260466,0.9801834573875359,1.2422204631538492,1.5080825063056227,1.7728263645046884,2.030242433476878,2.27371721903992,2.497267105033537,2.6966342523896736,2.8702996752614083,3.0202234763916658,3.152078875678058,3.274739771918622,3.3988796433766337,3.5348129019049126,3.6901213504780372,3.867911298254797,4.0664177239683434,4.2800867769487425,4.501627412811169,4.7242428135355485,4.943370213188446,5.157544394859405,5.368271633809541,5.579022941633642,5.793653856212147,6.014717666929112,6.242185685082267
-4.457169640223092e-7,0.45308705093442525,0.9057493782757207,1.3578463966673653,1.8097410220228978,2.2623988294271165,2.7173305596869666,3.17636946160832,3.641308423123058,4.113453919564328,4.5931755709007245,5.079534363233575,5.570057762435662,6.0607012137423935,6.546002256421129,7.01940470226445,7.473711196575876,7.901613595475636,8.296249494494496,8.65173655157971,8.963641186154891,9.229343240358283,9.448262910726825,9.621921366716819,9.753813458942213,9.849081872179221,9.913999173127431,9.955288641198873,9.97934511750993,9.991447680253724,9.995076730391153,9.991714581709678,9.98163938020177,9.964884806166065,9.941506815662613,9.91158337362198,9.875214079745204,9.832519686778916,9.783641510684538,9.72874073219895,9.667997589313892,9.601610460299563,9.529794837074359,9.452782188993979,9.370818717515798,9.284164002703498,9.193089543191807,9.09787719204873,8.99881749196914,8.89620791442583,8.79035100880225,8.681552469144052,8.570119127994017,8.456356888809733,8.340568610685354,8.223051961476266,8.104097257909979,7.98398531379227,7.862985319901314,7.741352781502204,7.619327541491342,7.423057216928277,7.269717962414664,7.1106513929089274,6.9514301689199804,6.793311348611377,6.636903717835123,6.4825889682057225,6.330626686899933,6.1811942928212185,6.0344063348897485,5.890325963717799,5.74897480067624,5.610345460621195,5.474419667296998,5.341193433219121,5.210709163220858,5.083092989858063,4.958594359339316,4.837623973611439,4.720785678530481,4.608897729473405,4.5029990192450535,4.404336328498472,4.314329561978602,4.234513463818507,4.166456680375396,4.111662338836326,4.071458259592948,4.0468887279685495,4.038622162729116,4.02942124363129,4.001963699944183,3.956671663269372,3.8942053801598497,3.815404136567399,3.7212147577389687,3.612617546151422,3.4905603801256153,3.355911126719338,3.209436419046471,3.0518113705247174,2.8836604122794203,2.705624858157901,2.518448828136113,2.3230724820393007,2.1207205239962774,1.912974654542704,1.701820763827756,1.4896646704854604,1.2793135690463906,1.0739235879957048,0.8769166577624148,0.6918720672916979,0.522399584052873,0.3720018015379296,0.2439333159795448,0.1410623968311064,0.06572907884011484,0.01947437564850386,-4.263308629757026e-7,-0.11459328021840497,-0.22911523080868096,-0.3425812933136854,-0.4523196731478358,-0.5533782200921863,-0.637993793651161,-0.6947632549559268,-0.7065386775075198,-0.6433309875981725,-0.4220931928829506,0.5081276248839939,0.9705816868205088,1.3825927159833236,1.7866215697683865,2.189262982445759,2.5898602305025915,2.985722544502294,3.3739389529321007,3.7522526934200466,4.119538274660691,4.47602533563988,4.823305811966868,5.1641343692688,5.502038002765351,5.840773409933382,6.1836997227698545,6.533157650124817,6.8899524316321425,7.2530210674483255,7.619327541491343
-4.263308629757026e-7,-0.10730705867316481,-0.21038869212790995,-0.30471001026385475,-0.385036246940915,-0.44481170991355906,-0.47491167318045185,-0.4603687040404801,-0.3673097911871342,0.1723347094784744,0.5541626567074139,0.849815762308613,1.1393366575035668,1.4333376457249896,1.7337211905634753,2.0395614115972784,2.3486365198562478,2.6580115666993516,2.9643281914117035,3.2639841423854437,3.5532647381314493,3.828450006357368,4.085907082516998,4.3221717392729415,4.534020520705612,4.718533970119597,4.873151085359103,4.995715057730124,5.084510379095627,5.138291450774934,5.1563028561626965,5.156437806874246,5.156838898714691,5.157494899972656,5.158387254935782,5.159490329203621,5.160771752132234,5.162192854970224,5.163709202239638,5.165271212536114,5.166824863161723,5.168312470888103,5.169673538736921,5.170845656052728,5.1717654364481405,5.172369475561282,5.1725953081323714,5.172382341833431,5.171672743725122,5.170412254307023,5.168550903994054,5.166043607592155,5.162850614028725,5.158937791256688,5.154276729893769,5.148844653743554,5.142624130789928,5.135602584439133,5.127771611535283,5.119126120785947,5.10966331245557,5.096814262130993,5.07843849625888,5.05517425211906,5.027642681747004,4.99643191729489,4.962083120807981,4.925079475702908,4.885838984144739,4.844711754043576,4.801982197861137,4.757876240110694,4.712573267874892,4.666222190918663,4.61896063769707,4.570936029072788,4.52232706325272,4.473364024459036,4.424346297340284,4.375655527762464,4.327763017060515,4.281230173805142,4.2367011833441,4.1948875035889435,4.156544365782553,4.122440146872878,4.093320252164698,4.069867928168375,4.0526650967401965,4.042156713578433,4.038622162729136,4.029421243631311,4.001963699944205,3.9566716632693892,3.8942053801598697,3.815404136567419,3.7212147577389882,3.612617546151442,3.4905603801256406,3.355911126719366,3.2094364190464955,3.051811370524738,2.883660412279446,2.7056248581579228,2.5184488281361364,2.3230724820393256,2.1207205239963005,1.9129746545427289,1.7018207638277922,1.4896646704855003,1.2793135690464437,1.0739235879957656,0.8769166577624775,0.691872067291802,0.5223995840529863,0.37200180153809215,0.2439333159797522,0.14106239683148036,0.06572907884105307,0.01947437565194095,-1.7186103089995565e-7,0.4492724716277757,0.9073461467407749,1.3811049446723926,1.8741228176678024,2.3860840149131777,2.9129983995302977,3.4479857599129375,3.9823422223515665,4.506641637458542,5.011701335497485,5.489316897657147,5.932732214573576,6.336858309184641,6.698287943163306,7.015172027274589,7.287026741451114,7.514527074046339,7.699316738199661,7.843833548528112,7.951123287027495,8.02460352074886,8.067747879004713,8.083690780194482,8.074794710503658,8.042262494189389,7.985898780607868,7.904116040561258,7.794239980158428,7.653110184858987,7.477914795978535
-1.7186103089995565e-7,-0.10730705867221929,-0.21038869212750344,-0.30471001026357203,-0.3850362469407795,-0.44481170991339974,-0.47491167318025934,-0.4603687040402572,-0.3673097911869166,0.17233470947897242,0.5541626567075757,0.8498157623087409,1.1393366575036694,1.4333376457250788,1.7337211905635572,2.039561411597352,2.348636519856317,2.6580115666994195,2.9643281914117687,3.2639841423855076,3.5532647381315106,3.8284500063574276,4.085907082517057,4.322171739272998,4.534020520705668,4.718533970119655,4.873151085359159,4.99571505773018,5.084510379095683,5.13829145077499,5.1563028561627515,5.161857313845792,5.178439594359753,5.2058095573084655,5.243577149916807,5.291216756877523,5.348085595324907,5.4134447711817755,5.486481579875677,5.566331758135883,5.6521006270336365,5.742882354491863,5.837776858223998,5.935904130765816,6.036415976032043,6.138505294891894,6.241413149106565,6.344433878024243,6.446918552367079,6.548277035676286,6.647978896225343,6.745553377955449,6.840588603508619,6.93273014912102,7.0216791019105464,7.107189685819167,7.189066523320098,7.267161585712088,7.341370874896715,7.411630873356962,7.47791479597853,7.613625954531038,7.702814865156414,7.796831654359962,7.892665507193996,7.99140976987986,8.094519303935757,8.203324396267092,8.318874866287166,8.44186601241738,8.57260379601217,8.710997276641704,8.856571952443264,9.008498738062638,9.16563378740575,9.326565028636415,9.48966213382942,9.653127529866236,9.815046823692551,9.97343759044444,10.126295852847655,10.271639803274224,10.407550439466652,10.53220884983673,10.643929928422807,10.741192341068933,10.822664608648665,10.887227218199062,10.933990713765695,10.962309750963893,10.971793120014,10.948157758093943,10.877633159314215,10.761336704982712,10.601043337925049,10.399064459573045,10.158097397561201,9.881062410713033,9.570946078809264,9.230669618762445,8.86299793167062,8.470500099988099,8.055565122026115,7.620468800240883,7.167480063555275,6.698988792195115,6.217633354033632,5.726405011224049,5.228708038797906,4.728358306125181,4.22950849638637,3.7364944397001185,3.25360390294934,2.7847768117963825,2.3332550061946984,1.901211224373646,1.4894014510868172,1.096900251636909,0.7209893511166381,0.3572651175566825,-4.457169640223092e-7,0.1059215454959892,0.2330343213200795,0.39362477452555317,0.5899702208913568,0.8176780801034825,1.068948415085696,1.3348176417451236,1.606684550778937,1.8773596759958988,2.141702885527565,2.3968381057663706,2.641939725134148,2.8776433984748446,3.1052175424156316,3.3257039933863046,3.5392553066141335,3.74483825008503,3.9403540302887343,4.123095883335464,4.290376215085574,4.44013255278774,4.571355649277628,4.684249722038378,4.78011083411396,4.860978839613088,4.929169682906889,4.986818152461765,5.035549443825626,5.0763525498456294,5.10966331245557
-3.485444523912765e-7,0.4831554421140981,0.9642475606449987,1.4419366383944157,1.9161984023470553,2.388661032793104,2.8625891960690257,3.3424680332689727,3.8332199667254683,4.339181166968634,4.863039408421441,5.404955262913059,5.962041041482572,6.528277946604818,7.094853249171451,7.65083062578733,8.18403907482164,8.682069635281405,9.13328785630362,9.527790276898468,9.858248227987506,10.120590217058606,10.31447570636516,10.443510091645665,10.515146162764434,10.540216689019125,10.532055214377639,10.505200347171744,10.473753819713266,10.449571743081101,10.440581232198532,10.436051271546264,10.422472284465362,10.399876901600477,10.368319327750884,10.3278750736304,10.278640582667194,10.220732755161668,10.154288372755165,10.079463426777425,9.996432354631226,9.905387188932464,9.806536624650478,9.700105009979291,9.586331267112055,9.465467749482572,9.33777904237267,9.203540714058375,9.063038024872432,8.916564601691272,8.764421085401757,8.606913758859797,8.444353162709815,8.27705270618058,8.105327279597796,7.929491874842579,7.7498602193217065,7.566743428179977,7.3804486784522725,7.19127790759188,6.999526537281772,6.764703301148096,6.519475971353508,6.2867340529302265,6.07324290956654,5.882319601174118,5.715482745759582,5.572788718497216,5.452985674866815,5.353702223405594,5.271706516087203,5.203213861405777,5.144202386364892,5.090699136741724,5.039013419408049,4.985911089672267,4.928736372281639,4.865494076859857,4.794905354384057,4.7164465973935314,4.630375897961307,4.537746097597871,4.4403985352211945,4.340927285501798,4.2426001793688535,4.149221016358169,4.064918968736082,3.993859051618597,3.9398841776464626,3.9061240507215733,3.8946319560173124,3.8890777082299857,3.872033922905859,3.842427398745612,3.7986901184037953,3.7390502180618106,3.661870307423948,3.565984829183825,3.4509943802457763,3.31748527599102,3.1671530725676114,3.0028165636887927,2.8283129372608147,2.6482660794564357,2.467721395203246,2.291647955423642,2.1243312748336067,1.968725194812144,1.82589327907584,1.6947152074626826,1.5720080548712578,1.4530904325231726,1.3326523447718661,1.2056895940702168,1.0682761004928505,0.9180431607256496,0.7543361687142608,0.5780886343723766,0.3914984309675006,0.19762191405811755,-3.3198554047213317e-7,-0.20478454071495744,-0.4057451099349169,-0.5993641660131536,-0.7827034660766459,-0.9536078535084038,-1.110803478908313,-1.253858459021265,-1.3829870888673774,-1.4987013868979777,-1.6013441327974394,-1.6905639041077758,-1.7647932288895614,-1.8207555428705295,-1.8529608820221826,-1.8530411116592578,-1.8085424023150645,-1.7001302300367782,-1.49357379858795,-1.1064685337146771,0.447019811774429,1.4536113617094721,2.141129922550865,2.770917363387918,3.3835173499387388,3.991845139871073,4.60251913364659,5.210006646300685,5.815693472399029,6.414183280073815,6.999526537281757
-3.3198554047213317e-7,-0.19053275533725245,-0.38140697943333135,-0.5727275628108113,-0.7641565764136461,-0.9547610015324183,-1.1429271129383354,-1.3263425404904705,-1.5020376015458707,-1.6664716067904484,-1.8156472426034354,-1.945235629851518,-2.0506947333717673,-2.1273628215426226,-2.170504555982593,-2.17527619078982,-2.1365491796855633,-2.048462968814957,-1.9033865603002087,-1.6893362504317144,-1.3821468695122279,-0.9083313419336577,0.5992568246311275,1.261567875501719,1.6782843663110114,1.994227295454193,2.239778232026236,2.4258227181409002,2.5569129131242985,2.635031243807405,2.660996921511263,2.6604632328352467,2.658923498478053,2.656560346953125,2.653673536568953,2.650672796422682,2.6480673948437703,2.646452125855296,2.646489462772964,2.6488877983729617,2.6543759868497454,2.6636748161813166,2.6774665302990277,2.696364011105075,2.720881613427734,2.7514098073362185,2.7881956368685863,2.831330532247721,2.8807462781452693,2.93621908068263,2.9973808611174793,3.0637362856230164,3.1346837070653026,3.2095381565623633,3.2875547241233636,3.367951017239209,3.4499277890007387,3.53268720799297,3.6154485550940003,3.6974613595764785,3.778016131137075,3.8569668566582864,3.931167174734915,4.00005842865766,4.0630385620761835,4.119505761573843,4.168900232023462,4.210742204283676,4.244664661652518,4.270439669924086,4.287997572764091,4.297438653962558,4.299037168831998,4.293237914893546,4.28064575711783,4.262008755352623,4.238195767834074,4.21016962549002,4.1789571795747875,4.1456177030661445,4.111211248105957,4.076768595066556,4.043264340478823,4.011594436144883,3.982559103841556,3.956851530162272,3.9350521469445217,3.9176277049179484,3.904933847327511,3.897219577592612,3.894631956017324,3.8905940460752166,3.8779575316241446,3.8552395086861537,3.8202369163119956,3.7703770699681844,3.7031202702758,3.6163561307595957,3.5087462239085268,3.3799811906173987,3.230935221071622,3.0637117623167085,2.881580593300437,2.6888085713403953,2.490385782437196,2.291647955423659,2.0977992119616222,1.9133535834995576,1.7415469330667315,1.5838226439245728,1.439541972844598,1.3060652194640172,1.1792539270386713,1.0542858188535635,0.9265525628430932,0.7924070287885491,0.6496250020209998,0.49756369584170657,0.33707283995990284,0.17023480239845498,-1.8037688918475837e-7,0.3063073249593728,0.602093020866469,0.8780431933697708,1.1276450846854331,1.3489962814465917,1.546056259204737,1.7284524565574737,1.9093518329807615,2.101685854292742,2.3140427878782113,2.5480845099871394,2.798573582931819,3.055552924092374,3.307338079201245,3.5431817032391804,3.755071404682737,3.9385477845781067,4.092612460704589,4.218877746891885,4.320194787303763,4.399100799306012,4.45649700926946,4.490934864930825,4.498725461735734,4.4749409088943235,4.411928520950673,4.311477415043456,4.1688637098378845,3.988364134959234,3.7780161311370657
-1.8037688918475837e-7,-0.1905327553370846,-0.38140697943325325,-0.5727275628107709,-0.7641565764136005,-0.9547610015323661,-1.1429271129382896,-1.326342540490431,-1.5020376015458363,-1.666471606790417,-1.8156472426034032,-1.9452356298514888,-2.0506947333717265,-2.127362821542587,-2.1705045559825606,-2.175276190789787,-2.136549179685523,-2.048462968814918,-1.9033865603001667,-1.689336250431659,-1.382146869512159,-0.9083313419335617,0.5992568246312513,1.2615678755017914,1.678284366311062,1.99422729545424,2.23977823202629,2.4258227181409437,2.556912913124343,2.635031243807442,2.660996921511304,2.675962463370483,2.7202810900297827,2.792310731443878,2.8895882411664324,3.0091446744367816,3.147809971612237,3.30245280579614,3.4701378969537804,3.6482092138589293,3.8343187383357105,4.026421042263378,4.222749616555408,4.421785658932376,4.622225677571663,4.822951232989741,5.023002250255069,5.221554260913622,5.417899383268073,5.611430606468415,5.801628869404869,5.988052436163093,6.170328118476294,6.34814395686876,6.521243033441579,6.6894181449679495,6.852507113325168,7.0103885513204585,7.162977936507838,7.310223874759691,7.452104460267952,7.626968198244465,7.824431651716765,8.026573812879333,8.230945987575717,8.437596161491609,8.647153426420452,8.860304801798963,9.07756990766758,9.29917377950095,9.524972930121553,9.754424188538893,9.986592239993092,10.220190233373346,10.453644672987505,10.685173768884633,10.912868470380088,11.134767396659983,11.34891999893838,11.55343558287792,11.746518547578578,11.926491986508884,12.091812612837934,12.241080002202242,12.373042665729393,12.486602745563333,12.580820376584024,12.654918118499173,12.708285399108645,12.740482636298001,12.751244603645507,12.718548386898087,12.620590201027717,12.457791539257832,12.230951099346992,11.941375233794341,11.591034800516047,11.182726789476005,10.72021797252737,10.208349198083141,9.653082380551965,9.061477078490912,8.441589131355387,7.802289521841267,7.153006994991981,6.503402755778713,5.862989802806624,5.240713460849957,4.644514099025441,4.08089875228528,3.554556147711954,3.0680591830480335,2.6217074784866092,2.2135639270683005,1.8397244256093477,1.494822829731761,1.1727163753097711,0.867234323649385,0.5728256585789939,0.28493569846980715,-3.485444523912765e-7,0.4102303626515305,0.8212070804742153,1.2359857983923175,1.6610206023692144,2.1055006727532906,2.579281364269274,3.0902475781298913,3.641970422666655,4.232280614243978,4.853008478634475,5.490771058583128,6.128472557332287,6.747149914834182,7.327860646555472,7.853394675371065,8.309660551218778,8.686646983064918,8.978901576064938,9.185507858355436,9.309583430376023,9.357367654629126,9.337015080840823,9.257255260334885,9.126110340367356,8.949864764548696,8.732444589583416,8.475287241055534,8.177684860392272,7.837499190360568,7.452104460267966
-1.8364516558819743e-7,-0.11475703900951219,-0.2221077511637909,-0.31374591498782306,-0.37908858866788087,-0.40215293999939705,-0.3503400888885861,0.09305523443829963,0.5218426115164515,0.8430791727722468,1.1691599000080501,1.5103649202907694,1.8677387858916854,2.239383136722265,2.6220118971714754,3.0115488734572535,3.4034472375940705,3.792909019218547,4.175060007806926,4.5450976794799995,4.898416604549638,5.230711236226577,5.538054912149823,5.8169544121494905,6.0643806683549055,6.27777776331543,6.455053873402351,6.594559081521865,6.695055805751835,6.7556878326704695,6.775953537640984,6.77474145308442,6.771111829542945,6.765084496372706,6.756692297432411,6.745980777901106,6.733007735235755,6.7178426249912295,6.700565811383505,6.681267652881192,6.660047414917177,6.637012005106897,6.612274531145323,6.5859526877473895,6.558166986413096,6.529038850160887,6.4986886043073255,6.467233403416375,6.434785143169801,6.401448413544185,6.367318555730018,6.3324798891277,6.297004176001734,6.260949389575907,6.224358846266945,6.18726075431954,6.149668219466165,6.11157973374001,6.072980156764189,6.033842180436576,5.994128248754621,5.952181634860425,5.906347981608373,5.857146682574795,5.805052584420741,5.750514116408187,5.6939737203891925,5.63588840756622,5.57674813788713,5.5170897712106095,5.457504584892446,5.39863779090255,5.341179109552004,5.28584424714773,5.233348043369466,5.1843710356178665,5.139522133597027,5.099300878538689,5.0640632327746316,5.0339948770700405,5.00909551254165,4.98917669879522,4.97387447781971,4.962676802077715,4.954965340416737,4.9500727709772,4.947357315445987,4.946262109599431,4.946242601754927,4.946641640102483,4.946855674584332,4.937688609840026,4.910059119281396,4.86361774382557,4.797894726728232,4.7124510705585205,4.607057482825658,4.48187549239927,4.337615155563675,4.175646620885069,3.998047246464276,3.80757095210792,3.60753141284238,3.401595192061684,3.193484052824246,2.986585689088872,2.7834869295179665,2.585592829368348,2.3931857552215416,2.205717707508757,2.0218925100128344,1.8397620845107292,1.6569859094801327,1.4711796866203595,1.2802648111565076,1.0827552333889296,0.8779440873311377,0.6659765527630096,0.4478141085517473,0.22510721708438997,1.829351360979107e-7,-0.1380947198085256,-0.2617232371685425,-0.35491277682372985,-0.3967528608009648,-0.34792771501155273,0.16824470928676846,0.5790770779916493,0.9172286994712198,1.2580952989041434,1.6099135228166217,1.9741141485654083,2.35075200355115,2.7396958298132206,3.1408135860735555,3.5532406873007263,3.9832194462937967,4.41896970946456,4.866332983828527,5.322525986731682,5.785140095932989,6.251394962099268,6.718255910702725,7.18262764435262,7.641541064885481,8.092290090118574,8.532476100314472,8.960477663713148,9.373470765497183,9.770424693593982,10.149229436988437
1.829351360979107e-7,-0.11475703900921001,-0.22210775116359438,-0.3137459149877474,-0.3790885886678197,-0.40215293999932145,-0.3503400888885239,0.09305523443855619,0.5218426115165431,0.8430791727722985,1.1691599000081208,1.5103649202907994,1.8677387858917103,2.239383136722318,2.6220118971715305,3.0115488734572904,3.403447237594102,3.792909019218577,4.175060007806964,4.545097679480034,4.898416604549678,5.230711236226616,5.538054912149858,5.816954412149524,6.064380668354939,6.277777763315468,6.455053873402388,6.5945590815219015,6.69505580575187,6.755687832670504,6.775953537641018,6.778829949399439,6.787430109098831,6.801667494738876,6.821400220695623,6.846434407034188,6.8765286910076675,6.911399694950107,6.950728237102761,6.994166058956621,7.041342843835424,7.091873314802854,7.1453642228096985,7.201421065142079,7.259654406524941,7.319685707837617,7.3811525980057215,7.443713551572162,7.5070519566807485,7.570879575252819,7.6349394089892115,7.699007991822238,7.762897132148154,7.826455127311808,7.88956746919099,7.952157054164846,8.014183904074377,8.075644397791518,8.136570006465812,8.197025520110005,8.257106749513735,8.300759675018064,8.30610315348846,8.26632752441388,8.179226734181997,8.048629021487285,7.882373633114721,7.6891908745407935,7.476908950554232,7.252086118945101,7.020261464571551,6.786294088779691,6.554608428389064,6.329319860834013,6.114258931025585,5.9129186705741885,5.728348241649407,5.563016343307705,5.418670185979635,5.296218135275973,5.195663221784082,5.116108204145898,5.055840593763506,5.012490623852202,4.9832407058385355,4.965054610737792,4.954893007068374,4.949921591557068,4.947811057624415,4.947040164489655,4.946855674584329,4.937027566334145,4.907507446041364,4.858210468994421,4.789066952104602,4.700118571203722,4.591632126948688,4.46421382834332,4.318906605027797,4.157254428240099,3.98132053980987,3.793650498242019,3.5971760767593683,3.395063117026241,3.190517856958768,2.986585689088892,2.785986572880996,2.590909716927541,2.4025207610007095,2.22049571374438,2.0430982252732828,1.867580326435956,1.6906789948918508,1.5091405661054138,1.3202013120175553,1.1219564183248525,0.9135795333799547,0.6953877432274862,0.46876942469982136,0.2360032889506879,2.7131085424203923e-7,0.3365382453248873,0.6626182518268006,0.9693886248905591,1.2511117647764836,1.5062558731259201,1.737805370473681,1.9525452342374174,2.159298265586852,2.366471077226688,2.579687060861865,2.8004074561133065,3.0260327110876273,3.2512835633477053,3.4702150801858096,3.6787093318218886,3.867688171606557,4.048479802711374,4.216665725871744,4.377283317368327,4.534573825307788,4.691653916038354,4.849839172861839,5.008567697542417,5.165920067405862,5.319486184297236,5.467239598324293,5.608129603366924,5.742236985776275,5.870497205315876,5.994128248754621
2.7131085424203923e-7,0.584859825641742,1.1736027496860644,1.76986974366361,2.376810583813545,2.996826438931519,3.631311843086527,4.2804133736852945,4.942829279706156,5.615676511239195,6.294448644907886,6.973081083455495,7.644130443749132,8.299065113347412,8.92865496510896,9.523440923642495,10.074259635666818,10.572794668487047,11.012123004727162,11.387223619760137,11.695413174161104,11.936672046060329,12.11382214313948,12.232516924267165,12.30100569801755,12.329641924130135,12.33012365259939,12.314487999819526,12.293931693588073,12.277588795211818,12.271445933607904,12.268643520962227,12.260244219385434,12.246271755156368,12.22676539716793,12.201779548408796,12.171383181673988,12.135659127040842,12.094703220656672,12.048623326289784,11.997538242870117,11.941576512870162,11.88087514782722,11.81557828856366,11.745835818703503,11.671801950888668,11.593633805650484,11.511490003173188,11.425529288178954,11.33590920785621,11.242784862133059,11.14630774465763,11.046624691585288,10.94387695369161,10.838199405441738,10.729719902469297,10.6185587964846,10.504828613985886,10.388633902353742,10.27007124406207,10.149229436988437,10.035589344209304,9.94858146776551,9.896015562913863,9.88141897554309,9.902621858040767,9.953778012097159,10.028463832183625,10.121432470904182,10.228925741500126,10.34835154655464,10.477857815916185,10.615985493569493,10.761426293951233,10.912867073962579,11.06889814519714,11.227967500989303,11.388367907989139,11.548247423723511,11.705636309606234,11.858484937200963,12.004708454632812,12.142234876104034,12.26905397400306,12.383264933266286,12.483121193001015,12.567071266514018,12.633794613985243,12.682231859898446,12.711608818038057,12.721453926638267,12.71764548634344,12.70494736087096,12.679673376639373,12.636100103136064,12.56703072574018,12.464469695551776,12.320327859043802,12.127088896135023,11.878386991741648,11.569466221994569,11.197509717015803,10.761839375576189,10.263994774391696,9.707703926224989,9.098759900238047,8.444817026463289,7.755119121454943,7.040170222356808,6.311355775718398,5.58051900731723,4.859493167945693,4.159585544332972,3.49100421070229,2.862215737668679,2.279227042538847,1.7448081647062301,1.257730588269045,0.8121967854491626,0.39775218253972894,-1.8364516558819743e-7,0.5245641116302127,1.0724161406377117,1.6627373609622438,2.3076101249057674,3.0107001946336296,3.767426413922032,4.5660530335385126,5.389215524179839,6.215613035203685,7.021756904660749,7.783723190553084,8.478857123637598,9.087357472060877,9.593651319218473,9.987463952727044,10.264496424659278,10.426643412080072,10.481713640647081,10.44265194446078,10.326304797276348,10.15181984971797,9.93882419038921,9.705580870746603,9.467364649550913,9.235302634031255,9.015882574591714,8.810664983539281,8.61899195928242,8.436078402231582,8.25710674951374
6.287175393402202e-7,-0.24014996216173484,-0.4661137139643898,-0.6627211966972967,-0.812322508010071,-0.8916407768394243,-0.8627897441918715,-0.6303709712327294,0.6006092219775631,1.2812668513804293,1.8834110943762272,2.482485503410613,3.0904069878957237,3.7074967733686446,4.33019362399973,4.9532968333877285,5.570868635048855,6.176690505747449,6.764537473043873,7.328363744383325,7.862436539014817,8.361433905173014,8.820513955497663,9.23535976806326,9.602203270280201,9.91783148419106,10.179578938870645,10.3853104989263,10.533399106163117,10.622702859994838,10.652545415353321,10.649053370745316,10.638597206134921,10.621236695466823,10.597071011951844,10.566238037977268,10.528913369864146,10.485308990605159,10.435671579215576,10.380280423131895,10.31944490062029,10.253501503761493,10.182810379526547,10.10775137690112,10.028719601962056,9.946120500093963,9.860364504780328,9.771861315010435,9.681013887451687,9.588212254042572,9.493827299230484,9.398204652197496,9.301658866480079,9.204468070799631,9.106869279237099,9.009054544955518,8.911168128786224,8.813304831980705,8.715509611745842,8.61777855990758,8.52006128084431,8.418428622013552,8.311389727946947,8.200004676677466,8.085220045176564,7.967870997582598,7.8486910670312175,7.728328478222841,7.607367280169289,7.4863511286334035,7.365807322413253,7.246268682357658,7.128291069668191,7.01246475318918,6.899418420814459,6.789815343424548,6.684341987808577,6.583690176021188,6.4885346305509,6.399508345220762,6.317178593407705,6.242026448248799,6.174432392066704,6.114669931626944,6.062908172731998,6.019223164785842,5.983616668673947,5.956040004988488,5.936419954264924,5.9246834035257505,5.920777595252379,5.913709156852426,5.891823554661245,5.853189680212804,5.794934761960575,5.713698668524937,5.606160126115367,5.46956023539815,5.302160858200042,5.103594168401573,4.875078488343073,4.619490511069437,4.341293734541834,4.046327728860678,3.741464054832157,3.4341345352052035,3.131740073756272,2.8409598015136206,2.567009342731245,2.31294780156109,2.0791929034718324,1.8634310159568659,1.6610486994428693,1.4660537232861135,1.2722754802741676,1.0745603170665445,0.8697497648807341,0.6573268456637238,0.43944798379221167,0.2196110509106214,6.60440006591963e-7,0.3609364287697496,0.71214962773346,1.041156378672534,1.338375745696216,1.602019693522592,1.8385342350389842,2.060435073964508,2.2823205375050213,2.515964123482172,2.7664005353253307,3.0308483759201463,3.3008722776915214,3.561579704229147,3.8148481931095986,4.048691300613468,4.268635116099326,4.484198200912104,4.708562465282372,4.954820296003409,5.2319391209230695,5.542029676920775,5.879990162714328,6.235464269750531,6.596082758399128,6.9507214232867796,7.291858838341269,7.616616755255234,7.926462535414425,8.22582471748117,8.520061280844311
6.60440006591963e-7,0.6165035480094908,1.2388935232505331,1.8727386504729293,2.522972033529262,3.1935774515723168,3.8872916861141924,4.605341878048717,5.347241178345883,6.110665812199244,6.891432170284483,7.683584889828063,8.479597780310849,9.270680405783654,10.047175170740521,10.799023333358495,11.51627354822728,12.189603169732205,12.810820429189473,13.373314599705049,13.872421385780653,14.305672218285117,14.672899343972292,14.976174287354942,15.219566359994444,15.408721314532906,15.550278415989336,15.651166349875146,15.717841765351356,15.755553872622976,15.76772792638538,15.764260843321201,15.753865132768723,15.736557393461606,15.712365232790567,15.681327181485626,15.643492575015738,15.598921402518265,15.547684124254573,15.489861458743082,15.425544140837793,15.354832652099429,15.277836924845776,15.194676021267435,15.105477788958819,15.010378494144234,14.909522433780738,14.803061527598457,14.691154891003096,14.573968389618884,14.451674176104152,14.32445020972965,14.192479759081854,14.055950888146107,13.91505592594537,13.76999091986905,13.620955072832157,13.468150164473899,13.311779956756805,13.152049584603516,12.98916493267774,12.845601975206712,12.728637016154726,12.645620474000918,12.600273728326105,12.591656840932432,12.615319884721982,12.665490448512656,12.736722467693033,12.824554189545355,12.925520829272712,13.03692508095316,13.156581977011477,13.282613669099023,13.4133059692907,13.54701766357616,13.682129791303534,13.817023495117507,13.950077451232863,14.079678069067644,14.204237388060559,14.322214951904447,14.432140996120488,14.532639113010397,14.622447204050165,14.700436023914124,14.765624984919391,14.817195144728588,14.854499461129803,14.877070482171638,14.884625663505075,14.880447762967066,14.866082316073872,14.836246651319316,14.782807737803326,14.695670709360058,14.563820945407848,14.376384084683151,14.123592713744868,13.797585106552523,13.392998107272167,12.90734573703232,12.341195102774627,11.69816270076506,10.984759535957531,10.210114883400292,9.385607650949892,8.524432120424516,7.641121730712109,6.751050466649216,5.86992587306662,5.013279706822092,4.1959497261643,3.4315250710566816,2.731690798670757,2.1053449063823515,1.5572813355393762,1.0862542878012025,0.6828027282310257,0.3286961016852297,6.287175393402202e-7,0.47676399457891905,0.988594660371122,1.5677598273194184,2.2359322953286402,3.0004992842937335,3.8561428192665383,4.787618635254935,5.7722202023649265,6.781962552847697,7.7857205762444925,8.751432896043921,9.648346204718676,10.449181509422111,11.132055626872601,11.681981793629765,12.091795163180986,12.362395811890067,12.502268066909169,12.52631521189278,12.454136642412637,12.307960619233123,12.110513824100217,11.883135794620824,11.64440762381799,11.409449592788896,11.189892768145876,10.993991351437215,10.827953117170507,10.695271928284528,10.597566648410439
6.820468587903018e-7,-0.24014996216163328,-0.4661137139642955,-0.6627211966972589,-0.8123225080099968,-0.8916407768393628,-0.8627897441917891,-0.6303709712325496,0.6006092219777712,1.2812668513805736,1.8834110943763263,2.4824855034107087,3.090406987895805,3.7074967733687236,4.330193623999806,4.953296833387799,5.570868635048925,6.176690505747516,6.764537473043935,7.328363744383388,7.862436539014881,8.361433905173074,8.820513955497724,9.235359768063319,9.602203270280256,9.917831484191113,10.1795789388707,10.385310498926355,10.533399106163168,10.622702859994892,10.652545415353375,10.651885827233247,10.649914855245413,10.646655967643737,10.642148573601851,10.636448437440434,10.629628202160381,10.621777969135456,10.61300587012179,10.603438560172807,10.593221556055235,10.582519344655534,10.571515189812468,10.560410574020745,10.549424223363056,10.53879067951334,10.52875840119462,10.519587398370545,10.511546424807543,10.504909777396545,10.499953772544691,10.496952989698569,10.496176388256806,10.497883415423162,10.502320227750438,10.509716147313775,10.520280464122024,10.534199679533936,10.551635261691429,10.572721954518538,10.597566648410435,10.607207001038107,10.579323701925112,10.508443093664013,10.39286166563227,10.23565751021078,10.043503328855696,9.824430352172296,9.586121013198506,9.335186371950492,9.077087074074148,8.816299243021414,8.556513293081746,8.300794193891328,8.051694795856639,7.81133373615379,7.581452104045119,7.36346026644714,7.158482344080604,6.967402124830633,6.790911089007475,6.629556849865382,6.483788788603793,6.353997058756194,6.240541449849854,6.1437677284089585,6.064010795351571,6.001585993223409,5.95677178208165,5.929788388761741,5.920777595252385,5.917278383265061,5.905700522316634,5.882970174305952,5.844484828180353,5.784782679932027,5.6982963230011725,5.580077812960274,5.426411348277267,5.235265380614541,5.006566585208683,4.742299156305916,4.446444665805752,4.124782628159432,3.7845723770687574,3.4341345352052235,3.08234626591112,2.7380598429325422,2.4094518170868726,2.103317130635194,1.8243510388322954,1.5745231932767618,1.352732398673926,1.1549757049065383,0.9751737080887306,0.8065428211202043,0.6431476679725667,0.48118564798840363,0.3195495183783534,0.15902974060967667,6.820468587903018e-7,-0.25128349374550374,-0.4858803536287731,-0.686280302060165,-0.8327224318640112,-0.8997968188916806,-0.8457383465224386,-0.552092720625029,0.7209426117981741,1.3570970972642127,1.9299907427048393,2.492285751556295,3.0532401395456152,3.6183714098934834,4.176463139054051,4.735122095251378,5.291514898206897,5.845614418362494,6.398090114711059,6.9500615185323,7.502820344582643,8.057525690224212,8.61490922328909,9.175024860970115,9.737068301891146,10.299278783834554,10.858899105457818,11.412521000945478,11.955418283092133,12.482778029438192,12.989164932677745
-2.2073351362059502e-7,-0.1357089023308184,-0.2655854433500542,-0.38316134017474407,-0.4805244781754445,-0.546978640272382,-0.5660466492278068,-0.5057039651171067,-0.2437296933586823,0.5655311741019273,0.9676453181181326,1.3581295255780588,1.7592454336424836,2.1749115117049596,2.604011907303672,3.0432561555708295,3.488185667415255,3.9336640560565512,4.374183333602533,4.804089401693843,5.217762856269852,5.60976805936465,5.974975089038285,6.308656437468117,6.606559906608991,6.86495969099462,7.080688485510906,7.251154251996463,7.37434580513626,7.44883150827575,7.473755049309709,7.4723565915920505,7.468173791251822,7.4612441435778925,7.451629399394721,7.439414461952811,7.42470586066592,7.407629820545553,7.388329952568688,7.366964597205391,7.34370386090367,7.318726393367178,7.292215961759944,7.264357886222899,7.235335408891574,7.205326075485139,7.17449821396487,7.143007598185545,7.110994385365744,7.078580414131794,7.045866944522068,7.012932912519534,6.979833759460617,6.946600881323214,6.913241724923507,6.87974053814534,6.84605976033965,6.812142017906873,6.777912669780695,6.743282828981172,6.708152770402323,6.670441162796182,6.628628085592245,6.583394052015575,6.535351614020365,6.485057319302231,6.4330267518356425,6.3797508963679945,6.325711945537555,6.271396700870252,6.21730590719498,6.163958198352823,6.111887808200058,6.061635793141717,6.013735184980359,5.96869119197532,5.92695821997497,5.888916010407352,5.854847503499154,5.8249210649816945,5.799179427686286,5.777537107589285,5.759787220053116,5.745617652604421,5.734635575801716,5.726398421482017,5.720448828703685,5.716350709406195,5.713723528464839,5.712272097570585,5.711809596404276,5.703174456960707,5.677012348403794,5.632598544764439,5.568869374346192,5.484615729922959,5.378713272024653,5.250358316572302,5.099279933225784,4.925903895999109,4.731451562986991,4.517966812734607,4.288283416152555,4.04599981840503,3.795623663110834,3.5427393474654427,3.2931815629975008,3.0515286419764,2.820326704281598,2.599897130480649,2.3884215141877547,2.182326947070099,1.9769551754572745,1.7673901953122004,1.5492709921594225,1.319443228599905,1.0763743923115585,0.8203238139599182,0.5532718799567979,0.27853472320057776,2.636199917455304e-7,0.4611108557880445,0.9465672153875875,1.476889951541261,2.066048744493782,2.7202642078007115,3.438049306442729,4.210965021445383,5.024709618449637,5.860372306246101,6.6958061795225605,7.507107233454015,8.270168996137812,8.962252141819933,9.563484317551326,10.058194119925032,10.435984998094183,10.692467108004154,10.829583846813067,10.855490925222453,10.783966499830814,10.633351026917683,10.425039910238114,10.181591399336908,9.92457991936202,9.67242534763566,9.438537520700637,9.230169586564164,9.04825636704485,8.888526611200906,8.743124514643789
2.636199917455304e-7,-0.1357089023303566,-0.2655854433498518,-0.38316134017458875,-0.4805244781752741,-0.5469786402722233,-0.566046649227656,-0.5057039651168895,-0.2437296933581807,0.5655311741021175,0.9676453181182552,1.3581295255781503,1.7592454336425551,2.1749115117050404,2.604011907303741,3.0432561555708824,3.4881856674153093,3.9336640560566076,4.374183333602587,4.804089401693895,5.2177628562698946,5.609768059364696,5.97497508903833,6.30865643746816,6.606559906609032,6.864959690994661,7.0806884855109455,7.251154251996504,7.374345805136296,7.448831508275791,7.473755049309749,7.476579776014797,7.485017015234973,7.498956958728507,7.518219928874182,7.54256122783977,7.571677629441561,7.605215245353281,7.642778457336485,7.683939588161965,7.728248984765715,7.775245205023374,7.824465030249158,7.875453064550052,7.92777072503721,7.981004469740164,8.03477314987572,8.088734407849376,8.142590070907376,8.196090512412425,8.249037968626565,8.301288809451577,8.352754767895277,8.403403136361044,8.453255939513278,8.50238809474704,8.550924573394472,8.59903657979207,8.646936772044565,8.694873558222715,8.74312451464378,8.77039735612743,8.74860073273474,8.675160479607955,8.558963000382894,8.413579228218666,8.250346987762722,8.076899659047262,7.898176156264335,7.717536221388921,7.537477602301742,7.360032889964053,7.186971171124409,7.019887248779961,6.860226600759283,6.7092746795663745,6.568128941831585,6.437666504919614,6.318516901691886,6.2110466666164825,6.1153598292933555,6.031315689580265,5.9585626769397875,5.89658497028259,5.844757172721811,5.80240185702119,5.768845179569297,5.743466776242606,5.725741467773226,5.715271573332481,5.7118095964042634,5.704740530068477,5.683026462659259,5.645233707448537,5.58924730139067,5.512633656008621,5.413063042329492,5.288731476298265,5.138728702943938,4.963311654211959,4.764055958696909,4.543867050095551,4.306828666783255,4.057824457053879,3.801785209800479,3.542739347465463,3.2837394516989953,3.027442714095801,2.776067968845802,2.5310402087439376,2.2927810933351993,2.060702909861721,1.833380088388963,1.6088579361771156,1.3850400240667524,1.160083565535263,0.9327319740757232,0.7025163422744994,0.4697512212935621,0.23526963085625738,3.051510782687743e-7,0.3895224536560716,0.7682174462833459,1.1268956331601334,1.459438924483008,1.763776767245352,2.0421657173472805,2.3005891383637964,2.5472500462013286,2.790424179771352,3.036271597185902,3.2873390207444504,3.5422473430895183,3.796560488094676,4.044397476361418,4.2801993613978055,4.500162939991597,4.703050076011471,4.890269099492588,5.065281121521852,5.232520053182017,5.396137935732498,5.558917830450646,5.721684328239608,5.883338083141727,6.0414534542943565,6.193192559245729,6.3362238608714705,6.469377071589174,6.592879827376208,6.708152770402328
3.051510782687743e-7,0.5917884215535083,1.1854350748472564,1.7828971835105127,2.3862648511448934,2.997680114719871,3.619119387442911,4.252052340215353,4.897023849383406,5.55322934640685,6.218161572426288,6.887397154754287,7.55456870417073,8.211539634833876,8.84877196231924,9.455856726656602,10.022163911682545,10.537562753487213,10.993161908444684,11.38201973458095,11.699776043382066,11.945156864658802,12.120302527175152,12.230867177293693,12.285836817051667,12.297017565908634,12.278163582297775,12.243753987457822,12.207495965321781,12.180720504400663,12.170921141426689,12.168054650024446,12.159462967888949,12.145169392621732,12.125212492507924,12.099645718392459,12.068536867167072,12.031967403628059,11.99003164925385,11.942835848140193,11.890497121898834,11.833142326758612,11.770906827390034,11.703933203094635,11.632369902945644,11.556369867227225,11.476089133084676,11.391685442658453,11.303316872118303,11.211140499934029,11.115311132402075,11.015980103886887,10.913294168425095,10.807394498272433,10.698415803653857,10.586485586409664,10.471723538445255,10.354241093935052,10.234141142216592,10.111517906483215,9.986456992363243,9.878473476640613,9.814647762261897,9.79913765487843,9.824723666714922,9.87957903747888,9.954168131839328,10.042685390487677,10.14200117212278,10.250492948506688,10.367268554189963,10.491707422209302,10.623198431867062,10.760995212948874,10.904144017889347,11.051458512185299,11.201525747417717,11.352732741842907,11.503306026179239,11.651358447427073,11.79493899956705,11.932082663390972,12.060858234785186,12.179412898548218,12.286012860364403,12.379079698779307,12.457222278107752,12.519264121416127,12.564266132422832,12.591544522696752,12.60068377989323,12.599171101205206,12.592692143391789,12.575677722910548,12.539640813456836,12.474210130141401,12.368312468196137,12.21133558569245,11.994142457463278,11.709858815917528,11.354402469065082,10.926756975356236,10.429013112427892,9.866212162116815,9.246029062552527,8.578333898327948,7.874668805042804,7.147674970118013,6.410501182355512,5.676221116903418,4.9572808701758495,4.264990788022793,3.6090661249138383,2.9972098332044457,2.434719541641474,1.9240947144367941,1.4646317168762626,1.0520500430040345,0.6783288515662889,0.3321214617230329,-2.2073351362059502e-7,-0.1377077905594683,-0.26984973821665914,-0.3905260511974037,-0.49297976660644416,-0.5686467263767921,-0.605202269760839,-0.581409310246822,-0.44527494265314416,0.3161374426871058,0.7806137175340302,1.1778012479856967,1.5789759747329273,1.9966371513148242,2.4337849127753413,2.8900708585144126,3.3635049929768055,3.8511500652554957,4.349509448316929,4.854806779461656,5.363218714788293,5.871066312023575,6.374976439737911,6.871980480226058,7.359560128660412,7.835627281799627,8.29844289932195,8.746483374556554,9.178308497267983,9.592245182472169,9.986456992363236
6.278872252307182e-8,0.34545052743448995,0.6822924536043457,1.0026204725667047,1.2999178519657866,1.5697009303886178,1.8100883846205538,2.022238511770887,2.210562527623603,2.382580334771437,2.548265671369242,2.7187862998332455,2.904734787845828,3.1142290810303868,3.351452978117445,3.6160968833322773,3.903774316489471,4.207111736203897,4.517077614346987,4.82421685309156,5.119628632225997,5.395652413451031,5.646284669858323,5.867362305053633,6.05654534040236,6.213127481162548,6.337704847530283,6.431741039257392,6.49707833874261,6.535455935145853,6.548101329988471,6.542939176060099,6.52744970947283,6.501623713037211,6.465445140886261,6.418890064218356,6.361925136110197,6.294505510349062,6.216572121498787,6.128048197196413,6.028834824909572,5.9188053280362505,5.797798111109476,5.6656074966239425,5.52197187363293,5.3665581729477685,5.198941211475616,5.018575697020881,4.824757451890811,4.616568315757613,4.3927954665705675,4.151808963642169,3.891367613113835,3.6082941591878033,3.297893205314449,2.9528087432775494,2.560477378886097,2.0962347627284705,1.4968669128681118,0.3196389761795049,-1.4193052654063296,-2.0200640422114553,-2.44364320914553,-2.7533129696453376,-2.973644552641879,-3.117291350974877,-3.191735549210104,-3.201718152633276,-3.150196985667892,-3.0385875927029673,-2.866453447539194,-2.6304586211581396,-2.3217530228803294,-1.9186192856460622,-1.3569253048236583,0.28476388728850766,1.4287753932739977,1.9998022428752844,2.432767241116741,2.7869423359393366,3.085098325625819,3.33879380309203,3.554887315005981,3.7379103895930403,3.8911076917777665,4.016941914286568,4.117348349194212,4.193859491023026,4.2476585855024975,4.279595187296907,4.290183291213879,4.28111809354186,4.253535382270623,4.206334168789564,4.137870725014,4.046213103932788,3.929440807699948,3.785948528148459,3.614716937349602,3.415521661790746,3.1890607051476563,2.936987998869009,2.6618440712956826,2.366870592525198,2.0556752185364844,1.7316494096608892,1.3968303998632836,1.049023913124576,0.6704380668158979,-0.10943429340552943,-0.5522262236059056,-0.6767304063793614,-0.7094447854642784,-0.6881155917239047,-0.6310768046314476,-0.5499631307934062,-0.4529631381475515,-0.3459717783893772,-0.2331298194721204,-0.11720716980596114,2.6142206828107974e-7,-0.3724946969517988,-0.7445731960015243,-1.1157960912351832,-1.4856723460989814,-1.8536216329717212,-2.2189255695056933,-2.5806686964139933,-2.9376727729625878,-3.2884301729101484,-3.6310433959752757,-3.963177713782708,-4.282032736652244,-4.584336444877835,-4.8663623636346625,-5.123967515489437,-5.352645938564448,-5.547590136401922,-5.703750829181106,-5.815883523981574,-5.878568050869462,-5.8861830408790325,-5.8328088658863075,-5.712014628230903,-5.516445428800406,-5.237034643055986,-4.8614325882858385,-4.370559540000918,-3.729727718851342,-2.8582575511273536,-1.4193052654063034
1.0104685853355376e-7,-0.3512532588560159,-0.7024436558728439,-1.0533340385269183,-1.4033590699671532,-1.751508955506396,-2.0962624705772344,-2.4355743618719723,-2.7669158528054614,-3.0873619041893536,-3.3937155359916273,-3.6826579080738013,-3.9509126822054426,-4.195414017301708,-4.413468968749111,-4.602906731219663,-4.762208829735876,-4.890615840609634,-4.988207366675276,-5.055952673161716,-5.095729499749506,-5.1103080276380854,-5.103295826966909,-5.079038086348253,-5.042466157973621,-4.998887593709113,-4.953714070158474,-4.9121316468141885,-4.878731378652164,-4.8571354856892786,-4.849669452285796,-4.846174011895721,-4.835683023920507,-4.818182437674616,-4.793648664123895,-4.762048305912086,-4.723337751892004,-4.677462605663768,-4.624356904324021,-4.563942066284681,-4.496125483908925,-4.420798645384708,-4.337834627099502,-4.24708473731279,-4.148374005616811,-4.041495086924335,-3.9261999612547194,-3.8021885239387916,-3.669092710043109,-3.526454065167005,-3.373691444499883,-3.2100533676968555,-3.0345456024885165,-2.8458168734779825,-2.6419696497310077,-2.4202269563340293,-2.1762955867422074,-1.9030029003474562,-1.5868429675948972,-1.1963445254303615,-0.6048400020889239,0.8246228512987167,1.308241077205972,1.651832074847804,1.9314520204127361,2.1716678270519263,2.3840523963112137,2.5750775002600035,2.7487462609379065,2.9077106044583285,3.0538226692554593,3.188436106511651,3.312582566076649,3.42707973602885,3.532598959166459,3.6297076159215638,3.7188951932481107,3.800588686678981,3.87516115640778,3.942936154373019,4.004190002951396,4.059153358446755,4.108013045731935,4.1509147644559565,4.18796692928783,4.2192456180173235,4.2448003693711485,4.264660405308522,4.27884075585227,4.287347739155025,4.2901832912138715,4.281118093541853,4.253535382270614,4.206334168789557,4.13787072501399,4.046213103932779,3.9294408076999403,3.7859485281484515,3.6147169373495918,3.4155216617907347,3.189060705147644,2.9369879988689953,2.6618440712956652,2.366870592525182,2.055675218536463,1.7316494096608654,1.396830399863252,1.0490239131245398,0.6704380668158471,-0.10943429340584682,-0.5522262236059666,-0.6767304063794066,-0.7094447854643163,-0.6881155917239408,-0.6310768046314876,-0.5499631307934448,-0.45296313814760253,-0.34597177838943827,-0.23312981947220515,-0.11720716980613596,1.0104685853355376e-7,0.17826776771342423,0.3460248811113824,0.49492574644607473,0.6209226414653356,0.7261957981235095,0.820293320573294,0.919172463577887,1.040736989567453,1.1978809684995706,1.3935702658859206,1.6212445946318725,1.8687368953995886,2.122311873050882,2.3693804067138555,2.5999661563907903,2.807275367638265,2.987581351751391,3.1395402509585284,3.263069976197953,3.3580014135140437,3.422780966687824,3.4534983731732267,3.443395548061401,3.3827963908646344,3.2591268642316016,3.0563362123017255,2.7522092205748683,2.308788126468476,1.6296515237240683,-0.6048400020889247
2.6142206828107974e-7,-0.3512532588559149,-0.7024436558727974,-1.0533340385268735,-1.403359069967131,-1.7515089555063663,-2.0962624705772077,-2.4355743618719408,-2.76691585280543,-3.087361904189327,-3.393715535991595,-3.6826579080737663,-3.950912682205411,-4.195414017301665,-4.413468968749063,-4.60290673121962,-4.76220882973583,-4.890615840609587,-4.988207366675227,-5.05595267316167,-5.095729499749448,-5.1103080276380295,-5.103295826966847,-5.079038086348197,-5.042466157973559,-4.998887593709045,-4.953714070158404,-4.912131646814112,-4.878731378652095,-4.857135485689205,-4.84966945228572,-4.84268200474377,-4.821705182900285,-4.786694256483999,-4.73757027260549,-4.674213109090917,-4.596451005286662,-4.504045676479855,-4.396671603955573,-4.273887287541695,-4.135094928843268,-3.9794827589790343,-3.8059401893698612,-3.612928352943602,-3.398273327326521,-3.1588162536287534,-2.8897757346911574,-2.583464859714567,-2.2263196336805438,-1.790316826812887,-1.1950494678739754,0.6060715199021857,1.474427247923138,1.9961743862103847,2.406849566813335,2.755377992259337,3.0620345414247145,3.3374863313204988,3.5881297238762286,3.8181343765824964,4.0303801657553295,4.24287229763936,4.464501379922039,4.68957722721468,4.916424599407813,5.145051990723903,5.376108912938038,5.61036875206339,5.8484406223674394,6.090594847833119,6.336658472861133,6.585966087012328,6.837361468229894,7.089246511358796,7.339670236336073,7.586445653491675,7.827278576460275,8.059891802186533,8.282130711179455,8.492041308196965,8.687917448071081,8.868319037479193,9.032066516080166,9.17821867393137,9.306041071257374,9.414971416433028,9.504586699210945,9.574575097933224,9.62471402860572,9.654854423928516,9.664910551793715,9.613857217532978,9.461045998951862,9.20752556115038,8.855042942115793,8.406011210535935,7.863394002528938,7.230410813140226,6.509872030416339,5.702706265671203,4.804476621111147,3.7956647897527387,2.6037116689228585,0.6417515587210079,-2.137784788881612,-2.8520323854167193,-3.2152889644560556,-3.3645886808405856,-3.3589486744209873,-3.235123438552503,-3.0212131238881623,-2.741277243178676,-2.4170280083855946,-2.068305557919197,-1.7129312304813245,-1.3661701556737733,-1.0398945701201574,-0.7415106048472466,-0.47281012148377705,-0.22918608441922608,6.278872252307182e-8,-0.15952522339754185,-0.3447083975430641,-0.5687977470918041,-0.8298193529836408,-1.1140747079951026,-1.4002018611300848,-1.6620128756371393,-1.8700876423870496,-1.9919494632229775,-1.9895466918906164,-1.8087921067328134,-1.3293266266022143,0.7828312125495823,1.9564205952322757,2.7822765245886694,3.4840037124465244,4.092961940269706,4.614747369185364,5.048909591935624,5.394093861868061,5.649644833305711,5.8159791950237665,5.894434320804734,5.886864887096636,5.795098474742742,5.62027699083339,5.362038884744437,5.017384955264464,4.5788005854821625,4.030380165755322
-6.645034628187051e-7,-0.244960309773376,-0.4804730082380143,-0.696738864997087,-0.8831468578548416,-1.0275236266463237,-1.114670302983463,-1.1229393870893067,-1.01386160580692,-0.6782676014541021,0.7216496748912784,1.4081153841286607,1.994900675956659,2.5585637577094347,3.1137796502217316,3.6628595565290945,4.203882254332717,4.7331511288593475,5.24619504021794,5.738266992823508,6.204631262874594,6.640745077735695,7.042378833917969,7.405695296665234,7.727298720921471,8.004260974481285,8.234130261685047,8.414927517538445,8.5451352868347,8.62368357718533,8.649936614060556,8.651969689191343,8.65804308981911,8.668080050565397,8.681954965389762,8.6994967999666,8.720493691174635,8.744698569602644,8.771835612087763,8.801607313322139,8.833701958516677,8.867801282138727,8.903588109303264,8.940753794514864,8.979005294962146,9.018071740339835,9.057710386314463,9.097711862704777,9.137904649066511,9.178158728919398,9.218388388992597,9.258554141597923,9.298663756861272,9.338772397568876,9.378981853503248,9.419438875148927,9.46033260939398,9.501891143187335,9.54437716580196,9.58808276696883,9.63332339684512,9.65860578359136,9.628377751627099,9.539503749416536,9.397370063538762,9.212654586146469,8.996486905308275,8.757959647449413,8.5039024617772,8.239499218755366,7.968948368216916,7.695945291202984,7.423982825297405,7.15651034572389,6.896986851537584,6.648852075071466,6.41543217939692,6.1997945642199355,6.0045689637174995,5.83175780959554,5.6825651287626755,5.557276468210588,5.455218996198757,5.374819482487744,5.313760294112307,5.26921516667756,5.238133738426665,5.21754136458843,5.204828190042996,5.198003282439849,5.19585986878489,5.184037685172712,5.1485566605121535,5.089413890513788,5.0067331666681625,4.900936481990881,4.772944638900114,4.624374143429668,4.457695216150772,4.276315547850087,4.084555402508938,3.8874819926282247,3.6905773348993773,3.4992300154657356,3.3180755804829243,3.1502666486157307,2.9968204078926837,2.8562317342507115,2.724508704049409,2.595670199886377,2.4625934696933323,2.3179987855949857,2.155357271483246,1.9695831493867308,1.7574630937472349,1.5178381192662413,1.2515675915905777,0.9610771896473483,0.6537716870814618,0.3301272367506327,-6.645034628187051e-7,0.47268809998664235,0.9223717576896951,1.3345689780099523,1.6928674067551235,1.9905955671143352,2.2285124503134286,2.415343504061833,2.5665402727861912,2.7012659032778203,2.837843940224877,2.9889514218223354,3.1586654098770977,3.3429389714227575,3.5336392276931465,3.73325784700139,3.862344787880581,4.02647821765046,4.173871838316314,4.31790695397463,4.469316597429172,4.6370578995501885,4.826298703393129,5.037457474406679,5.26683574868254,5.508443822004838,5.756177858499447,6.005556424715961,6.254556936130886,6.503455196494347,6.753846223301697
-6.07920818071218e-7,-0.2449603097731157,-0.4804730082380875,-0.6967388649971525,-0.8831468578549105,-1.0275236266464072,-1.1146703029835558,-1.1229393870894238,-1.0138616058070944,-0.6782676014543322,0.7216496748910365,1.4081153841285026,1.9949006759565229,2.558563757709331,3.1137796502216455,3.6628595565290123,4.203882254332634,4.733151128859273,5.2461950402178665,5.7382669928234415,6.204631262874529,6.640745077735634,7.042378833917909,7.405695296665182,7.727298720921411,8.004260974481225,8.234130261684994,8.414927517538393,8.545135286834645,8.623683577185274,8.64993661406051,8.64671151935964,8.637056709738648,8.621033425275211,8.598743119983347,8.570326537350773,8.535962406097758,8.495865747525778,8.450285785290648,8.399503449321372,8.343828468191694,8.283596048773871,8.219163148652012,8.150904355658579,8.079207400030123,8.004468337941097,7.927086460284568,7.847458997059961,7.76597570492699,7.6830134425052306,7.598930853760655,7.514063293087386,7.428718135148093,7.343170616878236,7.257660357135346,7.172388690410134,7.087516934359714,7.003165686746969,6.919415216340004,6.836306975696525,6.753846223301699,6.658714940235279,6.561221686019854,6.462932174696332,6.365271047276257,6.269489846243485,6.176643214721664,6.087574805098691,6.002913724086119,5.9230815370806145,5.8483089944014965,5.778660837701397,5.714066409206368,5.65435340865637,5.5992820696970265,5.548577254689817,5.501956442481161,5.459152221696717,5.4199286021991755,5.384091124211286,5.3514913036666005,5.322026358268939,5.295635396223456,5.2722933251209225,5.252003654894235,5.234791048853188,5.2206935453287455,5.209751849507561,5.201989138312509,5.197381666553618,5.195859868784859,5.18830666176811,5.165174150202016,5.125136421783983,5.066276342534764,4.986471522314419,4.88384272752518,4.757199748467762,4.606427124119003,4.432764711091407,4.238950508825469,4.029201983605518,3.8090166520279607,3.5847755161336217,3.3631410628052096,3.1502666486157076,2.950888490761148,2.7674542787344345,2.599519352017007,2.443643826068181,2.293899115969436,2.142877761429095,1.9829240861022575,1.8072714207033689,1.610873006104694,1.3908506113140746,1.146561827168913,0.8791883458661969,0.5901043818190951,0.2885351974292367,-6.07920818071218e-7,-0.246476388435775,-0.482758897238561,-0.6984515249191939,-0.8826186756790567,-1.0231297522112093,-1.1052838589374918,-1.1085024956870866,-0.9962151954890113,-0.6632180726381259,0.7042708529104488,1.3692190708306613,1.9360080830678814,2.481779736457079,3.022827756182958,3.5525108126638516,4.145336184636175,4.694355987278319,5.254697581625106,5.820051088690189,6.388115672633157,6.956827953046166,7.523977706925685,8.087148221748013,8.643722219482152,9.190904860265244,9.725743715515947,10.245450174440265,10.746134085413143,11.225150038067374,11.678971098227985
-5.429792720773267e-7,0.6037133662364234,1.2081452428619373,1.8146798798498898,2.425859987449846,3.0455596930875903,3.678747102514406,4.330831557134624,5.006692424607845,5.709574559774348,6.440076621942907,7.195434767108711,7.96922774834799,8.75153410943583,9.529492496792148,10.28816994521421,11.011629022908634,11.684091206729647,12.291108253636466,12.820667220603479,13.264164260270318,13.61718643199895,13.8800400630158,14.057960249378187,14.160932153649204,14.203057198102986,14.201416813434633,14.17443716220193,14.13985105139582,14.112482049644003,14.102203233426073,14.099212085754742,14.090243457148901,14.075311756173537,14.054440882078525,14.027664054028715,13.995023575534121,13.956570537524614,13.91236446440635,13.862472908264351,13.806970997121443,13.745940943816102,13.679471522609562,13.607657521061649,13.530599175020049,13.44840159473467,13.3611741901361,13.269030103195476,13.172085655012586,13.070459814858804,12.964273697836221,12.853650097111837,12.738713055860371,12.619587483121238,12.49639881677267,12.36927273579101,12.238334922952692,12.103710878238322,11.965525782560556,11.823904411319496,11.67897109822799,11.553215291682196,11.472381117404243,11.439922914350966,11.450897529227177,11.495284152089534,11.562903853264855,11.645971374677693,11.739362120566014,11.840009301901572,11.946228180498844,12.057186834707236,12.17252674542114,12.292093329220945,12.415742427611908,12.543201391643422,12.673972854527582,12.80727475750603,12.942012734987722,13.076781679614163,13.209893045717326,13.339423808437202,13.463282365594539,13.579286270527042,13.68524660280896,13.779054010611828,13.858761926964082,13.922663083357397,13.969356132398786,13.997799879733611,14.007353272494496,14.011061840402437,14.019771805578197,14.026538974295336,14.02073715096682,13.989283135709083,13.918028900562764,13.793122820544472,13.602194385754158,13.335280884531667,12.98546953585226,12.549265909990423,12.026719865527093,11.421348421674509,10.739896076794377,9.99197080623847,9.189590446023079,8.346670288174963,7.478478620636556,6.601082369917927,5.730799427197364,4.883666866289285,4.074923835333547,3.3184923574839336,2.6264156508922802,2.008180766286077,1.4698338007424838,1.0131167068249236,0.6310913954314779,0.3094281339143748,-5.429792720773267e-7,0.45665227586350476,0.9525383958404545,1.5137837532236502,2.162007788494767,2.90373593707266,3.7350453330656004,4.642928554979375,5.60702163567032,6.60132804638665,7.596024813557979,8.559411853571184,9.459982248498486,10.268519521528367,10.960085098992662,11.515744959372396,11.92389372836811,12.181060610351937,12.292117841398493,12.269852747190491,12.133904787462034,11.909108678778654,11.623328966431162,11.304930895959476,10.980116800236074,10.670459498209333,10.391045587713107,10.149303118955812,9.946606446847712,9.7773676441874,9.633323396845116
-4.4510098905254984e-7,0.36954102392203875,0.7481891029134063,1.1443622758459582,1.5651899837807834,2.0160633270247907,2.500354452586145,3.019291221299477,3.571958037959492,4.155394063414534,4.7647679244744285,5.3936163277208555,6.034139043873848,6.677543970103155,7.314434337929754,7.935226906363149,8.530586239266473,9.091856628720064,9.611470305899857,10.08330850694658,10.502990901132573,10.868069061279302,11.17810143055037,11.434591200249047,11.640775449567679,11.801264639335413,11.921546567150722,12.00738764758073,12.064184629348695,12.096337293373864,12.106721541218196,12.10226452080083,12.088905852709452,12.066682652236992,12.0356565646343,11.995913446129341,11.947562920097276,11.890737811107225,11.825593460326205,11.752306926496805,11.671076077420752,11.582118577569783,11.485670778107401,11.381986516234916,11.271335831370097,11.154003606224705,11.030288141362448,10.900499672290506,10.76495883856027,10.623995114723364,10.477945213303036,10.327151470194158,10.171960223093825,10.012720193685604,9.849780884354564,9.68349100020283,9.514196907093234,9.3422411364407,9.167960947705753,8.991686960655137,8.813741873678813,8.667810802939407,8.612765525514062,8.646878580424962,8.736980370386059,8.858132630753957,8.998476845328913,9.15265548182902,9.317993628529326,9.492876151469225,9.67606041483824,9.866373591012787,10.062578351162372,10.263317714972708,10.467098959380126,10.672297116803605,10.877168272992222,11.079867938906888,11.278472578603637,11.47100386080734,11.655455811213173,11.829825068477293,11.992144132409376,12.14051704388309,12.273156508160653,12.388421162603272,12.484851534847223,12.561203233403317,12.616476028512663,12.649937677389522,12.661141588459824,12.636147375415245,12.56135076140985,12.43729595214508,12.264846306895837,12.0451275293012,11.779464169231701,11.469322586329637,11.116273538040048,10.721985417465492,10.288255103493482,9.817077945141826,9.310752378585429,8.772008968354802,8.204149101702107,7.611175739590831,6.99789778818124,6.369990676876149,5.733998157021298,5.097263462894089,4.467780929125197,3.853960950931395,3.264300761584816,2.706949957266225,2.189152893554693,1.7165427971465153,1.292265547710147,0.9159523069620442,0.5826871517548181,0.28235643459750187,-3.92873727913058e-7,-0.22637839214432592,-0.4453634366828011,-0.6497445488118987,-0.832629881019586,-0.987494011627009,-1.1080904035155534,-1.188148087677103,-1.2206782274578225,-1.196442780978725,-1.1001573625275547,-0.8980118912881073,-0.4509027196304189,0.783413902613761,1.2885030190113143,1.7189291601401826,2.126143015383015,2.527218211778096,2.9308028210649555,3.342336972689176,3.765652740675293,4.203546726454357,4.657980167078112,5.130094817754936,5.620147229952692,6.127398912202513,6.649999798709246,7.1848901254609085,7.727741077405989,8.272961065444102,8.813741873678811
-3.92873727913058e-7,-0.21200681208944505,-0.4191978963281165,-0.6165518522635144,-0.7986207001882804,-0.9592677058035433,-1.0913096144256857,-1.185941420429572,-1.2316446350589925,-1.211726986872208,-1.0973872109574145,-0.8182658474803071,0.43228821511695026,1.1866795022431171,1.739577615607666,2.2488998341082143,2.738964609909164,3.2155009675500437,3.6783497868373427,4.124908384813443,4.551454090211819,4.9537797078549675,5.327552289503235,5.668540750132576,5.972771778897449,6.236641328151939,6.456995705154968,6.631190410995718,6.757132062320768,6.833307220966572,6.858800965756953,6.860013015880866,6.863648091488642,6.86970282668039,6.878171149301005,6.889043620893965,6.902306577622462,6.917941132835423,6.935922113376376,6.956217009133203,6.978785018255293,7.003576268718409,7.030531290548604,7.059580802339409,7.090645861265272,7.123638408370722,7.158462221412017,7.1950142669528,7.233186422794779,7.272867522146315,7.3139456530849305,7.35631063160126,7.3998565544076484,7.444484329161148,7.490104075032721,7.536637285739851,7.584018650199809,7.632197432664777,7.681138324167039,7.730821689441335,7.781243145657009,7.7986450989952,7.729307458886315,7.57871428428881,7.383451592301757,7.1714176423378735,6.956870286134042,6.746920754586681,6.545292616922184,6.353915503703573,6.173616198891318,6.004458473602068,5.845946084493084,5.697174437342268,5.556965733805856,5.424000672183833,5.2969494444244125,5.17459949635059,5.055974857725502,4.940440747852763,4.827787026468329,4.718284445202734,4.612708228941863,4.512324139442203,4.418833007979789,4.334271285269034,4.2608682220612595,4.200865574220511,4.156313277320566,4.128863081936271,4.119588816202212,4.108836250835317,4.076583933718005,4.0228573502069045,3.9477290051002,3.8513596589952006,3.7340489706608184,3.5962895771856616,3.4388182915324856,3.262658397302209,3.0691478254380864,2.85994908535956,2.6370379107874196,2.402668296820246,2.1593113672427138,1.9095621583597446,1.656008983916321,1.401012577109438,1.1463365489945296,0.8922951606540311,0.6351729655894097,0.3537489575381366,-0.23110674575904785,-0.38682997258217383,-0.42713682752905,-0.41345289754972336,-0.3650809455102616,-0.2926928522728937,-0.20379047842683662,-0.10443640233430089,-4.4510098905254984e-7,-0.1036084140346743,-0.20013199977131305,-0.28136858560282063,-0.3364247665115234,-0.3481702858479027,-0.27831592386761494,0.21611055932555095,0.5285255880921624,0.8026032948383256,1.0757180757073486,1.350772714464376,1.6258220396543501,1.898333493569202,2.166678317327876,2.4307732584816075,2.6921684641156243,2.953628996989264,3.2182842029541545,3.48853307302614,3.7650005327186404,4.045864508321923,4.326760267863129,4.601319259154218,4.862192558552497,5.102338026725817,5.31631588095986,5.501365949791364,5.658072768974693,5.790457512888245,5.9053866635066035
2.949137885131407e-7,-0.21200681208883318,-0.41919789632781357,-0.6165518522633195,-0.7986207001881522,-0.9592677058034053,-1.0913096144255703,-1.1859414204294727,-1.2316446350588819,-1.2117269868720977,-1.0973872109573124,-0.8182658474801648,0.43228821511729126,1.1866795022432206,1.7395776156077363,2.248899834108283,2.738964609909207,3.2155009675500987,3.678349786837377,4.124908384813478,4.551454090211844,4.953779707854997,5.327552289503258,5.668540750132597,5.972771778897467,6.236641328151964,6.456995705154991,6.631190410995739,6.757132062320791,6.833307220966592,6.858800965756975,6.856605012788023,6.850045086016216,6.839204441806555,6.824220045583208,6.8052798967670105,6.7826193205001495,6.756516266117347,6.7272856680058775,6.695272942959704,6.660846719484154,6.6243909185170065,6.586296331049041,6.546951865030112,6.506735660120836,6.466006292230716,6.425094307966504,6.384294339560412,6.343858051151345,6.303988155519808,6.264833715402695,6.2264869053103915,6.188981359593151,6.152292172902126,6.116337553832249,6.080982065841093,6.046041326196159,6.011287978114378,5.976458707028018,5.94126204147282,5.905386663506606,5.864865666290399,5.818565420581922,5.766974793275772,5.710549249544404,5.649717021762366,5.584886637805549,5.516455317000408,5.44481775045684,5.37037480291149,5.293541705058925,5.21475535310126,5.134480397794512,5.053213879679155,4.9714882308671084,4.8898725008070665,4.808971680109752,4.729424021452221,4.651896315596788,4.577077170971937,4.505668439303405,4.438375001511453,4.375893173274238,4.3188980230269545,4.268029935159235,4.223880807768538,4.186980345227498,4.157782978339165,4.136655999974738,4.123869521299083,4.1195888162022385,4.108208798653896,4.07416306490922,4.017732323293273,3.939377218153404,3.8397285037855022,3.7195750929542903,3.5798514416036387,3.4216256827901015,3.2460895637218736,3.054550532866893,2.8484252242567965,2.629231989730128,2.39857775060195,2.158130498165594,1.909562158359787,1.6544213907517675,1.3938772816433784,1.1280760074555969,0.8543404047109506,0.5599113541140548,0.12940068358444692,-0.4145620682720602,-0.5177021242541273,-0.5391055774059179,-0.5104833560364603,-0.4463792496842348,-0.35624878911837654,-0.24752560085925202,-0.1267380292429909,2.949137885131407e-7,0.3621745238978397,0.751496690381415,1.18942924513071,1.6885452826608547,2.252192730144241,2.875836759128075,3.5488711210204134,4.2563153664394635,4.98027619144004,5.701226750622057,6.399177866738147,7.054784333136475,7.65039288229806,8.171009057477496,8.605140132747762,8.945459554115969,9.189234115359046,9.338457745984373,9.399645728103355,9.383261919244427,9.302781999241194,9.173441156967789,9.010775624979106,8.829136466395193,8.640409678874848,8.453185498754268,8.272551996458368,8.100544214857985,7.937094594374627,7.781243145657005
1.37137444049298e-7,-0.27416954454015796,-0.5408512910882295,-0.7923515507389258,-1.0205322980530493,-1.2164901436366178,-1.3700546015856483,-1.4688843914772463,-1.4965888802512919,-1.4280734445872325,-1.214305276532426,-0.6858344103277434,1.0177891278043703,1.7579196042553518,2.391233265303121,2.9866920311510725,3.559889560360443,4.113980057266952,4.647657987496501,5.157746257208417,5.640290736159738,6.0911105785349005,6.506108052700914,6.881453768457467,7.213698144726272,7.499834780774089,7.737330945809579,7.92413582909965,8.058674980497534,8.13983799123553,8.166965222711573,8.164452816897468,8.156937344246682,8.144483808588282,8.127199777247638,8.105234209167637,8.078775789023322,8.048050745172958,8.01332012734124,7.97487652118568,7.933040181941636,7.888154578655068,7.840581354409611,7.790694726528801,7.738875373783233,7.685503884587881,7.630953870045312,7.575584877017428,7.51973526727876,7.463715256903892,7.407800332789976,7.3522252779689214,7.29717904167924,7.2428006821073945,7.189176588141547,7.136339151326677,7.0842670115805175,7.032886942425416,6.98207737682638,6.931673507216226,6.881473827216724,6.828805691513782,6.771557307706467,6.710243923327365,6.645257866637492,6.576892305629059,6.50537292325912,6.430894757953094,6.353660992016826,6.273920288518024,6.191999380389977,6.108327976931001,6.02345363001809,5.938044949795761,5.852882437350749,5.768837176735445,5.686838667777221,5.607834139048181,5.532742684206262,5.462408403199084,5.397557254330519,5.338762370940407,5.286422034080923,5.240753274272247,5.201802292365688,5.169470782538196,5.143555157231877,5.123793978832863,5.109917875356938,5.101695983756993,5.098973491093622,5.096769937028287,5.088744085679417,5.070907268326539,5.0374044173873145,4.981508601291368,4.896706333265831,4.777705503669154,4.621258434340339,4.426753101644124,4.196567615929582,3.9362016785949843,3.654194316493151,3.3618077006382623,3.072396278823435,2.8002915319694144,2.5589704905932185,2.358415938197917,2.202157864638158,2.085353287350841,1.995394821205432,1.915120352915057,1.8269489109484074,1.7160948505112201,1.5721336930335297,1.3884461604763196,1.1745721526185477,0.9148308146041747,0.6274929712795856,0.31921567648761406,1.37137444049298e-7,0.44560894727871597,0.8664610160990681,1.2421522180220337,1.548667312974544,1.7960172405452932,1.9802047222998824,2.1204927297832556,2.2446623299476114,2.383864471380218,2.562790409764775,2.7909676657701237,3.0610541261310944,3.35454217222414,3.650026890936828,3.92976969195443,4.183321498355066,4.408664853015758,4.609964439348542,4.798762180089398,4.985145331393676,5.17794354234728,5.38095608396264,5.592463795483136,5.806581442604558,6.0158164448012625,6.213782841245657,6.397189452266389,6.5666285199051915,6.726093483087364,6.881473827216718
5.971818971312028e-7,0.538807488667763,1.0818695177872593,1.6337040345820157,2.1992141626391706,2.783563818435014,3.3917698294739207,4.028054409530791,4.695073285449778,5.393173027775856,6.119824983681785,6.869339873016295,7.632907158584226,8.398948316342604,9.153735758771083,9.88221113088442,10.568932884676252,11.199086673382519,11.759497887879073,12.239590473428517,12.632238526398234,12.93445641695459,13.147869076650984,13.278897063214309,13.338583232345288,13.34198504116409,13.307069910125426,13.25309717982653,13.19856431882008,13.158935425896788,13.14451833933881,13.141917647664265,13.13411917003184,13.121133663029166,13.10297893640619,13.079679678743819,13.051267218346052,13.017779224150512,12.979259352602812,12.935756847438917,12.887326100148728,12.834026179541883,12.7759203392961,12.713075512640875,12.645561803420078,12.573451982693166,12.496820999792055,12.415745516356527,12.330303471344653,12.240573684364351,12.146635503911618,12.048568506239988,11.946452249632562,11.84036608781015,11.730389045094812,11.616599754766584,11.499076460815134,11.3778970820224,11.253139336051719,11.124880920038542,10.99319974321628,10.873887721730666,10.787799929433938,10.739213868529166,10.72614646276444,10.741933984418896,10.779043673668975,10.831503257131324,10.895351517303693,10.968189575730404,11.048603229881799,11.13570664376729,11.228831383274251,11.32732952516776,11.430458124304433,11.537320689438154,11.646848470365363,11.757809055184278,11.868832796657,11.978449730720591,12.085131390491004,12.187333450934695,12.283536492321293,12.372283302910375,12.452212004084146,12.522084853413405,12.5808128823112,12.62747661014615,12.661343022452117,12.681878886904022,12.688760373500092,12.704533826302765,12.747878963587866,12.807493719204356,12.866446070804884,12.904508319844233,12.90062422589998,12.83510889660533,12.691359159667027,12.45701117288296,12.124581733768194,11.69167333346897,11.160831181590277,10.53913279000067,9.837579332288419,9.070348231221596,8.253959540809179,7.406404105957375,6.5462780547177974,5.691964752885212,4.860900945965311,4.0689577005616595,3.329959022994166,2.655356866338603,2.054130222348462,1.533926717226499,1.0982975935195312,0.832002504139102,0.5688708538736869,0.2889964059227486,5.971818971312028e-7,0.32424395118392746,0.6914407005952935,1.1343217571277528,1.68254079857607,2.328374314682325,3.0787078555690353,3.9199986633951363,4.832170874050419,5.788800226059506,6.758748900363204,7.7082603346491725,8.60335677951625,9.41234470857411,10.108203311696679,10.670633546523238,11.08757349097715,11.356032260853606,11.482152286214292,11.480472223254537,11.372426618785521,11.184184079173624,10.94399785646959,10.679326354161041,10.414069972752847,10.166333643690393,9.947105372628121,9.76017068916177,9.602548589321549,9.467430995631778,9.345088372167863
6.167946920881951e-7,-0.27416954453952275,-0.5408512910879492,-0.7923515507387083,-1.0205322980529172,-1.2164901436364732,-1.3700546015855501,-1.468884391477153,-1.4965888802511844,-1.4280734445871421,-1.2143052765322908,-0.6858344103275118,1.017789127804559,1.7579196042554712,2.3912332653032164,2.9866920311511547,3.559889560360519,4.113980057267024,4.6476579874965696,5.157746257208481,5.6402907361598,6.091110578534962,6.506108052700974,6.881453768457526,7.213698144726331,7.499834780774147,7.737330945809638,7.9241358290997095,8.058674980497592,8.139837991235584,8.16696522271163,8.169683741144228,8.177803027890103,8.19121526812533,8.209744028042133,8.233148986647697,8.261132263941946,8.293346077262587,8.32940141721685,8.368877415346015,8.411331076714154,8.456307069410327,8.503347295694459,8.552000011772982,8.601828310487825,8.65241782947668,8.703383593258733,8.754375938705648,8.805085507819753,8.855247318777094,8.904643945560723,8.953107848462823,9.00052290288164,9.046825173037298,9.092002971501305,9.136096235915009,9.179195242182232,9.221438660052137,9.263010943698404,9.304139038012075,9.345088372167867,9.366087038318419,9.342464719352941,9.270717742113032,9.153847450443553,8.999805383751108,8.817682793339193,8.61525855828673,8.398504606335042,8.17197307844508,7.939299917773226,7.703580105304711,7.467595976407902,7.233934751436845,7.005032045022,6.783168932238152,6.570442359891399,6.368723609602999,6.179616276931145,6.004422804301749,5.844126251894608,5.69939132604213,5.570585692724059,5.457819587644815,5.360999187262956,5.27988761108262,5.214167058404801,5.163496388333376,5.127560063670998,5.106106253468367,5.09897349109361,5.09494776355655,5.081755872507764,5.05625059782178,5.013798628323589,4.949061149349702,4.856863929326662,4.733025515085981,4.575050804095462,4.382640359605804,4.157999159359978,3.9059462510606155,3.633827884188841,3.3512202530425226,3.0693725409098085,2.800291531969449,2.555339282178356,2.343299193647057,2.16819336122725,2.0276606494438982,1.9129329098704337,1.8107818933918174,1.706609823578732,1.5873144976665812,1.4430467399336795,1.2675073613229686,1.0476513981720534,0.7179377610676575,0.4303799845299246,0.19897818582309323,6.167946920881951e-7,-0.28340632010330763,-0.5564522108925881,-0.8088432490079907,-1.0303368552373136,-1.210549360833472,-1.338419389519436,-1.4009636636312313,-1.3803171090630901,-1.2453740042621904,-0.9161666021340356,0.5310769964363569,1.3634825436771574,1.98308082043355,2.5573511021200304,3.1170787371721964,3.6732409098473084,4.230302218973522,4.790921269243496,5.3533835427704695,5.917411568940305,6.480687808137345,7.040367097591485,7.593190930890525,8.135696315738436,8.664406729804963,9.175982209218944,9.667233144840873,10.135680968936324,10.578392631794593,10.993199743216282
-2.1292067859316375e-7,-0.07944761468727791,-0.1596448810272068,-0.2411387092667391,-0.3241006757417034,-0.4082050294684851,-0.4925633865393499,-0.5757093793871738,-0.6556186978380425,-0.7297468210740757,-0.7950656119053111,-0.8480771876761302,-0.8847742047541496,-0.9004900900527644,-0.8895130860800201,-0.8441263208265906,-0.7519392552231462,-0.5859746884094273,-0.20936942126641409,0.575472841785386,0.8801425330777644,1.1289773615033385,1.3469580595572284,1.5405037594561615,1.7110535852192892,1.8582344753307452,1.98098745265108,2.078074979130101,2.148347468677012,2.190896605412622,2.2051454475448957,2.208526233554629,2.2186251451473273,2.2353132064657557,2.258379878219492,2.2875392771929026,2.3224381407194166,2.362664955767265,2.4077596881877534,2.457223632217986,2.5105290240820954,2.567128196358714,2.62646216798558,2.6879686543502723,2.751089538264734,2.815277868124156,2.8800044505400644,2.9447640888399182,3.0090814931720766,3.072516858262268,3.1346710751889604,3.19519051643579,3.2537713103535073,3.310163002685242,3.3641714892566945,3.4156610954759294,3.464555675191675,3.510838604205069,3.5545515530610157,3.5957919406375596,3.6347089956080536,3.6689091981658635,3.6963270775774295,3.71778187251038,3.73427035065724,3.746942601876908,3.7570666480888497,3.7659823350238018,3.775045922321429,3.7855679326609732,3.7987480228609307,3.8156116728522833,3.8369540674755354,3.863296409234007,3.8948589133611256,3.9315529786933445,3.972992805134753,4.018524495338802,4.067268891149221,4.118173366672724,4.170067617119978,4.221719020270933,4.271884148935162,4.319354192745047,4.362993171342374,4.401768741217603,4.434776054122625,4.46125551868365,4.480605486918512,4.492390884977077,4.496348682122273,4.4812961101283255,4.43688001395875,4.365266055476825,4.269867413065602,4.15505517924965,4.025766294468503,3.887031102195056,3.743459923633657,3.598748861434617,3.455282192644925,3.3139109919308423,3.1739652363732627,3.033509698228455,2.889796958188427,2.739826602754535,2.580904992535615,2.411115874479647,2.2296457507984906,2.0369431413749153,1.834717022229459,1.625793839370008,1.4138567381385825,1.2030889089420471,0.9977391314442592,0.8016258243770505,0.6176020068412678,0.4470261059433306,0.2893299263823984,0.14183585605155355,-2.1292067859316375e-7,0.4728101809078615,0.9605018473825307,1.4743066515631023,2.0194314339837987,2.594491520222659,3.1924635134452184,3.802482229171102,4.411840766817797,5.007756348663131,5.578665466503604,6.114965427834471,6.609236054127674,7.056066022056414,7.451669108596172,7.793493051075238,8.079987790130238,8.310614705344264,8.486065940605881,8.608556631760315,8.68198677564575,8.711768129245637,8.704184860486158,8.665296922216552,8.599571345773676,8.508580734598391,8.39016673516585,8.238378185968807,8.044275467584152,7.797435703161074,7.487812553031344
1.6665885744107334e-7,0.5386839201141265,1.0747241503041223,1.6059990503453698,2.131338312681526,2.6507752000260894,3.1655571040471164,3.677883795278532,4.190391012494018,4.705452430185773,5.224420703397642,5.746950864579522,6.270536369869556,6.790343198767989,7.299367115990313,7.788883674101182,8.249123483303654,8.670089754151299,9.042436017358023,9.35833120238328,9.61224996583223,9.801633940763782,9.927372438258287,9.99404890051862,10.009893833493832,9.986380878909861,9.93740984060342,9.878053934226394,9.822923921023781,9.784321347756524,9.770486171801082,9.767926084078898,9.760258355394198,9.74752044447994,9.729774301220964,9.707105648307463,9.679622982949883,9.647456306246507,9.610755590225711,9.569688995195246,9.524440852838783,9.475209433512068,9.42220451939718,9.365644808544467,9.305755178318561,9.242763840294037,9.176899422120067,9.108388015172881,9.037450229795708,8.964298302429833,8.889133300796566,8.81214247432405,8.733496797061848,8.653348749242873,8.571830381327743,8.489051700733688,8.405099416500455,8.320036070937023,8.233899579948673,8.14670319546017,8.058435894381294,8.006795209599433,8.050112807048068,8.150217415361348,8.265155373824857,8.380916024195711,8.493967820552012,8.604072518423841,8.712186995639238,8.819730055111272,8.928249253029115,9.039224258481278,9.153926708765292,9.2733119145729,9.397936484480773,9.527902206068392,9.662827796328326,9.801849192414418,9.943647224604426,10.08649958627301,10.228352479182712,10.366906412707412,10.499710413135878,10.624259244587016,10.738088967741936,10.838867065214895,10.924474275604446,10.993076090714672,11.043182527615741,11.073695279594677,11.08394169665106,11.070027196706283,11.02808623688154,10.957535141820683,10.857431085185743,10.726520042879367,10.563308855172645,10.366164075040592,10.133438456124704,9.863623081721762,9.555519735306877,9.20842474449508,8.8223127407444,8.398006968081464,7.937322141267287,7.443166380304559,6.919590240666238,6.371773004789193,5.805938829762233,5.229197685667545,4.649307950483865,4.074358874998461,3.512372035257545,2.9708221555935737,2.456081391531763,1.9728014604776263,1.5232714075872478,1.1068318028204014,0.7194866910782178,0.35390649628552223,1.6665885744107334e-7,0.25664548220940675,0.5217436367691094,0.8007668964338853,1.0945111975923398,1.3991310347512405,1.7075103973045613,2.0112626389179193,2.3027386485643544,2.5766014370412145,2.8306649971106466,3.065817563537622,3.285019405808033,3.4916137826977622,3.6874586404962586,3.87152701735069,4.039498404382366,4.184493899481833,4.298693922723755,4.37532734575343,4.410493176457122,4.404388753056046,4.36166769634423,4.29079300643971,4.202409985709944,4.106991711164921,4.012310135851214,3.92152968927644,3.8326654595087852,3.739666974627855,3.634708995608051
2.551939426592171e-7,-0.07944761468643412,-0.15964488102692997,-0.2411387092664729,-0.3241006757414419,-0.40820502946821463,-0.4925633865391225,-0.5757093793869464,-0.6556186978378229,-0.7297468210738319,-0.7950656119050826,-0.8480771876758872,-0.8847742047538637,-0.9004900900524411,-0.8895130860797069,-0.8441263208261741,-0.7519392552226568,-0.5859746884087186,-0.2093694212642713,0.5754728417861753,0.8801425330783159,1.1289773615038234,1.346958059557661,1.5405037594565212,1.7110535852196511,1.858234475331072,1.9809874526513838,2.0780749791304136,2.1483474686773105,2.190896605412912,2.2051454475451995,2.2267181825774216,2.2900754335970825,2.3914917755206115,2.5257475173688198,2.687088315108782,2.8699502798307743,3.069357951167625,3.2810602812868264,3.5015118130550604,3.727784834793821,3.9574636450706766,4.188545488174954,4.419357159820843,4.64848863557347,4.8747419323230226,5.097092491174065,5.314660406577323,5.526689202028536,5.732530292788936,5.931631674765229,6.123529705616889,6.307843099928648,6.484268455994773,6.65257678040942,6.812610589936072,6.964281257545983,7.107566338429458,7.242506667742096,7.3692030689641665,7.487812553031354,7.555533736410733,7.508727680389743,7.385709805431337,7.229028524334458,7.053819548583984,6.8653270249537135,6.666119530078684,6.458188393392874,6.2436494193217795,6.025012244640374,5.805280134520128,5.587958597397042,5.376994023367766,5.176643085748479,4.991267531384247,4.825052611396145,4.681660805153477,4.563854676283578,4.473147626322394,4.409556740546758,4.371524343002199,4.356039782863962,4.358942156877785,4.375341130546433,4.400075440727093,4.428139495329037,4.45503575569819,4.477038926637441,4.491377696577458,4.496348682122298,4.481296110128355,4.436880013958784,4.365266055476853,4.269867413065628,4.155055179249685,4.025766294468542,3.8870311021950896,3.743459923633689,3.598748861434657,3.455282192644967,3.3139109919308902,3.1739652363733053,3.033509698228493,2.8897969581884673,2.7398266027545777,2.580904992535659,2.4111158744796892,2.229645750798531,2.036943141374955,1.8347170222295013,1.6257938393700504,1.4138567381386198,1.2030889089420929,0.9977391314443063,0.8016258243771004,0.617602006841322,0.44702610594341097,0.2893299263825401,0.14183585605185098,2.551939426592171e-7,-0.0849773966632646,-0.17360759247287427,-0.2683884525687845,-0.36980392350011726,-0.47583392036204486,-0.5816851797193653,-0.6794984550726128,-0.7577126632160178,-0.7994402297919682,-0.7777345792704532,-0.6365774096685497,0.19263086809909524,0.897051852305788,1.4062332914501987,1.9036074754482393,2.4064443294370195,2.9152638629705887,3.4255009375930445,3.93074672781397,4.42421298166101,4.899625317197163,5.351848374430188,5.777319391358791,6.174296721729897,6.542908656433025,6.884988425927368,7.203696019178622,7.502953533084324,7.786753986167281,8.058435894381303
-4.6404170765228167e-7,-0.250641631502818,-0.4962855617018475,-0.7318043605193473,-0.9518061108246955,-1.1504846750898334,-1.3214332112270253,-1.4573744666542283,-1.5497073242855635,-1.587636175249752,-1.5562658000133462,-1.4316564172111803,-1.16360808379852,-0.5434711326716547,1.0735801691428888,1.7320959297114897,2.2890610796609563,2.8009115692244726,3.281930327163407,3.735694057110446,4.16184503200621,4.5583791004406295,4.9226269473092295,5.251742860863211,5.542971515378104,5.793799963325229,6.002043906230323,6.165893999186425,6.283937608054166,6.355166285153355,6.3789761728651415,6.377974577043138,6.374976524200645,6.370002161234906,6.363084873862842,6.354270989314724,6.343619343651119,6.331200699133873,6.317096995519121,6.301400419368075,6.284212277708685,6.265641666746602,6.245803932812331,6.224818931209092,6.2028090988128355,6.179897367750415,6.156204959679125,6.131849112423484,6.10694080220279,6.081582534561837,6.055866284538889,6.029871670771858,6.003664448473538,5.977295402010319,5.950799708948702,5.924196833938353,5.897490993026939,5.8706722076106725,5.843717943125701,5.8165953019003265,5.789263713549392,5.757886623647808,5.724597648205257,5.690696733365945,5.657371318635848,5.62567577763556,5.59651669703204,5.5706440853733685,5.54864806814171,5.53096000654929,5.517856028940673,5.509458376425391,5.505717660890984,5.50625572340787,5.506239912881442,5.524855445450951,5.5372440343056555,5.55362358906766,5.572855726787304,5.59422577724503,5.617041172821897,5.640594360521956,5.66416675970102,5.687042686401825,5.70852705778724,5.727964714481626,5.744760044720453,5.758395803490761,5.768450112643668,5.77461073224502,5.776685838770364,5.769241583966898,5.746262977704641,5.705922031815831,5.645517312987803,5.561927950211528,5.45213996907937,5.313770096472095,5.145523699930147,4.947541533188064,4.7216079471671435,4.4712069164188355,4.201419409616297,3.9186551490673147,3.630268320818221,3.3449231146081058,3.072121421518714,2.8189417503753447,2.5892637429522702,2.3832541054031027,2.197183607721059,2.0240508039779423,1.8549443195524704,1.680719328707655,1.4934597860669279,1.287264191321891,1.0571914934305442,0.7906711072719445,0.5205062303877883,0.26154262829424235,-4.6404170765228167e-7,-0.2700024083991125,-0.5378889336570962,-0.8014278628306797,-1.0581497396121553,-1.3052145836183668,-1.5392649688084616,-1.7562618645016639,-1.9512970061028667,-2.1183659390712988,-2.25006372182298,-2.3371168031403604,-2.367552706007576,-2.325017015239221,-2.184830318401597,-1.9025957915727991,-1.3645263399976362,0.7566592766557826,1.9340394377906942,2.771312027846428,3.5225800903667093,4.2332933863582785,4.91836900694176,5.5831455898269216,6.229001074164962,6.855595077646898,7.461699174946158,8.04561480869385,8.605325700146095,9.138533359971023,9.642632082370223
-4.374764218794885e-7,0.5618508725859455,1.1262539826372755,1.6958592026357933,2.2734402124244832,2.861795508390574,3.463502562744879,4.080542626875754,4.713850225953567,5.362865416647075,6.025172057081817,6.696291597163604,7.36967515569973,8.03690570846738,8.6880948474183,9.312439083984406,9.898889660225809,10.436885498183647,10.917098634136611,11.332142876309401,11.677197805952432,11.950500666658128,12.15365795294027,12.29172736475182,12.373021447299124,12.40859100535871,12.411365888010593,12.394970410725985,12.372294201758463,12.353979137866586,12.34705463228005,12.34369038750686,12.333603562900011,12.316811843121199,12.293344554852474,12.263242446913047,12.226557385901053,12.183351970797904,12.133699070895855,12.077681292288798,12.015390378991059,11.946926555509176,11.872397818377255,11.791919184767247,11.705611906791985,11.613602660520488,11.516022719014616,11.413007118863472,11.304693829731804,11.191222936343564,11.072735842088553,10.949374503066794,10.821280700870657,10.688595361754995,10.551457929067292,10.410005794921148,10.264373796129597,10.114693778442133,9.96109423232247,9.803700003346533,9.642632082370223,9.513632784621109,9.47987424402942,9.534394833859242,9.641011286087004,9.774223239528697,9.922168803599686,10.079747707074407,10.244722932873453,10.416017233420298,10.592956354391735,10.774912546118271,10.961132456695708,11.150660109472211,11.342314257530354,11.534698911217781,11.726234217069521,11.915198922129756,12.09977804201552,12.278111096201469,12.448337743756746,12.6086389333478,12.757272753184333,12.892604984232435,13.01313489025531,13.117517018168051,13.204579765568393,13.273341267078077,13.32302284890523,13.353059999908176,13.363110591533507,13.362649258903994,13.358783236443905,13.344412151183029,13.308780151263642,13.238861018607922,13.12091703970463,12.942000556964961,12.691230147149348,12.360748695473866,11.94633443853133,11.447679134626565,10.868371317986936,10.215632930931331,9.499860366037913,8.734020193289817,7.93294781497638,7.112594833503419,6.289268077186738,5.478899638875465,4.696382382228413,3.954998546297311,3.2659599980798735,2.6380689852205017,2.0775110281634666,1.587897950128418,1.1717624557503008,0.8409752562098736,0.5641221562232285,0.2847345179621655,-4.374764218794885e-7,0.36971949439366575,0.7699153235935603,1.2436544179668159,1.7869242743453333,2.416062350076107,3.127267257129263,3.9093079449848065,4.74451801842908,5.610201950022734,6.480200579562218,7.326638203984889,8.12180934293915,8.840098069706187,9.459785628806221,9.964592378440708,10.344812426407609,10.597927676556484,10.728626944113572,10.748201223121704,10.673336228112385,10.524379019287998,10.323219876634575,10.091004235330493,9.84596230190741,9.601687529329425,9.366167817166438,9.14174720470501,8.925992679496355,8.713234796775348,8.496452415967216
-1.2906041931544156e-7,-0.250641631502454,-0.49628556170174426,-0.7318043605192793,-0.9518061108246394,-1.1504846750897901,-1.32143321122697,-1.4573744666541766,-1.549707324285501,-1.5876361752497083,-1.5562658000132898,-1.431656417211132,-1.163608083798433,-0.5434711326714268,1.0735801691429758,1.7320959297115508,2.2890610796610034,2.800911569224514,3.28193032716344,3.73569405711048,4.161845032006247,4.558379100440656,4.922626947309249,5.2517428608632315,5.542971515378128,5.79379996332525,6.002043906230342,6.165893999186449,6.283937608054191,6.355166285153375,6.378976172865159,6.383690712613142,6.397771242322758,6.4210306002222115,6.453163730044559,6.493757519198828,6.542303668994313,6.598213823063706,6.660836116720481,6.7294723251593975,6.803394868163711,6.88186305312294,6.9641380849206405,7.049496521080722,7.13724198850186,7.226715094643185,7.317301556732251,7.408438637087791,7.499620013365724,7.590399233341672,7.680391909151791,7.769276800004282,7.856795918998598,7.942753781927379,8.027015896182768,8.109506567942537,8.190206086975003,8.269147331595626,8.346411822095313,8.422125239428794,8.496452415967214,8.527038502510539,8.45065915160549,8.27666024098,8.043975813898344,7.78122576123763,7.503750087768733,7.220462302299152,6.937708683668738,6.6609121060828045,6.395240513329366,6.145836968021129,5.9178282264988695,5.716309358901884,5.550175125789444,5.403277010092999,5.302104641596388,5.236363188901537,5.205264640667739,5.205819702365154,5.233519433610122,5.2828008181109425,5.347531634378413,5.421463015776991,5.498601496533432,5.573481602195828,5.64134458644106,5.698242194648444,5.741087952689473,5.767676358784097,5.77668583877037,5.770140370218813,5.749710277597237,5.713150143038708,5.657143552690606,5.577858780154111,5.471586281917304,5.335365406302757,5.167525333099601,4.968089774631133,4.739017661642801,4.484268042327092,4.2096857729998085,3.9227074866661744,3.6318249235320277,3.3449231146081106,3.0680856252287345,2.8069017634575517,2.565250504779862,2.344253477545638,2.141921366950742,1.9534379427620838,1.772055763288576,1.5903673961103588,1.4015813145744713,1.2004571567807378,0.9835574120066396,0.7470460479344908,0.48508414466984523,0.23335445618962097,-1.2906041931544156e-7,0.4039735102861848,0.7961406536514256,1.1480679575058157,1.4730008865857367,1.759632680091536,2.0143535675632487,2.249075873209972,2.4788217070210306,2.717413792329806,2.9731114225040556,3.24611527283782,3.528936275450026,3.8090742465208893,4.072600949902709,4.307429594492412,4.505643508972034,4.664697335689078,4.7875021675835345,4.881489415854075,4.956841204052725,5.024229986648671,5.092593833606464,5.167497918116252,5.250717620809649,5.340742191757251,5.4342548715986085,5.527696387909586,5.618484177200875,5.705562582706821,5.789263713549395
-1.901009398889432e-7,-0.3806966060163591,-0.7601310478635872,-1.1368791034722856,-1.5092133573982793,-1.8750007779918727,-2.231651260158489,-2.5761226413058163,-2.9049810248241146,-3.2145096648111138,-3.5008557584584943,-3.7602024002250825,-3.9889524978823627,-4.183912295651531,-4.342463921139013,-4.462718739015778,-4.543645988685396,-4.585173990663768,-4.588263927281271,-4.554958597723685,-4.48841025689493,-4.392892082474981,-4.273796003661788,-4.137614072908957,-3.991889312281678,-3.8451034203532237,-3.7064442778724747,-3.585375677782089,-3.4909396165369584,-3.430792982910257,-3.4101287654612484,-3.4083463391506643,-3.402973520987145,-3.3939337763179007,-3.3810998091183797,-3.36429390097961,-3.343288275416178,-3.3178053695110767,-3.287517848616851,-3.252048140992067,-3.2109671908155395,-3.1637920189153093,-3.1099815229482037,-3.0489297131900526,-2.979955216331018,-2.9022852992669583,-2.8150317060549988,-2.71715395498821,-2.607402788907468,-2.4842308903300503,-2.3456467509155825,-2.1889632345034626,-2.0103341871275378,-1.8038146133293143,-1.55916915777819,-1.2554882244799082,-0.8324401535528226,0.4636480298614384,1.0692293951832412,1.4447496628700922,1.7442160937967415,2.001470103257546,2.2310179988969314,2.4399211743347458,2.632088773182163,2.8097936415903746,2.974398084047063,3.126749650010596,3.2674168026195534,3.3968366656509636,3.5154090285213355,3.623554366407385,3.7217459998925286,3.8105228093518315,3.8904870945315255,3.962291296698625,4.026616910417781,4.084148740684572,4.135547541971697,4.181423895263699,4.222315863266402,4.25867247676275,4.2908444506708205,4.319082749535154,4.343544792535143,4.364307297675115,4.381384102369699,4.394746834001966,4.404346081071584,4.410130742733963,4.412063492680379,4.4071300787307885,4.391587474009394,4.3633290423460025,4.319220838139955,4.255590339998716,4.168782573697964,4.055702275031727,3.9142794805284025,3.7438203291653838,3.545227016843422,3.321086952546815,3.075640616515237,2.814641133279404,2.5451165198046124,2.2750369497327654,2.012871740337116,1.7669928172208953,1.5448531159202763,1.351883914759397,1.1902085628853887,1.0576184028326905,0.9475592540033407,0.8505756376655784,0.756704673473521,0.6576784102461787,0.5481576516025628,0.42597863275168024,0.2917824987063005,0.1483737591002329,-1.901009398889432e-7,0.28821160754938346,0.564869939347721,0.8218542325878461,1.0576091052563992,1.279362524750693,1.5032696390374178,1.751161253939696,2.043994627223472,2.39493760085327,2.8059844461896,3.2691702164436007,3.7703120462850452,4.292892531959295,4.820969510941769,5.3409393429503025,5.842288091379127,6.3175058963604,6.761359366116715,7.169768320935333,7.538585529236107,7.862584185573657,8.134890423090592,8.3469667239196,8.489099262949782,8.551219693837528,8.523833219893168,8.39883299216266,8.1700345826753,7.83333190740699,7.386424988491808
2.560560975854216e-7,-0.38069660601631894,-0.7601310478635279,-1.1368791034722237,-1.5092133573982158,-1.8750007779918112,-2.2316512601584217,-2.576122641305742,-2.904981024824031,-3.2145096648110303,-3.5008557584583997,-3.7602024002249808,-3.9889524978822526,-4.183912295651407,-4.342463921138879,-4.462718739015632,-4.543645988685242,-4.5851739906635975,-4.588263927281088,-4.554958597723482,-4.488410256894712,-4.392892082474738,-4.27379600366153,-4.137614072908678,-3.99188931228138,-3.8451034203528995,-3.706444277872129,-3.585375677781726,-3.4909396165365836,-3.4307929829098747,-3.4101287654608616,-3.3935673303343967,-3.3434849148864494,-3.2586250884553527,-3.1366639950751964,-2.973769451759748,-2.7637114588187015,-2.495943646641712,-2.1508135486138515,-1.6839669815676859,-0.9321079025406381,1.124262645869153,1.8843994304870577,2.4453391910141895,2.921801624996785,3.3479569208846396,3.7391049439765034,4.103442812419908,4.445835594766735,4.769363734913751,5.076062742447007,5.367316070893925,5.6440807286872925,5.907024956464444,6.15661649339399,6.393181566462627,6.616945765198754,6.82806329573421,7.026638544891739,7.212742412281059,7.386424988491809,7.554998780830198,7.721547559223891,7.8837247083549284,8.041802889276651,8.197138319265402,8.351508297799574,8.506754373011955,8.664548634909433,8.826224043962556,8.992652726621913,9.164170951881205,9.340552456439125,9.52102919955164,9.704353880835187,9.888893986013953,10.072744280296565,10.253844193950924,10.43008824760742,10.599420804726265,10.759910109827656,10.909800011073665,11.047540501877394,11.171800066319717,11.281463807854918,11.375621629808162,11.453550514356591,11.514694407599242,11.558644529399182,11.585122217235442,11.59396576943569,11.551710806109297,11.425291012127945,11.215768017704209,10.924994977756734,10.555728639036056,10.111760886723607,9.598048355460886,9.020817396045588,8.387622833734786,7.70734209696411,6.990090715373987,6.247049916046398,5.490200760909343,4.7319597792662575,3.9847036748948157,3.2601427815421347,2.568412957381119,1.9164344158158269,1.303598131811384,0.7009790220952601,-0.38046217104426844,-0.6261300071732986,-0.6388124875311657,-0.5614487372876602,-0.4435713665356734,-0.31455250335055385,-0.19473761905959538,-0.09851954869040185,-0.03455926566747557,2.560560975854216e-7,-0.40318526539273997,-0.8016735498249462,-1.1909399852297637,-1.5667819817808237,-1.9254280082583277,-2.2635904276349117,-2.5784547161609694,-2.8676056095249507,-3.1288991643292934,-3.3602969009174615,-3.559682393900599,-3.7246803144419816,-3.8524919037208596,-3.9397486730466844,-3.9823674095730213,-3.975362494116423,-3.912529015961931,-3.7858298653290494,-3.5841330061308723,-3.290415320136052,-2.8746795627110178,-2.270633242464472,-1.2292327925133626,1.6291184204507188,2.7046783929983302,3.5271823995454756,4.241528967741179,4.889990395247453,5.48988525770513,6.04867500831454
3.277979182984686e-7,0.5491044377438689,1.0922721402281494,1.6239222678108771,2.139160627010389,2.6340607177925515,3.1058719541422954,3.5531347339162713,3.9756869200697724,4.374554026785248,4.751726424710744,5.109840795925908,5.45179813818661,5.7803636183159846,6.097800463859338,6.4055875005214595,6.704256978348233,6.993368474280477,7.271611150197137,7.537006400800626,7.787170254445966,8.01959125433246,8.231883797025617,8.421986462583467,8.588286989824155,8.729668065802208,8.845479576023397,8.935452486565996,8.99957642559979,9.037966713430976,9.050746603890646,9.046941719967508,9.035535205849893,9.016551405839913,8.990030665361278,8.956028989842064,8.91461757013981,8.865882177458321,8.809922431490623,8.746850946260384,8.67679235881111,8.599882246492076,8.516265939092266,8.426097232455799,8.329537010445137,8.226751782169439,8.11791214122158,8.00319115321931,7.882762677160326,7.756799624900553,7.625472161350443,7.4889458456316635,7.347379710282669,7.200924271435585,7.049719457423842,6.893892436139039,6.733555312109807,6.568802651991195,6.399708780890511,6.226324770215157,6.048675008314538,5.859022983191885,5.657513662080594,5.452317315331898,5.249258448711551,5.053145334787982,4.868178620927877,4.698020733086287,4.54573109567231,4.413656386103853,4.303326142150623,4.215387140698572,4.1495972816432065,4.104886221896081,4.079476398556553,4.071047352642953,4.076921000855568,4.094246162262502,4.120165507787088,4.151954499848439,4.187127628708393,4.2235112914820165,4.259285008958469,4.292993892950419,4.3235359980302155,4.350128861723928,4.372260335994704,4.389629686378883,4.402085673964353,4.40956866554546,4.412063492680434,4.40713007873084,4.391587474009448,4.363329042346053,4.319220838140011,4.255590339998768,4.168782573698026,4.055702275031789,3.9142794805284615,3.743820329165448,3.5452270168434907,3.3210869525468882,3.0756406165153165,2.8146411332794834,2.5451165198047017,2.275036949732851,2.0128717403372125,1.7669928172209943,1.544853115920385,1.3518839147595092,1.190208562885496,1.0576184028328024,0.9475592540034535,0.8505756376656863,0.75670467347362,0.6576784102462784,0.5481576516026528,0.42597863275178516,0.2917824987064566,0.14837375910046216,3.277979182984686e-7,0.3427802564869855,0.6748324847364932,0.9877911554368456,1.2776402599088206,1.5458872194755802,1.799433481258924,2.0487841955457746,2.304764245391669,2.5747447285658365,2.8599075648620595,3.154638637291698,3.4480066316392053,3.72641850971729,3.976431125601786,4.187043584946314,4.3511568988542875,4.466103763093502,4.5332650066984845,4.556882561776119,4.5422983966185795,4.4939882774172135,4.413857355807777,4.300231229112433,4.147759331866824,3.948097667586801,3.690880805762465,3.364186142443259,2.9531864964610373,2.4336412727250605,1.7442160937967575
-2.0219963135169002e-7,-0.1295913470802245,-0.25192127313698537,-0.3591142035698468,-0.4417892207810279,-0.4872723723825329,-0.4746435758624782,-0.35163783975957374,0.3250931273505462,0.7086248599119028,1.0507910689529956,1.395227999926704,1.7488695898836353,2.111921581974281,2.482218858117407,2.8564958801247906,3.230913527804445,3.601343757316809,3.9635574571862233,4.313364913421275,4.646726863744594,4.9598426714520025,5.249217967742999,5.5117129119217365,5.744572332229846,5.945439680871887,6.112357562355053,6.243758325373854,6.33844867842544,6.395592392094788,6.414694837688152,6.412940106175968,6.407679783742116,6.398925520632519,6.386696844371857,6.371021316166608,6.351934731710468,6.3294813491047375,6.303714122878838,6.2746949202203455,6.2424946936299435,6.207193583402561,6.168880923664983,6.1276551272012725,6.083623426962634,6.036901455942161,5.987612651917747,5.935887479310413,5.881862466918643,5.825679067383875,5.767482351698833,5.707419559634084,5.645638534349916,5.582286076375348,5.517506258255403,5.4514387461690985,5.3842171783918715,5.315967652334447,5.246807371798186,5.17684350387957,5.106172290554051,5.036807536547692,4.964820838055556,4.891046589813994,4.81625106221676,4.741127954948469,4.666296981669674,4.592305222180126,4.519630811596978,4.448688401444213,4.379835740377825,4.313380693588649,4.249588054766429,4.188685600874067,4.130868988683066,4.076305277455617,4.025135063900503,3.977473410568522,3.9334099142184353,3.8930083762177,3.856306587773563,3.8233167182531633,3.794026584880767,3.768403531765005,3.7463952725846417,3.7279392169845442,3.7129659880402457,3.7014068216435514,3.6932000347078335,3.688296857673048,3.686666049742902,3.6801577187343906,3.6604600409002233,3.6270859305050833,3.579322134474188,3.5163618215140047,3.437463131955871,3.342113164012645,3.2301778831445342,3.102021779036349,2.95858565484897,2.8014156995001964,2.632641272463652,2.4549023000897905,2.271229840322068,2.0848854733283897,1.8991672014646472,1.7171921896864382,1.5416707565809946,1.3746920781564123,1.2175495139846506,1.0706394483681378,0.9334664834802165,0.8047735976243906,0.6827872210484479,0.5655326958546317,0.4511515698264811,0.3381516784110947,0.22554354483944122,0.11284943948443707,-2.0219963135169002e-7,0.5100781622077684,1.0262789952942553,1.5540077666571026,2.0972515050999556,2.657933661854679,3.2353906715169396,3.8260490548141997,4.423369326871594,5.018090542963878,5.598768758248275,6.152565267513884,6.6662128041309625,7.127071907665156,7.524184599810326,7.8492362056670135,8.097345881729424,8.267619070809554,8.363407553795367,8.3922325831223,8.365333622162469,8.296814017446989,8.202376947780659,8.097697469124606,7.996572650255156,7.909120357686917,7.8404245258448215,7.789832248664967,7.751645388888312,7.716224683489432,7.6721566290682945
1.6930182220145218e-7,0.5302112287659462,1.0544745776204112,1.567522179765844,2.0653898328257374,2.5459251459416166,3.0091176322784103,3.4571888404362587,3.8943924578680926,4.326505001110203,4.760040360876913,5.201287993826771,5.655332788611748,6.1252361809911395,6.6115259981307295,7.11206578006658,7.622284546137776,8.135679234996424,8.644471625351102,9.140305908745356,9.614897376048676,10.060572262099777,10.470665094202731,10.839760339828429,11.16378058561406,11.439935689840425,11.666557650670637,11.842854665060518,11.968624432059116,12.04397000909535,12.069060220853263,12.065704560611875,12.055646219460249,12.038911071277976,12.015542089932651,11.9855991260684,11.949158595982887,11.90631308397076,11.8571708599104,11.801855314275686,11.740504313163742,11.673269476347,11.600315381781309,11.521818700435338,11.437967265747382,11.348959082466903,11.255001280097456,11.156309016624466,11.053104338684513,10.945615004808033,10.834073278842176,10.718714701127933,10.599776845459935,10.47749807028976,10.3521162730339,10.223867656704936,10.092985518386826,9.959699069306561,9.824232296405482,9.686802875363465,9.547621144972188,9.419640266286727,9.321715532012187,9.262044505983438,9.24226291920492,9.257990799205135,9.302391995716409,9.369137386111388,9.453447367303772,9.551976460828113,9.662372198659192,9.782866108575146,9.911978093576142,10.048324029460426,10.190499684067385,10.337017735626883,10.486281133217958,10.636581199951184,10.786112420865269,10.932998221064343,11.075323640955697,11.211171927883429,11.338662848567862,11.455991080317231,11.561463423271483,11.653533837462401,11.730835485518398,11.792209086567887,11.836726985141032,11.863712429595394,11.872753649832122,11.855682754357339,11.80404988504876,11.716655687293287,11.591697033412354,11.427033638161028,11.220512318580669,10.970310418866601,10.675260715830323,10.335125483934005,9.950795610750085,9.524399983411818,9.059319455988618,8.560107709832815,8.03232785110731,7.4823185963091525,6.916907500255594,6.343091062738811,5.767702867401126,5.1970912413997565,4.636827252614829,4.091462041736161,3.56434928993813,3.0575438224868567,2.5717808979622463,2.1065330059664165,1.6601329939035245,1.2299456904922657,0.8125667658607497,0.4040287508348015,1.6930182220145218e-7,0.21339987115585268,0.4182138060636387,0.6069058829777983,0.7739455019413127,0.9165677519685974,1.0352275905981188,1.1336235882575443,1.218171531712222,1.2968816634638751,1.3778053341961938,1.4683851969805555,1.5691649451823488,1.6854742768655777,1.8156639956351155,1.959074009413917,2.1152530611881426,2.2842161302378523,2.4661702888840535,2.6609930919018763,2.86777321891198,3.0846365215674347,3.3089224769856376,3.5376237418188126,3.767913980469477,3.997580647046405,4.2252299148169605,4.450211319851591,4.672295475734605,4.891209387088268,5.106172290554041
2.0125947048454607e-7,-0.12959134707997932,-0.25192127313681023,-0.3591142035697521,-0.4417892207809726,-0.48727237238246485,-0.47464357586236167,-0.351637839759414,0.3250931273507938,0.7086248599120375,1.0507910689530942,1.3952279999267772,1.7488695898836937,2.111921581974335,2.482218858117455,2.856495880124832,3.230913527804481,3.6013437573168408,3.9635574571862517,4.313364913421299,4.646726863744614,4.95984267145202,5.249217967743012,5.511712911921747,5.744572332229856,5.945439680871896,6.112357562355047,6.2437583253738485,6.3384486784254355,6.395592392094783,6.41469483768815,6.41858746454672,6.430197500372064,6.4493236571252,6.47563779697113,6.508695455137288,6.547949650649652,6.592767191589801,6.642446611319904,6.696236880717036,6.753356115554091,6.813009618175374,6.8744067371308635,6.936776177964154,6.999379537718356,7.061522955017844,7.1225668619313,7.181933892439225,7.239115047276379,7.293674239884394,7.345251357526428,7.393563969568836,7.438407805356476,7.479656110188991,7.51725797217077,7.551235697081847,7.581681294331538,7.608752125565809,7.632665759376592,7.653694071377635,7.672156629068287,7.667835077163547,7.6175286682632715,7.516048081561626,7.364941633121097,7.171904854729238,6.947172682642143,6.700505139493875,6.440091908412878,6.172613497161055,5.903626530963025,5.637913977886598,5.37971649203815,5.132851712347625,4.900745163120369,4.686394435543389,4.492285806245404,4.320283531911963,4.171515972552443,4.046286435744918,3.9440362767883785,3.863380356020472,3.802220690302824,3.7579253023467114,3.727552636852613,3.708079001033596,3.696615629638616,3.690587299235393,3.6878696051311883,3.6868853532667627,3.6866660497429087,3.6800849294657216,3.660152145218067,3.6263354324844954,3.5778622338681982,3.5138734935031235,3.4336066926069804,3.336583621083278,3.2227798044545084,3.0927566115733263,2.947742366466489,2.789654031738043,2.6210554488814926,2.4450514677839843,2.2651198539117634,2.0848854733283955,1.9078454093883597,1.7370613604269582,1.5748485472941358,1.4225075017805382,1.280159961055762,1.1467497559838402,1.0202414430779831,0.8979948307978897,0.7772355724024406,0.6555126040712612,0.5310472932209517,0.40292322364648153,0.2711124767251952,0.13636509124785212,2.0125947048454607e-7,-0.14067046268277883,-0.27392190933851707,-0.39176149029624,-0.48479552361547323,-0.5406256691174532,-0.5397131112725277,-0.4389958653944566,0.21613041061224733,0.6872376821494866,1.0625993588665916,1.4342299395566083,1.8177315304949522,2.2114875512338203,2.6162728206255332,3.030262388181021,3.4513601538907763,3.877561558405487,4.307181749065936,4.738986304649806,5.172239967172567,5.606677747398451,6.042401979706277,6.479713574082283,6.918892916571919,7.359953001599114,7.802370781939603,8.244994204475638,8.685620256417373,9.121185348969046,9.547621144972188
-3.031633452195518e-7,0.0911892064240278,0.19469797480722215,0.32014132914174853,0.4734901904462819,0.6576362287505821,0.8733454188532986,1.1200054500438854,1.3960904924523585,1.6994291235595347,2.027359436136966,2.3768242019282826,2.744435391204732,3.1265237589942583,3.51918199280122,3.918306138556516,4.319637991780785,4.718809979753811,5.1113933255456665,5.492949757893217,5.859086608045219,6.205514770579629,6.528108685089642,6.822967220369242,7.086474120288629,7.315356511066708,7.506739882302335,7.658197945213788,7.767795843343189,7.834125341273165,7.856330838877992,7.853648585298578,7.8456249957048225,7.83232921080922,7.813875227464009,7.79042005881897,7.7621611921755385,7.729333378865859,7.692204801201894,7.651072672788688,7.606258340223818,7.558101966257582,7.5069568865885685,7.453183744209866,7.397144516061863,7.339196556025453,7.279686785249281,7.218946164640402,7.1572845842725314,7.094986299788801,7.032306036090781,6.9694658634839275,6.906652931108415,6.8440181174398615,6.781675628816216,6.7197035456208365,6.658145283496651,6.597011905503688,6.536285192194618,6.4759213517456065,6.415855232833855,6.355295620780736,6.292614743857526,6.228614864477196,6.164045024844085,6.099602641870122,6.035935992387225,5.973646749598974,5.913291746244978,5.8553831972412445,5.800386511839232,5.748712466298887,5.700551717973442,5.656849436866261,5.617076731072449,5.581692392578987,5.550746699586026,5.524208962691797,5.501956612144021,5.483776189131777,5.469369627861681,5.4583652302117,5.450332888327316,5.444802842466325,5.441286994233387,5.439301608554627,5.438390151144628,5.438145018919597,5.438227013699546,5.4383815639860655,5.438450894782588,5.425671231200033,5.387577926353654,5.324890886854063,5.238754408704275,5.130659439412853,5.002345564298907,4.855692662334849,4.692613651433485,4.514960063211773,4.3244510952751956,4.122634186471119,3.9108812061992246,3.690419505011534,3.4623920586969046,3.2279365773219664,2.988270467695383,2.7447673619316615,2.499011594659752,2.2528192086564287,2.0082172655307917,1.7673769022824106,1.5324993747147608,1.305658303002383,1.0886059927732268,0.8825579834042282,0.6879788421835322,0.5044036104564149,0.33034026561933033,0.16330163906631148,-2.4582977403896727e-7,0.23044512483482055,0.46522213429866477,0.7076113469699888,0.9591405459004815,1.2193694078461343,1.4860932316885533,1.7558238095930248,2.0244034316270496,2.2876295571672554,2.5417991508772495,2.7841178527394774,3.012952918200581,3.2279339615809315,3.4299188410716406,3.6208443622818454,3.8034776043399527,3.9810809073572746,4.157008892356539,4.334272696977742,4.515077488302053,4.700736550767036,4.891118872983739,5.085142565460469,5.280923410003706,5.4763162672264905,5.6694916067203245,5.859439024031965,6.046256546752892,6.2311154546188074,6.415855232833854
-2.4582977403896727e-7,0.09118920642418424,0.19469797480705328,0.32014132914182747,0.4734901904463076,0.6576362287506213,0.8733454188533119,1.120005450043833,1.396090492452346,1.6994291235595211,2.0273594361369556,2.376824201928264,2.74443539120471,3.1265237589942454,3.5191819928011996,3.918306138556497,4.319637991780771,4.718809979753796,5.1113933255456505,5.492949757893204,5.859086608045206,6.20551477057961,6.528108685089626,6.822967220369226,7.08647412028862,7.315356511066697,7.506739882302323,7.658197945213774,7.767795843343181,7.834125341273161,7.8563308388779864,7.8547362412093715,7.849970587107257,7.842088168426505,7.831179058367,7.817368501857461,7.800816081997192,7.7817146812105955,7.7602892593283235,7.736795473071789,7.711518162137407,7.684769726047149,7.656888412998726,7.628236537033771,7.599198632965541,7.570179549811993,7.541602473259489,7.513906856400344,7.487546226297521,7.462985822675778,7.440700015241902,7.421169438962336,7.404877783311405,7.392308173264743,7.383939087713456,7.38023977576801,7.381665153381948,7.388650191483838,7.4016038412266205,7.420902580084244,7.4468837016154055,7.45321516451625,7.404486708768049,7.298626932555658,7.146352855836723,6.964172887877358,6.767128451654901,6.566425043101995,6.369901591145551,6.183031834675146,6.00969225883739,5.852637346279766,5.713923042150642,5.594065091300741,5.4943341133256345,5.414332193199093,5.3534238476173845,5.310454413402882,5.283825079300275,5.271575160711383,5.271474910937072,5.281123771178696,5.298048172199073,5.319793897007902,5.344009563973878,5.368519377584108,5.391384559761302,5.410953690370043,5.425902586024357,5.435264443888911,5.438450894782597,5.425441568046154,5.386677896213104,5.322934781495375,5.235445246668389,5.1258182227786655,4.995934179532741,4.847828581103072,4.683574793061325,4.505178621919196,4.314495836506349,4.113181634079709,3.9026771570257996,3.684233244116144,3.458966321491367,3.227936577321981,2.992235141637417,2.753065454076467,2.511804481732569,2.2700316801224476,2.0295170483035214,1.7921637491696498,1.559905156225828,1.3345607818608762,1.1176606389431014,0.9102537167616349,0.7127237394369589,0.5246435056815598,0.3447050617108581,0.170761377002516,-2.0555336834527059e-7,0.10582973119683442,0.2219142404387303,0.3557493777713153,0.5109068518866493,0.6874490783743519,0.8830071471858574,1.093864003026777,1.3158388563907815,1.5449782793664504,1.7780951964421334,2.0131760354014085,2.249650753486122,2.4885057233157313,2.732219102048367,2.9845122807127513,3.2499366828868923,3.533346317689666,3.839332895153224,4.171709927741633,4.533171309544845,4.924838000729583,5.346612761210805,5.796848766581427,6.272675592062025,6.7701385708965764,7.284354947850604,7.8092947595081315,8.340414638549422,8.86872256298933,9.387937703658475
-2.0555336834527059e-7,0.5718233108107292,1.1450437431609322,1.7212575795441045,2.302381497153256,2.890634157359292,3.488346806886903,4.097611124754447,4.719812989364293,5.3551318312995875,6.00209806029782,6.657292517664718,7.315245943581745,7.968562076724532,8.608254969933393,9.224266064356437,9.806111679305712,10.343605459569394,10.827599953854088,11.250693837767725,11.607854116434995,11.896904739704175,12.11883422943156,12.277876019685605,12.381318480887018,12.43901098924518,12.462553433124324,12.464194706563193,12.455522566798555,12.446094672011169,12.442217353383953,12.438198101566314,12.426149919453824,12.40610148006124,12.37810041548144,12.342213083962767,12.298524246752388,12.247136657603665,12.188170568622937,12.121763156868747,12.048067876808052,11.967253744371193,11.87950455892177,11.785018069962991,11.68400509583058,11.576688601968298,11.463302746638675,11.344091902085601,11.219309659229467,11.089217823939176,10.954085412784297,10.814187655923748,10.669805014435175,10.521222218931896,10.36872733575547,10.212610866374643,10.053164884872654,9.890682217570404,9.725455667923228,9.55777728885417,9.387937703658487,9.245466439267659,9.166420705333229,9.15481485425272,9.201778578791693,9.292571708237453,9.413849356712943,9.556022608277985,9.712762800305626,9.87995419500084,10.054861440129782,10.235577306473152,10.420668090125698,10.608941562530987,10.79929040701119,10.990584919101806,11.181601074736525,11.370976638260215,11.557191115747042,11.738566559503266,11.913286424412517,12.079429440158213,12.235015143763006,12.378057506668124,12.506623070504924,12.61889018070786,12.713206237805753,12.78814031527167,12.842528964049848,12.875513493537042,12.886567459821556,12.875812426029825,12.843021589108789,12.786648173052361,12.704214791413827,12.592461183987494,12.447544465340707,12.265284682556512,12.041445889034616,11.77204041820353,11.453641892002379,11.083691006012744,10.660777490618095,10.18488193103346,9.657562294228793,9.082071912760796,8.463398094653494,7.808213193292716,7.124732575465483,6.422476143276938,5.7119315813382165,5.004118090885417,4.310049113595074,3.640092286207018,3.003227141609281,2.4062115544075193,1.8526966495135768,1.3423892009659169,0.8704532261338624,0.4274353255709501,-3.031633452195518e-7,0.5352442217444738,1.09592444209256,1.702355887381184,2.3663539514439553,3.090213682401794,3.8675270020562125,4.684935038890785,5.524124639010453,6.36371993126841,7.180952174976008,7.953097326407136,8.658703446489186,9.27863210399789,9.796930557132374,10.201542598349612,10.484857777759043,10.644091864993976,10.681486186583115,10.604310126060696,10.424649523935484,10.158963371696359,9.827391158052787,9.452793380726206,9.05951120091642,8.671848144027292,8.312331020072751,8.000231063612683,7.7473825418930105,7.563100375387649,7.4468837016154215
-5.410921385661844e-7,-0.1794395470159588,-0.35481219860806995,-0.5219026743502366,-0.676188757598964,-0.8126548264113487,-0.9255401962183704,-1.007939647315828,-1.0510588017078377,-1.0425861418928588,-0.9623556767515328,-0.7661658109540304,-0.1955163505331433,0.8634520142752573,1.3346778472854912,1.7538847166874225,2.1506181932121105,2.5321203305948785,2.8993846983915335,3.2509960365955086,3.584503883764404,3.897042849733169,4.185659747223112,4.44750420250194,4.679945511627378,4.880644658816122,5.047596890228957,5.179154408745259,5.274036009718207,5.3313289429465645,5.350487150535791,5.360190046498788,5.389081055663042,5.436520580793743,5.501485512639015,5.582627361498524,5.678342814165084,5.786848951954048,5.906256301017514,6.034634693769008,6.170068995468642,6.310703616829169,6.454776131735653,6.600641187903692,6.746786306784709,6.891841242816512,7.034582439892311,7.173933888937988,7.308965426680758,7.438889264838139,7.563055322062403,7.680945754910866,7.792168947694308,7.896453119283893,7.993639631596566,8.083676033491965,8.166608840010078,8.24257602612899,8.311799203430036,8.374575445017578,8.431268727261148,8.463153467319808,8.444392012948164,8.370154557358584,8.245730939735667,8.082237943042047,7.8901713344629885,7.677145320668378,7.448368684999154,7.207582689359808,6.957748574369179,6.701459431862763,6.44116887097388,6.179309338287937,5.9183436526961986,5.6607741532358835,5.409123154681979,5.165892805317034,4.933509805508764,4.714259654618853,4.510215566467091,4.323168517738717,4.154566564236108,4.005472834888319,3.876551550820704,3.768089148900679,3.680052780099527,3.612181701823103,3.5640999506241444,3.5354331879704546,3.5259104297568133,3.5210452823743448,3.506179253311973,3.4805523352126264,3.4430614030571607,3.3924765039711553,3.327692895820235,3.247982076962798,3.1532084726989087,3.0439852106175933,2.92174988746272,2.7887476904337647,2.6479143397950966,2.5026562183258054,2.356532363703687,2.212856303627875,2.074257693659252,1.9422722127040264,1.817051754089446,1.6972859188223302,1.580384737617999,1.4628988553533022,1.3410813450002792,1.2114626740813559,1.0713284070281264,0.9190378950926721,0.7541716353254144,0.577527116031375,0.39099587688524773,0.19735483556534614,-1.980395524991405e-7,0.31721409187137434,0.6255606382004615,0.9173816012973776,1.1872914096786837,1.4329426461871422,1.6553426494619272,1.8585904149310164,2.048979329901843,2.233569693076898,2.418549707045743,2.607859018108683,2.8025002315396743,3.0006901488585433,3.1986686201109396,3.391792651710719,3.5755591987915776,3.74633955555665,3.901762358086697,4.040792213283218,4.163605969691287,4.27137701430484,4.36605142963812,4.4501520871648115,4.5265957765601,4.598475008478878,4.668757116097617,4.739893170513843,4.813393799804766,4.889487015106601,4.9669894896322395
-2.942249255432461e-7,-0.1794395470154063,-0.3548121986078293,-0.5219026743500171,-0.6761887575987996,-0.8126548264112183,-0.9255401962182526,-1.0079396473157092,-1.0510588017077245,-1.0425861418927265,-0.962355676751384,-0.7661658109538522,-0.19551635053238442,0.8634520142754358,1.3346778472856164,1.7538847166875207,2.1506181932122015,2.5321203305949584,2.899384698391598,3.2509960365955752,3.5845038837644645,3.8970428497332317,4.185659747223179,4.447504202502005,4.679945511627434,4.880644658816184,5.047596890229019,5.1791544087453225,5.274036009718266,5.33132894294663,5.350487150535856,5.35028725377954,5.3496790923720186,5.348637560300578,5.347121827199654,5.3450768175155146,5.34243520276762,5.339119832999545,5.335046518647557,5.330127063221833,5.324272440653436,5.317396008908019,5.309416653273493,5.300261758179878,5.289869914973323,5.278193284144207,5.265199543497078,5.250873368071672,5.235217402764751,5.218252704121602,5.200018643293459,5.180572277392691,5.1599872111616705,5.138351984776762,5.115768036508131,5.09234730061224,5.06820951098331,5.043479289439082,5.018283103752995,4.992746184346877,4.966989489632238,4.93832840535122,4.9044614125382004,4.866041664007709,4.823662086259033,4.777846233701788,4.729043948748717,4.677632049673304,4.623919949756551,4.568159795686304,4.510560429554839,4.451304252011088,4.39056591082581,4.328531665431091,4.265418279255139,4.201490354382853,4.137075128323366,4.072573880431264,4.008469228998361,3.9453277293934916,3.88379730882496,3.8245992053672246,3.76851423927134,3.716363461614828,3.668983527140338,3.627197541383927,3.591782628326209,3.5634360071841567,3.5427418657955125,3.530141650340245,3.5259104297567747,3.521045282374319,3.506179253311938,3.4805523352125944,3.4430614030571225,3.392476503971118,3.327692895820202,3.2479820769627694,3.1532084726988763,3.0439852106175618,2.921749887462686,2.7887476904337483,2.6479143397950757,2.5026562183257655,2.3565323637036544,2.2128563036278295,2.074257693659209,1.9422722127039862,1.8170517540894078,1.6972859188222755,1.5803847376179494,1.4628988553532356,1.3410813450002144,1.2114626740812822,1.0713284070280504,0.919037895092576,0.7541716353253085,0.5775271160312365,0.39099587688506626,0.19735483556495514,-5.410921385661844e-7,0.3701485580067012,0.7632886518551683,1.19822535262143,1.6869065922694018,2.233664459057698,2.8357850686707664,3.4846591437271592,4.167068463809132,4.866460764597791,5.564206576388189,6.240857789946656,6.8774060823204985,7.456509077974092,7.963629057392151,8.388016820727868,8.723470479289471,8.9688021068443,9.127950842884712,9.209687289429146,9.226862822368437,9.195177046526888,9.13148228389567,9.051731890257598,8.968809783171944,8.890614305186878,8.818831204590055,8.748740070165468,8.670154319265233,8.569302975796992,8.431268727261154
-1.980395524991405e-7,0.48249806114911753,0.9620814999630612,1.43668977841047,1.9058375789135675,2.3710723856217766,2.8360525299013344,3.306172269164342,3.7877417507440505,4.286840628904256,4.808067560813509,5.35345306554553,5.92176086839452,6.508290949654449,7.105170347976022,7.702026640348192,8.286902987984638,8.847280784454474,9.371102854706338,9.84771828352615,10.268690651502075,10.628423557992374,10.92456323139305,11.158141343257755,11.333425859654785,11.457458425497206,11.539278358939937,11.588869884667208,11.615920700548749,11.628537956061296,11.632113379166748,11.629402122993714,11.621277535201381,11.607767083847191,11.588916302362689,11.564788421005115,11.535463853804025,11.501039543961861,11.461628171572963,11.41735722847483,11.368367966044172,11.314814222799628,11.256861139779387,11.194683772818014,11.12846561205015,11.058397020208853,10.98467360254708,10.907494522474714,10.827060778243581,10.743573457200254,10.657231985224744,10.568232389943942,10.476765597107683,10.383015780097466,10.287158782858548,10.189360636558602,10.089776189943791,9.988547872648002,9.885804609593038,9.781660903079821,9.676216097216463,9.58281155935164,9.522408945268921,9.501246996985165,9.515650042525325,9.556316303814066,9.614748126274925,9.68548195767441,9.76557057111318,9.853595296029598,9.948924009612742,10.051243962381028,10.1602805851243,10.275632193040998,10.396678626859918,10.522539689193072,10.652068697587028,10.783871225569648,10.916341535775931,11.047710629239367,11.176100879136449,11.299583151599819,11.41623321434904,11.52418508269548,11.62167971220813,11.707108082670185,11.779048210414453,11.836295975320075,11.877889868269945,11.903129876416925,11.911590751715115,11.909817346179098,11.902735927696044,11.885285382017237,11.849729151510983,11.786567148433921,11.68558486181767,11.536893525667002,11.331847741292474,11.063770511249587,10.728456040071492,10.324450728316437,9.853131521265077,9.318610472244343,8.727498155106696,8.088558976362323,7.412290115687383,6.7104535471363,5.995587563888478,5.280520288639164,4.577902405783295,3.899769186581866,3.2571318830672356,2.6595844231056707,2.1148914642307854,1.6284978047766043,1.202873176480293,0.836609250306785,0.5232955245314954,0.2505372305058224,-2.942249255432461e-7,-0.1899419801759622,-0.37324635521755706,-0.5427137426415953,-0.6899275326767547,-0.8043211197693095,-0.8714829977305274,-0.86911738731596,-0.753372505758653,-0.3511527652710163,0.8073602835057219,1.3523139938510793,1.8625909125191404,2.370758639318351,2.8827918574846847,3.3977821754236706,3.912318987972226,4.422104769993677,4.9227736872801975,5.410399493651661,5.881837679946831,6.334945036992446,6.768685187025698,7.183118052974145,7.579271859779167,7.9589036607836485,8.324166219218114,8.67721289436805,9.019784708723506,9.35283122775661,9.676216097216454
7.525860941284057e-8,0.13486500298778314,0.2576251858721927,0.3549291666911584,0.4097826368131652,0.39401872412828837,0.21549485926094938,-0.44821212859508086,-0.7913404282274871,-1.123669626759805,-1.4608055432718707,-1.8035039368494579,-2.149091217686974,-2.493820493857278,-2.833676061228743,-3.1647406877282256,-3.4833969730472476,-3.7864478777001382,-4.071187801613747,-4.335437412705022,-4.577548747818818,-4.796384696939394,-4.991276324152792,-5.161961593996879,-5.308509527109713,-5.43123437977278,-5.530604981357878,-5.607154753025497,-5.661398064815936,-5.6937583787362644,-5.704513016851343,-5.701107947593141,-5.6909002701025075,-5.673912461332208,-5.650181603570611,-5.619758816760777,-5.582708466258522,-5.539107148470417,-5.489042457380215,-5.43261153539051,-5.369919412080198,-5.301077134270672,-5.226199690010797,-5.145403727464934,-5.0588050668507405,-4.966515999020139,-4.868642357312413,-4.765280338968624,-4.656513037322887,-4.54240662423226,-4.423006090927969,-4.298330410413226,-4.168366919185068,-4.033064620193583,-3.89232596608012,-3.745996464491982,-3.5938511088311564,-3.4355760952818986,-3.270743388017414,-3.098774146664198,-2.918884243324026,-2.728360996600943,-2.5242960787792983,-2.304789417787877,-2.066651876337032,-1.8043029671436743,-1.507047457956955,-1.1502991117340886,-0.6449393618373624,0.6683481563264656,1.1231456864347251,1.4232534143788944,1.6544248556828656,1.8423577090028866,1.9990306267164053,2.1312543175533127,2.243407944479931,2.3385709199694893,2.419069940931482,2.4867718852737113,2.5432510855957444,2.589887687707825,2.6279246749208114,2.6584981730610324,2.6826495196911666,2.7013245979284943,2.71536448837136,2.725490801507769,2.7322886959332444,2.736190313412536,2.7374610161810042,2.7270081436984728,2.6965706989731846,2.648832146242207,2.587991048564528,2.5193299065878763,2.448588230864301,2.3811614964193053,2.321217341237965,2.270908301878376,2.229909296323757,2.1954516694775856,2.162861362194096,2.1264296992596923,2.080363421415556,2.019603120968869,1.9404040795074482,1.8406666486024381,1.7200531334780818,1.5799410127452773,1.423256354347816,1.2542200124824385,1.078028554035639,0.9004826010556698,0.7275654105903574,0.5649606916615408,0.41747775959700667,0.2883285490289115,0.17821323731805297,0.08434244091886108,2.3105574806458485e-7,0.4951191804261855,0.9833740320688417,1.4579480238000955,1.912212932651774,2.3400257338643944,2.7361947641631774,3.0970670927816024,3.4211297693913987,3.7094705486083064,3.96591990341804,4.196711381894898,4.409572320155755,4.61230453907149,4.811111674153889,5.009094367364985,5.205354533689115,5.394972335353106,5.569820689713336,5.719921459130119,5.834939750753258,5.905457684767198,5.923791742155825,5.884245733675149,5.782789659456075,5.616215898951927,5.380842224205996,5.070774175376888,4.675503354701198,4.175856826493068,3.5345343679717964
2.1588203696868856e-7,0.13486500298790968,0.2576251858722401,0.35492916669121977,0.40978263681315996,0.3940187241283292,0.21549485926103007,-0.44821212859502696,-0.7913404282274683,-1.1236696267597788,-1.460805543271854,-1.803503936849447,-2.1490912176869714,-2.49382049385727,-2.833676061228735,-3.1647406877282203,-3.4833969730472387,-3.7864478777001347,-4.071187801613743,-4.335437412705021,-4.577548747818816,-4.79638469693939,-4.991276324152787,-5.161961593996876,-5.308509527109708,-5.431234379772773,-5.530604981357876,-5.6071547530254895,-5.661398064815933,-5.693758378736261,-5.704513016851336,-5.697290926968046,-5.675625727980062,-5.63951984056953,-5.588974621296985,-5.523986199853486,-5.444539340183201,-5.350598965566596,-5.242098803810346,-5.118926340439171,-4.9809028612560695,-4.827756728103401,-4.659086997376721,-4.474312750972283,-4.2726004609875705,-4.052756110907777,-3.813057922918255,-3.550982944176877,-3.262729655525492,-2.942310053208127,-2.57960959064935,-2.1554654447660946,-1.6249871689761017,-0.8036671594938496,1.1536384294438073,1.8119508641654145,2.2814657476312363,2.662966513241608,2.989554213925181,3.2770622100397784,3.534534367971797,3.811894897149559,4.099657429893867,4.380293794058717,4.653432732637087,4.920812737766377,5.18437874983852,5.445877561843967,5.7067353734609325,5.968007792763263,6.230357803354986,6.494051679522797,6.7589693044944115,7.024625228236265,7.290196053956151,7.554550151949861,7.816277328005446,8.07371819522688,8.324994755286422,8.568044535511623,8.800660452830437,9.020537644766623,9.225327238101356,9.412695804131943,9.580388327379705,9.726291989397568,9.848497919330416,9.945358201822225,10.015535757635725,10.058045133308186,10.07228269008272,10.025599071990735,9.887175930192422,9.661839197859457,9.35744201541689,8.984581237599242,8.556202144626136,8.087089283834421,7.593236382020141,7.091082581479804,6.5966008382623755,6.124237569523712,5.685745635530516,5.289035900068451,4.937279551506137,4.628559723180395,4.356305025318719,4.110507016083548,3.879433625126919,3.651385737479105,3.416099904266641,3.165603646693098,2.8945356621968017,2.6000619467167314,2.281547208594648,1.9401173530733307,1.578209181176805,1.1991665277501566,0.806913209874127,0.40571165878356386,2.1588203696868856e-7,0.14331465480635786,0.2755248298907856,0.38477077266681287,0.45708281757632696,0.4727907530281986,0.39190064500587796,-0.19576802500196847,-0.6201596773790764,-0.9533295724187059,-1.273899643696971,-1.5888568206853348,-1.8965666029448756,-2.1929648570486417,-2.4731786628143597,-2.732122641467595,-2.9647450878313655,-3.166104781757923,-3.331334333956918,-3.4555045121712604,-3.5333833173824956,-3.55906151270293,-3.525374052992441,-3.422947127001569,-3.238435799061818,-2.9506989293249117,-2.5204446130078,-1.8495182554107847,0.27049829966176714,2.021894810272556,2.924795485616839
2.3105574806458485e-7,0.4620710087081439,0.9159402188154429,1.354091088599059,1.7703330965809778,2.160350212495856,2.5221034225226804,2.8560275616726414,3.164961547383011,3.453763725832158,3.7286010362577744,3.9959673579982162,4.26157161526936,4.529306579753647,4.800521876880857,5.07375803091281,5.344976125834687,5.608196269748728,5.856386482755721,6.082433926871724,6.280062015408686,6.444600518872534,6.573551461376748,6.666915024419857,6.727249723788685,6.759447031899739,6.770211346683545,6.767260893623589,6.758309950289654,6.749954711560693,6.746645561904048,6.742128694189754,6.728585321390319,6.706037045582422,6.674519572953437,6.6340822651659,6.584787505599383,6.526709874273693,6.4599351226855575,6.384558936531947,6.300685470080159,6.208425630429022,6.107895082608365,5.99921193672139,5.882494065212683,5.757855980500474,5.625405178690707,5.485237820993052,5.337433576411361,5.182049380554117,5.019111765434516,4.848607266918064,4.670470192024345,4.484566680110558,4.290673436928573,4.088448607803787,3.8773907005020294,3.6567787041556428,3.4255813922984464,3.1823135902210695,2.9247954856168357,2.6163328098829406,2.285349393556266,1.9610044583738473,1.6560595152528006,1.3836118546106644,1.1609641794795378,1.0103146631906208,0.951322746639723,0.9844840964763694,1.0865569828148434,1.2276199126638487,1.3850360999339306,1.5450229064767527,1.6998408287535498,1.8453064638710683,1.9792805159399571,2.100821077994726,2.2097087354004943,2.3061710297785805,2.390713965694995,2.46401180447319,2.526829450387072,2.5799641297810845,2.6241997661497454,2.6602709453057254,2.6888349773021765,2.710451101001183,2.725565880582456,2.734503680619412,2.7374610161809994,2.7270081436984595,2.696570698973168,2.648832146242197,2.587991048564523,2.5193299065878705,2.4485882308642974,2.3811614964192906,2.321217341237957,2.270908301878367,2.22990929632375,2.1954516694775736,2.1628613621940818,2.1264296992596807,2.0803634214155458,2.0196031209688603,1.9404040795074375,1.8406666486024266,1.7200531334780746,1.5799410127452664,1.4232563543478045,1.254220012482426,1.0780285540356291,0.9004826010556518,0.7275654105903341,0.5649606916615224,0.4174777595969813,0.2883285490288788,0.17821323731797625,0.08434244091869926,7.525860941284057e-8,0.09765196814096637,0.21834858905459506,0.3736606947433458,0.5631959619147492,0.7791721083636417,1.010242963833362,1.2440424819017213,1.4690355568461315,1.6759684308798644,1.8589504145396807,2.0160726253212027,2.1494144178320043,2.2642920975333483,2.367705579007738,2.466178178569902,2.563509080930754,2.6591502772522593,2.7477391435071787,2.8197997237403722,2.8631220389994976,2.8641379949948234,2.808690820142821,2.6816535806629465,2.46446121103846,2.127495331474807,1.6016803498967391,0.4765160954810273,-1.5617935559368288,-2.3185812958095693,-2.918884243324025
1.8531577031580377e-7,-0.13254010299406555,-0.25941830825250545,-0.37488012387087355,-0.4729226690131831,-0.5469752060720694,-0.5891919926353089,-0.5887047654432402,-0.5262142018106517,-0.3453310158844588,0.3775797424650883,0.7220604864783968,1.0130041754800427,1.2891958568407804,1.5588320545119012,1.8240203440691878,2.084813424734826,2.3403677678909776,2.589358989605011,2.8301484012245095,3.0608585394568486,3.2794195417202117,3.4836136354321536,3.6711296170915393,3.839630969061524,3.9868363129452535,4.110607855029068,4.209041784996108,4.280553947652811,4.323954300314618,4.338504503916926,4.3449856120341,4.364319087074233,4.396180664083519,4.440046913377128,4.495218789973713,4.560851074999305,4.635985007399888,4.719581538181338,4.810553093746937,4.907792356728435,5.010197215678368,5.116691592821526,5.226242276225741,5.337872147856435,5.45067032990599,5.563799800324397,5.676502988703763,5.788105785193951,5.898020300369132,6.005746618067391,6.110873695287637,6.213079487935891,6.312130320373552,6.407879470442233,6.500264909145568,6.589306114169662,6.675099866962044,6.7578149401675915,6.837685574312153,6.915003586401653,6.950207581007462,6.89070856907283,6.766488601425337,6.617190067599883,6.461163189674139,6.305304743487809,6.152221122593339,6.002897536893879,5.857713417180153,5.716879105875682,5.5806447046603465,5.449403210489497,5.323733817625027,5.204403313483764,5.09233283958651,4.988534118732986,4.894020086392105,4.809697998633907,4.736257088954517,4.674066163282616,4.623097643039143,4.582892492109635,4.552575285987597,4.530921963721161,4.516476411294453,4.50767915028987,4.502749397684582,4.4998192882135895,4.498104002686658,4.497526509793947,4.480187056652945,4.429320181072421,4.348284489678494,4.24235489413596,4.118230113670479,3.983338781062235,3.8449705738215307,3.7093100560928183,3.5805199826648657,3.4600763177272755,3.346550268930135,3.2359331584216564,3.1224383936240554,2.9995753895610604,2.861245981265109,2.70267072820003,2.521062045788473,2.316055386970063,2.0898181404327967,1.8465286542088777,1.5917539468695294,1.3323045573083707,1.0759885908760851,0.8311697380786018,0.6062771722460794,0.40931202912564024,0.2473311871554391,0.1257394082629048,0.046405059390986075,2.729515250043152e-7,0.06385897555684536,0.21165001164932676,0.44453078317982353,0.7463153787262242,1.0955645741001006,1.4686132666611265,1.841994972431675,2.194724371273102,2.5103769404186145,2.7787631486930064,2.9969374580639463,3.169256300583533,3.3062173658906207,3.4219581374952917,3.5306800211082114,3.6428739375679724,3.7626814599653327,3.8874739338840065,4.009729679319359,4.119859428945971,4.210393134931798,4.276624181677807,4.3187006183095065,4.340814675869354,4.349834599990012,4.353287284614831,4.357315724585233,4.365240414913444,4.377169031199866,4.390693852329168
2.2539257898379522e-7,0.5316728941628516,1.0641665681013837,1.5986453506408544,2.1368502648257524,2.6811320964815515,3.234235281067671,3.798839374372723,4.376925070489494,4.969079760164563,5.573877759971215,6.187456080267941,6.803364809044558,7.4127182542378725,8.004625830947372,8.56685033640199,9.08662711156724,9.551576298443884,9.950645950673161,10.275031089739404,10.519019538563171,10.680717322127904,10.762602873841377,10.771848674394265,10.720330708946314,10.624223354008205,10.50306181010999,10.378172220903307,10.270460555590422,10.19774498980396,10.172082436273525,10.168525399262093,10.157866199962163,10.140140524009267,10.115407682126405,10.083750361730742,10.045274278401465,10.00010772642276,9.948401027387677,9.890325875626768,9.826074579017474,9.75585919355111,9.67991054990062,9.598477170168705,9.511824073028505,9.420231465631213,9.323993320981751,9.223415840013843,9.11881579837015,9.010518778951173,8.898857292677194,8.784168791646069,8.666793580999634,8.547072638369615,8.425345352820798,8.301947198882175,8.177207365926128,8.051446369875789,7.9249736862060205,7.798085471294575,7.671062526003149,7.588666032305169,7.608734983604451,7.701624798668263,7.827655902143066,7.9681788255789785,8.115861466128456,8.267650102283726,8.42220826350683,8.578982235391951,8.737810914687392,8.898726034864248,9.06182114565862,9.22714680530119,9.39461939716477,9.563943067096305,9.734548689561565,9.905554352366789,10.07575043606866,10.243610088806166,10.407323545476455,10.564852816746855,10.714002021517695,10.852498082078176,10.97807652657011,11.088567567046045,11.181978262490048,11.25656729212866,11.310909563629435,11.343948518102925,11.355034557496232,11.34489094147578,11.314592273531055,11.26445272513017,11.194738835911572,11.105342277407296,10.995428394842898,10.863144142636068,10.705462431676125,10.51821677578334,10.296345292396184,10.034324990630383,9.726745027651779,9.368947845169794,8.957661918134297,8.491557073905387,7.9716683344937325,7.401652059413096,6.78785501762175,6.139190635451728,5.466826018478242,4.783688019075796,4.103796333047308,3.441426103357924,2.8100923792942614,2.221338372167158,1.6833139525813947,1.1991881794234662,0.7656143451487906,0.3717941275338713,1.8531577031580377e-7,-0.1589064290689231,-0.3122556687075053,-0.45532220603570683,-0.5831729641027318,-0.6895154618392998,-0.7658597150890161,-0.8001572198082663,-0.7732664775022475,-0.646068488921643,-0.23584378647408674,0.7265122397266405,1.169223500065458,1.5769418388551961,1.9746806323208146,2.3673668023856145,2.754809110094188,3.1352716017668834,3.506839931734618,3.8681011493545965,4.21889751168535,4.55953559082521,4.892418475556974,5.220707017817224,5.548375784066363,5.879611333450702,6.218151094385269,6.566622908281545,6.925981861808441,7.2952839955325075,7.671062526003149
2.729515250043152e-7,-0.13254010299435195,-0.2594183082526746,-0.37488012387092945,-0.4729226690132634,-0.5469752060721457,-0.5891919926353779,-0.5887047654433186,-0.5262142018107354,-0.3453310158846081,0.3775797424648902,0.7220604864783101,1.0130041754799763,1.28919585684073,1.5588320545118504,1.8240203440691394,2.084813424734793,2.3403677678909394,2.5893589896049676,2.830148401224472,3.0608585394568175,3.2794195417201837,3.4836136354321217,3.671129617091512,3.8396309690614987,3.9868363129452287,4.110607855029045,4.20904178499608,4.280553947652784,4.323954300314597,4.338504503916905,4.338031706836599,4.336632197772452,4.334361947359816,4.331312008649081,4.327605245824814,4.3233919057121035,4.318844182563616,4.314149967436869,4.309506011005108,4.305110760652294,4.30115715646347,4.29782568331481,4.295277974968362,4.293651248829745,4.293053815915945,4.293561860204532,4.295217617192922,4.298029007113647,4.301970699037655,4.306986503963043,4.312992923837002,4.31988362447542,4.327534557418459,4.3358094311260995,4.344565226092974,4.353657460410129,4.362944939793854,4.372293766159757,4.3815804281467585,4.39069385232917,4.398358505927229,4.403732977480051,4.407399569991695,4.409963587710618,4.412023913289886,4.414140254146939,4.4168000123772755,4.420388046816536,4.425162551876533,4.431239833281741,4.438589938915714,4.447043998644619,4.456312892653286,4.46601568063627,4.475715245648015,4.4849579486787645,4.4933137993877805,4.500413708761302,4.505980739935591,4.509852830221784,4.51199512733957,4.512500753123418,4.51157927591753,4.509531960848265,4.50671204896131,4.503495698527473,4.500508685779413,4.49859690547209,4.497746332086089,4.497526509793925,4.480893188951348,4.432066302672755,4.354173018399105,4.252116539002401,4.132109337674803,4.001023445873117,3.8655883544536085,3.7315119896514055,3.602657503156472,3.4804516738675515,3.363690780769502,3.248824483970689,3.1306625115512934,3.0033292552892092,2.8612459812651223,2.699954180349525,2.5166628511366866,2.310472427009268,2.082419615556279,1.8357529951298373,1.5760139316587398,1.3104333397573888,1.047294791474781,0.7954171796571278,0.5636515085836553,0.360356786458532,0.1927346010997912,0.06444142087674971,-0.03027417268832582,2.2539257898379522e-7,0.46198365602396513,0.9579204470328654,1.5123331823595396,2.1353866077317694,2.8231544914259756,3.560919497931664,4.327281453093921,5.097900481001614,5.848480138708977,6.556923299143261,7.204695153781538,7.777470400673948,8.265186341551686,8.661674018149784,8.964078240818477,9.172283835190411,9.288526397001993,9.317281890224368,9.26541634075487,9.142460732581593,8.960784853490825,8.735400838400722,8.483152730404777,8.221164053737562,7.9646382063119985,7.724415276951944,7.504973311213176,7.303630372948518,7.111236473335722,6.915003586401653
-5.092893358974384e-7,0.5024837756070771,1.0029701001668663,1.500011191441877,1.9931739245023623,2.4833407393862923,2.9727809602311868,3.4649542487866505,3.96405074687165,4.474326137555896,4.999340561965792,5.541239316110327,6.100206826678785,6.674184300616581,7.258881478537829,7.848055727167381,8.433993029698224,9.008109541375436,9.56159436614424,10.08602590078717,10.573908715504789,11.019091860558618,11.417041793112393,11.764954450208013,12.061702502652484,12.307626448031376,12.504192196220565,12.653552429799412,12.758062416197319,12.819810296047832,12.840224073633403,12.837078659752418,12.827650349380082,12.811962859645227,12.79005546434547,12.761982614824571,12.727813415190543,12.687630957826833,12.641531526792614,12.58962367830758,12.532027209055752,12.468872024507434,12.400296920830298,12.326448295220315,12.247478800608974,12.163545961672153,12.074810769854256,11.981436275703587,11.883586197167736,11.781423562597922,11.675109407038962,11.56480153991847,11.450653401484757,11.332813024270182,11.211422114477239,11.086615266505799,10.958519321880551,10.827252881623073,10.692925978676607,10.555639914379556,10.41548726024329,10.28822128633963,10.205214944646785,10.184677563436011,10.225036780152987,10.308945451224453,10.419366386800156,10.545592156339302,10.681852937925466,10.82512011683734,10.973698406805024,11.126457672341822,11.282430319431802,11.44060913367219,11.599858911611985,11.758895403904196,11.916304356364925,12.070582954957978,12.220191247241862,12.363604605008453,12.499361039487592,12.626099539267358,12.742587638146544,12.847738095967204,12.940615835193451,13.020437091528711,13.086563123659449,13.13849084579725,13.175842493059703,13.198356017285567,13.205877447651666,13.189313035505878,13.138103467791174,13.047924608510534,12.9122791445513,12.723432810961649,12.473505390543815,12.155565800551921,11.764604392493782,11.298293805152579,10.757489768258962,10.146457206175487,9.472831874149632,8.747343980371564,7.983339655609233,7.196140678475307,6.402283974984611,5.618680889292997,4.861732470528188,4.146431557518963,3.485476942414469,2.8884241389743663,2.3609118990652402,1.9040503505777122,1.5141453185910039,1.1830266489111136,0.8992178764203874,0.6498803873687731,0.4229655478655776,0.20872628566876705,-3.4125715321763725e-7,-0.1878375442160455,-0.3723519530978657,-0.5500460437228896,-0.7170365125359283,-0.8687626234886904,-0.9995610945895749,-1.1020090599554642,-1.1658061197860772,-1.1755528423487498,-1.1052063023234484,-0.8981207090058029,-0.2410609560441097,1.0527345661319067,1.6664627000528394,2.242293822649401,2.815798454822242,3.3956642301320707,3.9827487647928983,4.5747234154024605,5.167853512941025,5.757908263626558,6.340713807342206,6.912506779816423,7.470139099278652,8.01115151710332,8.533727104012947,9.036540855404859,9.518531201831285,9.97862911104783,10.415487260243289
-3.4125715321763725e-7,-0.17781690667595787,-0.35672994280880704,-0.537413430305398,-0.7197639745644909,-0.9026562769863752,-1.083826193137233,-1.259868521875196,-1.4263187630514147,-1.577779872456708,-1.7080521383148524,-1.8102198203843187,-1.8766330380431082,-1.8986803364347373,-1.8661295612776296,-1.7654617073078438,-1.57533669653856,-1.2506975849848452,-0.606542798566327,1.042566912012283,1.6622485546741017,2.1466265506450064,2.5605916145517305,2.921414796117004,3.2346188690726527,3.5015500277414806,3.721897878721507,3.8947486889926695,4.019088973913104,4.094065347210603,4.119121520933529,4.118030477577473,4.1148065700577074,4.109596231872924,4.102639397252173,4.094263295912356,4.084873735758548,4.074943879805945,4.065000575629398,4.055608381622752,4.047351555859665,4.0408144264886,4.036560736317027,4.035112729582068,4.03693089993206,4.042395415679399,4.051790253534272,4.065290986058275,4.082956976800323,4.104728455009877,4.130428601280074,4.159770420765336,4.192367858708196,4.227750363451732,4.265379949334543,4.304669761875621,4.3450031896071915,4.385752678218699,4.426297555658421,4.46604034478955,4.504421201581278,4.539495727262354,4.569744807578156,4.595251303567621,4.616079654621624,4.632305677653413,4.644045514652476,4.651481322162803,4.654881491703578,4.65461352603237,4.651148152056279,4.645053813245704,4.636981343296269,4.627639366799543,4.617761777164885,4.608069458343968,4.599229165526896,4.591813052955457,4.586262613718682,4.5828606724195575,4.581714493954367,4.582752068094557,4.585732317876204,4.590268548863207,4.595863122340925,4.601950288165511,4.607943471831871,4.6132831057130925,4.617481277285876,4.6201599389559735,4.621080073244368,4.617746537922291,4.606836264563579,4.585774731166431,4.550752321772983,4.497341049568619,4.42118588955381,4.31866633573801,4.187451858652384,4.0269077781307585,3.8383347873872493,3.6250414439985166,3.3922541304427876,3.1468645385174576,2.8970023217345364,2.651404259631188,2.4185436767070185,2.205514318131937,2.016773576826558,1.8530486071970949,1.7108792869385876,1.583179763121326,1.4607560243303197,1.33422799599135,1.1956929886058585,1.0397554193583944,0.8639072502492531,0.6684323536671526,0.4560257087955565,0.23126321942563374,2.6054643760738174e-7,0.34709433058285066,0.7011240648733955,1.070829388795191,1.4674724771856626,1.9038320511318052,2.391665216897389,2.938627800784334,3.545865136919303,4.207010005630099,4.908627957861037,5.6317223534664365,6.353833029637525,7.051355719034901,7.701816855650186,8.285906685604076,8.789108937019664,9.202787187290015,9.52461201766948,9.758250328741411,9.912298988129272,9.998538201267483,10.029706441670093,10.01713851913185,9.968711713516756,9.887544515645763,9.771745433339639,9.615244510672403,9.40946170813307,9.145392550139285,8.815679640607824
2.6054643760738174e-7,-0.17781690667570227,-0.35672994280863,-0.5374134303053119,-0.7197639745644018,-0.9026562769863099,-1.0838261931371853,-1.2598685218751464,-1.426318763051373,-1.57777987245667,-1.7080521383148182,-1.8102198203842788,-1.8766330380430596,-1.8986803364347,-1.8661295612775863,-1.765461707307797,-1.5753366965385018,-1.250697584984772,-0.606542798566169,1.042566912012399,1.6622485546741668,2.146626550645065,2.5605916145517726,2.921414796117042,3.2346188690726883,3.501550027741513,3.721897878721543,3.8947486889927014,4.019088973913138,4.094065347210637,4.1191215209335565,4.132336341718328,4.171648741466447,4.236093585346708,4.324158999465971,4.433910104299524,4.56312753854947,4.709440203172398,4.870438094105287,5.043758654889427,5.227146306492107,5.418488684362413,5.615834763757272,5.817400151710883,6.021564087008685,6.226861656870986,6.43197372792632,6.635716243237382,6.837029893470966,7.034970712103085,7.228701835370672,7.417486469059576,7.600681983225732,7.777734987222997,7.948177202679386,8.111621938766639,8.267760973957198,8.416361656189583,8.55726404577157,8.69037794061723,8.815679640607826,8.910475118433839,8.937810898066097,8.88190635995654,8.747109618731455,8.553844476580183,8.32246235310488,8.067145944195072,7.797216603461679,7.5192428988346816,7.238362017814959,6.958965742494944,6.685025952517691,6.420223552638421,6.167964949868537,5.93133020418896,5.712979855010901,5.515041973276515,5.3390008293448865,5.185609456466643,5.054847079895926,4.9459368053030115,4.857428988328429,4.7873434955456435,4.7333532649058325,4.69298555771543,4.663817488101494,4.643647779598404,4.63063456568278,4.623396557067761,4.621080073244363,4.617746537922282,4.606836264563573,4.585774731166423,4.550752321772974,4.4973410495685995,4.4211858895538,4.318666335737994,4.187451858652369,4.026907778130748,3.838334787387234,3.6250414439984993,3.392254130442775,3.1468645385174456,2.8970023217345107,2.6514042596311698,2.4185436767069985,2.2055143181319137,2.0167735768265254,1.853048607197059,1.7108792869385465,1.5831797631212827,1.4607560243302697,1.3342279959913008,1.195692988605798,1.0397554193583225,0.8639072502491573,0.6684323536670437,0.45602570879539317,0.23126321942533662,-5.092893358974384e-7,0.3656096903779148,0.7135348348029718,1.0287324303322594,1.3013153230973302,1.528742708723608,1.7173001942096755,1.8821292409693284,2.0447403958492303,2.2273962436202885,2.4457667291667904,2.703561290142178,2.99214781291932,3.294521136641222,3.590673554177682,3.8621327168830737,4.09499520554318,4.28157394737122,4.42087378772796,4.5179974200091255,4.582527988450197,4.626028625031483,4.659055118369992,4.68839850913057,4.715423147529639,4.736108684377308,4.742783864917927,4.726925251471774,4.682142265779649,4.606601951020216,4.50442120158127
-4.7650021044047474e-7,0.48257575935208147,0.9521262566738747,1.3971262489786054,1.8090174857285086,2.1835832325183255,2.522108275358104,2.832092691598352,3.1271485587262755,3.425638652448986,3.747816744871007,4.111850724138284,4.52989906061129,5.005661807457499,5.534129383100993,6.103162376557552,6.695946804956931,7.293490590882146,7.876741129342415,8.428226473605173,8.93326133481563,9.380778685378386,9.7638230291128,10.079712827654676,10.329862138014658,10.519249879135694,10.655541827843066,10.74790737343867,10.805628649758932,10.836663847449856,10.846377857922132,10.841598910303832,10.827272897030305,10.803432255264466,10.770130875210613,10.727443843222124,10.675467083562426,10.61431690021181,10.54412942048604,10.46505994258725,10.377282189537935,10.280987472252342,10.176383764768508,10.063694694894727,9.943158453709838,9.815026627489223,9.679562955700783,9.537042018716647,9.387747858805161,9.231972537789229,9.070014634463138,8.902177684426194,8.728768564390482,8.550095822210618,8.366467952818754,8.17819161886034,7.985569813030932,7.788899956795372,7.58847192717391,7.384565999402967,7.177450688504952,6.8345267204874585,6.528809210162445,6.231165800877827,5.946579946216086,5.678293079257647,5.428701031943628,5.199413767893064,4.991259958227801,4.8043201805844085,4.638004070533296,4.491168289468581,4.3622626376629485,4.249486848420442,4.150940336224393,4.064750714402537,3.989172598811375,3.9226541554274297,3.8638735796900483,3.8117505763627313,3.7654390262823663,3.7243068672088913,3.6879083466188205,3.655952676484857,3.6282720122855188,3.6047907250876894,3.585497188151001,3.570418779022172,3.5596005142103975,3.553087667532911,3.5509127959749676,3.54228122903713,3.516590274637216,3.474443740718605,3.41682317791261,3.3450506164614775,3.2607363350273126,3.1657118091333767,3.061948409227652,2.9514632332952675,2.8362148031714507,2.7179932840031173,2.5983122693632184,2.478311572382395,2.358682083679364,2.239623543874908,2.1208428943033755,2.001593158523658,1.880733977250063,1.7567075557344367,1.6260146481631674,1.5050083876491014,1.3611872478418279,1.2137363665766294,1.059071580249835,0.8968720386392904,0.7274919020526829,0.5517540473150769,0.3708710056609927,0.1863694523601273,-3.7383431038588086e-7,-0.30060512778528875,-0.5990747122348985,-0.8931943071672193,-1.1806036539300817,-1.4587514756696187,-1.724877635114492,-1.9760233150254307,-2.209064592607012,-2.4207593930826254,-2.607792441779648,-2.766797934789781,-2.894335205658115,-2.986787168108506,-3.0401413366195107,-3.049591743806968,-3.008849857811693,-2.908925186395686,-2.7357749189068676,-2.4650079814720853,-2.046423963639333,-1.328419832556849,1.118910420450289,2.2186686501227144,3.050287047033562,3.8006802863870166,4.513948622660159,5.205796103372653,5.881191415852667,6.539657579676847,7.177450688504956
-3.7383431038588086e-7,-0.2851637668198277,-0.5711926372148212,-0.8587488935102214,-1.148112653485843,-1.4390452907641755,-1.7307078013961472,-2.0216382562563275,-2.3097853466616933,-2.592589953685324,-2.8671039441120345,-3.130134675549752,-3.3784043464896563,-3.6087147158515926,-3.8181093482399087,-4.00402710008155,-4.16444187273519,-4.297984629492574,-4.404044245054575,-4.482843870942208,-4.535489094713955,-4.563983197958632,-4.5712033133483905,-4.56082948587967,-4.537217188279735,-4.5052039380413795,-4.4698441473688115,-4.436075236570199,-4.408333362121776,-4.390156927647852,-4.383834060680109,-4.381266137338067,-4.373554213742021,-4.360673895782982,-4.3425847410748615,-4.319230554251026,-4.290539747536293,-4.256425713523739,-4.216787141303832,-4.171508190305715,-4.120458417529722,-4.063492331882667,-4.000448421938806,-3.931147467400485,-3.8553898948817866,-3.7729518677491023,-3.683579695586263,-3.5869819919712937,-3.4828187673913327,-3.3706862620334026,-3.250095702935019,-3.1204431310530802,-2.9809656384084318,-2.830676078148453,-2.6682620413267863,-2.4919221138658867,-2.299084231001458,-2.0858821471791678,-1.8460741599738457,-1.5684420748274288,-1.22878501167751,-0.772113755763346,0.559807629266453,1.1036102164284383,1.4546762989506747,1.7336293471353366,1.9705161152838921,2.17816573022625,2.3632635096666466,2.529668489480214,2.679745292966732,2.8150046158468247,2.936453546546276,3.044806895562121,3.1406245205664707,3.2244053099945105,3.2966532694963546,3.3579238283914417,3.408854727998226,3.450183849030291,3.4827552599641947,3.5075142380027367,3.5254918495527394,3.537779796929779,3.5454966007005813,3.549746749302808,3.5515751318894586,3.5519197471332586,3.551566178120197,3.5511074745245224,3.550912795974953,3.5427110299266498,3.51827968113046,3.478133748090514,3.4231087845504167,3.354326962928378,3.2731501537672774,3.1811209097860527,3.0798928912745054,2.9711531509719125,2.8565397785098243,2.737559585196791,2.6155116000594094,2.4914228698667147,2.3660030797813256,2.2396235438748895,2.1123240261945977,1.9838477900022253,1.8537016448454275,1.7212336666636672,1.5857059457667675,1.4466397452461845,1.3030414926484535,1.154779263528187,1.0016136074937358,0.843603581607791,0.6810694523482648,0.5145775543441553,0.34491068686541054,0.1730254999302817,-2.2689489528456732e-7,0.3369557263446369,0.6675869054289039,0.9860871243141817,1.2876616360272817,1.568963955315048,1.8284287443978928,2.066437806804604,2.2852658350553723,2.488488242077816,2.680832098627734,2.8664935022086997,3.04857372422875,3.2280707816713576,3.403419867130597,3.5705340244484125,3.723305308096634,3.854397099818607,3.9561147066031817,4.02116730213467,4.043192756255046,4.016975974098898,3.9383342788597626,3.8036611288712856,3.6090958263444652,3.3491666448707504,3.014397915421448,2.585975994546734,2.0193365264478604,1.1498501978352513,-1.2287850116775154
-2.2689489528456732e-7,-0.28516376681962546,-0.5711926372147431,-0.858748893510177,-1.148112653485834,-1.4390452907641438,-1.7307078013961297,-2.0216382562563138,-2.3097853466616742,-2.592589953685303,-2.86710394411202,-3.1301346755497366,-3.3784043464896443,-3.608714715851586,-3.8181093482399,-4.004027100081544,-4.164441872735182,-4.297984629492563,-4.404044245054564,-4.482843870942202,-4.535489094713948,-4.563983197958627,-4.571203313348385,-4.560829485879662,-4.537217188279726,-4.505203938041373,-4.469844147368802,-4.436075236570194,-4.408333362121768,-4.390156927647844,-4.383834060680105,-4.3673491787800405,-4.317682100452429,-4.234167762736588,-4.11559807265418,-3.960044081476018,-3.764534930330265,-3.524471061114892,-3.2324826517841037,-2.8759564428004465,-2.430676659034752,-1.8387659157114908,-0.8435123783415783,1.4415837081774643,2.228341201037808,2.8157055837167677,3.308232964286366,3.740730233303336,4.1296679974374815,4.484303591688067,4.810439523065223,5.112015413519155,5.391884730934322,5.652232343180547,5.894815047653422,6.121107109538226,6.332391264025236,6.529816620038326,6.714435519912584,6.887226490322454,7.049107710820909,7.334890597583535,7.583603975783613,7.829811785553093,8.073472447998357,8.31564069296325,8.557425066819523,8.799808522286812,9.04356674154208,9.289212894454614,9.536958895807913,9.786692576369807,10.03797097764676,10.29002889675511,10.541800545000438,10.791951356573664,11.038916774281383,11.280945169753657,11.516142708697563,11.742518702272555,11.958030602689403,12.160628204847704,12.348296793148583,12.519098969302306,12.67121478435456,12.802979646855915,12.912919343737682,12.999781424822716,13.062562180768372,13.10052848833812,13.113233898345063,13.072836915586826,12.951762984332147,12.750408446145032,12.469578644604995,12.110684330880341,11.675978241942854,11.168800073300945,10.593796914795771,9.957088845012882,9.266354993021462,8.530822922457709,7.761152588626686,6.969214404349967,6.167768352928191,5.370057012151144,4.589329360760173,3.838314355900409,3.1286675499531262,2.4704698534336256,1.873095119210429,1.3219341340536577,0.8442838880952022,0.3844709898860842,-0.32187083354184354,-0.41395599809594735,-0.3858622197908393,-0.30961030651877935,-0.21245153310932194,-0.10735140645202192,-4.7650021044047474e-7,0.21921118936110376,0.43569006097651547,0.6505950107835422,0.8720154333090425,1.1158151718815432,1.4029232603152262,1.753482958018292,2.1808264019598105,2.688571349039767,3.270207700594396,3.9116886462685554,4.593204044869621,5.291431834106292,5.9814524454102145,6.638535367673446,7.239801375189181,7.765717458618449,8.201344969663204,8.537242429654532,8.769919035874072,8.9017415478574,8.940219113744677,8.896636281792809,8.784085737970784,8.615075578094975,8.399035301266492,8.1401657610532,7.8360846940291475,7.477540422698641,7.0491077108209055
-2.672245428519713e-7,-0.07089506906711872,-0.11151709968199962,0.02078288827504837,0.2649578596768588,0.49573043237808834,0.7653777625262477,1.0751454678240049,1.4230173103445483,1.8058173201852699,2.2196640133098104,2.660135624242503,3.122367510455482,3.601135898168522,4.090943609941937,4.586111564382517,5.080875289185545,5.569483664669365,6.046296218800822,6.50587505742339,6.943067747006697,7.353078068432616,7.7315224446533435,8.074470924062723,8.378472776282901,8.640567919839825,8.858286440737796,9.029639272017985,9.15310359876898,9.227606670970129,9.252511426462204,9.249985506153878,9.242413570045125,9.22981306296951,9.212212961715975,9.189653630833902,9.162186626042892,9.129874450231924,9.092790268046498,9.05101758578679,9.00464990373784,8.953790348094142,8.898551289313648,8.839053953041677,8.775428028701137,8.707811279486592,8.636349155874099,8.561194412931089,8.482506729756302,8.400452327386112,8.315203579564994,8.2269386089944,8.135840860146672,8.042098638559105,7.9459046058003535,7.847455219113552,7.746950105155888,7.644591358329795,7.540582755967449,7.4351288850964865,7.328434178662241,7.218113979790468,7.102801809199922,6.983866300967857,6.862657316300296,6.740486956843486,6.618610418038655,6.498207195017673,6.380363275871491,6.266055054958982,6.156135752005855,6.051325111264018,5.952203063824949,5.859207859590252,5.77263892094475,5.6926643598154465,5.619332767513977,5.552588573206888,5.4922900125931715,5.438228586905862,5.390148844138013,5.3477673830102095,5.310790152102503,5.278927364422677,5.251905636029378,5.229477248785816,5.211426697541757,5.197574883077263,5.1877814380168665,5.1819457416846575,5.180007253526527,5.166507389672345,5.126375975266832,5.060692244125239,4.971172270524663,4.86005089883597,4.729928334090147,4.583593334423013,4.423838069384345,4.253282016890851,4.074223052957507,3.8885323849098965,3.6976056818200056,3.5023757537046003,3.3033833381641036,3.100893629783688,2.8950390854838224,2.6859653368359075,2.4739573959659875,2.259527342982964,2.0434511446026016,1.8267497576403826,1.6106170588338982,1.3963037585176152,1.184972098008922,0.9775407784660334,0.7745430037747509,0.5760219879193189,0.38148641310744325,0.18994160440140695,-2.0461219746511758e-7,0.2933638233838036,0.5835442280685039,0.8672079204215285,1.1408239980221637,1.4007901506251492,1.643754270325529,1.8670971524678452,2.0694926724114038,2.251425444345759,2.415525518507796,2.5665806898787404,2.7111246959894486,2.8565888953936716,3.0101563898834494,3.1776106302639033,3.3625380931688382,3.566138124531472,3.7876509776847027,4.025179002200592,4.276573582431688,4.540108096246222,4.814786314658815,5.100272430755806,5.396533401451075,5.703343053255029,6.019807651741333,6.344038750943419,6.67303598291447,7.002773697179649,7.328434178662237
-2.2650635060581986e-7,0.5690059956080211,1.1395383096503067,1.7132965176629968,2.292246801014741,2.8785731049201995,3.474456495456087,4.0816949261095985,4.701217227474362,5.332575585889596,5.973511525815071,6.6196791772520855,7.264581468008668,7.8997395786399,8.515083321982411,9.099526235440543,9.641675669523128,10.130623207708059,10.556761129835294,10.91257317157887,11.1933500816498,11.397780730086776,11.528366717055047,11.591602357720685,11.597854053041422,11.560868229477423,11.496845412136167,11.423055390949408,11.356050831986463,11.309665277547056,11.293122601810882,11.290682989114512,11.283375498776584,11.271234071513842,11.254314933927468,11.232696088478244,11.206476603226873,11.175775705215978,11.140731682620428,11.101500602143583,11.05825484960398,11.011181503251285,10.960480551077108,10.906362965242996,10.849048648724242,10.788764271343053,10.725741014507516,10.660212246139318,10.592411149407996,10.52256833092506,10.450909435908676,10.377652799419698,10.303007164000778,10.227169494823913,10.15032292367507,10.072634852694675,9.994255247678234,9.915315148875361,9.83592542458833,9.75617578947174,9.676134105322967,9.599546228592091,9.528730333729978,9.461065194608642,9.394349574592255,9.327080031442078,9.25857844508296,9.18902503860636,9.119436007760468,9.051599287478098,8.987963257154002,8.931464895944227,8.885286730737182,8.852546286870831,8.835945318928953,8.837430413222094,8.857928153937069,8.897206642403361,8.953883150786332,9.025560414535848,9.109048694889035,9.200624665014745,9.296287260490534,9.39198581447072,9.483809772044701,9.568138865415277,9.641757756168122,9.701941048001283,9.746514588580323,9.77389810192337,9.78313301007835,9.815523570221814,9.908725244822326,10.051462254147188,10.22683984511744,10.41456600961084,10.59316430649218,10.741817725197036,10.841713410832913,10.876919315557943,10.834892823894348,10.706726690412122,10.487214910435611,10.174793580259374,9.771389394348978,9.282193324419502,8.715368099812117,8.081693420327417,7.394150589236645,6.667447011876164,5.917479581413397,5.160733299308036,4.413606529165713,3.6916462964848766,3.0086665405604034,2.375713948708673,1.799855533925036,1.2828256329994319,0.8197435037944507,0.3984157348724204,-2.672245428519713e-7,-0.0793202469090419,-0.12941139207351005,-0.08097062294825014,0.25326433640565627,0.4980392178090993,0.7794912447440618,1.100558085977907,1.4590230935028783,1.8510835521116056,2.272053532515513,2.7166179507774046,3.178990759445748,3.653063506868875,4.132568164462217,4.611263263679893,5.083142170513228,5.5426580327149555,5.984955509946908,6.406095429091963,6.803254762160178,7.1748810817183495,7.5207784878899,7.842101819496226,8.141239631159197,8.42157179459769,8.687107058817697,8.942015798928367,9.190103542468517,9.434285360026822,9.676134105322967
-2.0461219746511758e-7,-0.07089506906679043,-0.11151709968187846,0.02078288827667521,0.26495785967695695,0.49573043237816516,0.7653777625262979,1.0751454678240628,1.4230173103445967,1.8058173201853092,2.2196640133098455,2.6601356242425394,3.1223675104555157,3.601135898168551,4.090943609941965,4.586111564382542,5.080875289185567,5.569483664669385,6.04629621880084,6.505875057423406,6.943067747006708,7.353078068432627,7.731522444653356,8.07447092406271,8.378472776282912,8.64056791983984,8.858286440737793,9.029639272018002,9.153103598768991,9.22760667097013,9.252511426462199,9.252589131324248,9.252787044881734,9.25300042095374,9.253057513915136,9.25272373975415,9.251707335122509,9.249666360170655,9.246216862985353,9.240942005331231,9.233401941273415,9.223144241464752,9.209714665121659,9.192668097243976,9.171579488472597,9.14605465708652,9.115740835070426,9.080336861177155,9.039602941937682,8.99336991533758,8.941547960281305,8.88413469704514,8.821222618805047,8.753005781197917,8.679785654964439,8.60197601537409,8.520106700949405,8.434826023119966,8.346901548913415,8.257218913214043,8.166778250318329,8.066565547789285,7.949336405195092,7.818363450605798,7.676901820919462,7.527991977674131,7.374378734773616,7.218483124114491,7.062383008621046,6.90778748142924,6.756013265148007,6.607984666695651,6.464280729304023,6.325242515017559,6.191131102902271,6.062300678678299,5.9393348389135046,5.823099715080575,5.714694420389651,5.615313974083414,5.52606547387978,5.4477863341074055,5.380905952364251,5.325376417929134,5.2806804666758085,5.245909872539224,5.219896813405297,5.201375129792036,5.189147487122406,5.182237099143533,5.180007253526536,5.166470780284824,5.1262324062002085,5.0603798696936275,4.970643070709031,4.85927543623869,4.7288996496458795,4.582329639833697,4.422383875791893,4.251707373487625,4.072620677433314,3.887012655555316,3.696289709041547,3.5013870095908857,3.30283853328254,3.100893629783697,2.89566063026535,2.687254178999771,2.475923266027733,2.262140943261877,2.0466432273789437,1.830412283704894,1.6146064546962826,1.4004463593746348,1.1890719202708468,0.9813897348889492,0.7779334792575978,0.5787612879400424,0.3834120098781329,0.19093548341509978,-2.2650635060581986e-7,0.5207065915104889,1.0731696829010748,1.6817170461300701,2.35886707983171,3.1046795335822472,3.9085475200357394,4.751892067071725,5.610859667717625,6.4587033954320985,7.267808406883088,8.011406765332568,8.66503313417477,9.207761279457692,9.623251018050555,9.900629393971675,10.035226692514975,10.029184422905379,9.89194423567981,9.640605619783448,9.300089644785373,8.902937391075955,8.488372240249728,8.099979778466077,7.781209206307986,7.568414596753777,7.482851644752051,7.525182749383455,7.6759885629902715,7.9023345646769165,8.166778250318334
-3.254993027255773e-7,0.17536744079104638,0.356993252811155,0.5506553606760219,0.7612680990702481,0.9926490612963353,1.2474318634437611,1.5270845541674487,1.8319865998572635,2.161529151982689,2.5142194840568814,2.8877829311556362,3.279262477913333,3.685118527140558,4.101331188152199,4.523506104930908,4.946983287870007,5.366947077289944,5.778534447576246,6.176938409929292,6.5575032681080545,6.915808866088206,7.247741659023514,7.549551345768694,7.817892820219841,8.049854223323218,8.24297280279219,8.39524101740187,8.505105779034086,8.571463856893432,8.593656256999722,8.591981850088791,8.58696839962128,8.578645189515555,8.567060937286923,8.55228366252531,8.534400506712396,8.513517508198465,8.489759337055693,8.463268995255218,8.434207488122603,8.402753473243134,8.369102892839202,8.333468595042191,8.296079948342983,8.257182451740755,8.217037340637136,8.175921185276573,8.13412547447327,8.09195617248704,8.049733231265146,8.007790033968574,7.966472738949398,7.926139486432066,7.887159423478,7.849911496889667,7.8147829591566635,7.782167530070899,7.752463157003888,7.72606932081455,7.703383842634887,7.669102291346442,7.606257104752892,7.516133850920612,7.403978474401935,7.276706556068736,7.140775649954937,7.001305387138884,6.8620528546630615,6.725666096419885,6.59394203035601,6.468023028355636,6.348540704254584,6.235728951294741,6.1295232398553345,6.029654956453483,5.935742628811424,5.847377343600415,5.764197581591735,5.685948667244024,5.612523387124827,5.543982324083365,5.480554445683571,5.422620082693275,5.370679506044516,5.325310920029526,5.287121978438936,5.256699025722785,5.234558223271015,5.221102521303086,5.216588015029424,5.205204009463381,5.171216819924194,5.115111080062947,5.037662717939969,4.939894782436436,4.823022307570562,4.688392154984773,4.537424392693404,4.371561632969613,4.192231803683371,4.000828107734565,3.7987075994570803,3.587207156948873,3.3676730155531365,3.141497822690684,2.9101576863287195,2.6752411008712578,2.438461974997405,2.201650152100291,1.9667146270644513,1.735576953858393,1.510075033935177,1.291840664764985,1.082158166528521,0.8818163912543918,0.6909724476293926,0.5090516287114007,0.3347118207120907,0.16589805653981546,2.6842367632297076e-7,0.566810242712076,1.1559462639059117,1.785007429569492,2.4636305085623795,3.192338304151528,3.9631243099616515,4.761050096053348,5.566245458532772,6.355957401931599,7.106486826151784,7.794947144538623,8.40081089975992,8.907214730206311,9.301990963978003,9.578394860882986,9.73550255259979,9.778265261240035,9.717218160852262,9.56785461672544,9.349686423914088,9.085018093608264,8.797472345258496,8.510324427112042,8.244747353843453,8.018142948713917,7.842811542373374,7.725236627640271,7.666165050102827,7.661448868190764,7.703383842634886
2.2372240188858616e-7,0.17536744079122013,0.3569932528112781,0.5506553606761279,0.7612680990703098,0.992649061296399,1.2474318634437942,1.5270845541674694,1.831986599857267,2.1615291519826827,2.514219484056866,2.887782931155607,3.279262477913311,3.6851185271405464,4.101331188152174,4.523506104930883,4.946983287869981,5.366947077289907,5.778534447576212,6.1769384099292575,6.557503268108023,6.915808866088173,7.2477416590234816,7.549551345768661,7.817892820219808,8.04985422332319,8.242972802792156,8.39524101740185,8.505105779034045,8.571463856893413,8.593656256999704,8.591494892687724,8.585022670307284,8.574275061114568,8.559310716413515,8.540210768456744,8.51707785609985,8.49003488011113,8.459223495143027,8.424802347961553,8.386945074665862,8.345838073341284,8.301678072870175,8.254669523426355,8.205021839405346,8.15294653104894,8.09865426661002,8.042351912326705,7.984239602444078,7.924507895715148,7.863335077894371,7.8008846713719375,7.737303212982975,7.672718358910622,7.607237371318587,7.540946034831022,7.4739080422827415,7.406164878479337,7.337736218350326,7.2686208422847605,7.198798057133903,7.126029685415896,7.048601187229038,6.967227590485948,6.882576200583403,6.795269831425425,6.7058925609197715,6.614997299824079,6.523114344298341,6.430760025961355,6.338444585187394,6.2466784748001745,6.155976447747371,6.0668589843016925,5.979850858003223,5.895476907357066,5.8142553514842765,5.736689239270424,5.6632568284653475,5.594401829519321,5.5305244977789565,5.471974502853946,5.419046341853337,5.371977803607587,5.330951658345844,5.2961003789328025,5.267513341414616,5.245245651590369,5.229327541902419,5.219773207673091,5.216588015029427,5.205204009463389,5.171216819924202,5.115111080062957,5.037662717939976,4.939894782436441,4.82302230757057,4.688392154984782,4.537424392693413,4.37156163296962,4.192231803683382,4.000828107734576,3.7987075994570882,3.58720715694888,3.36767301555315,3.1414978226906887,2.9101576863287244,2.6752411008712516,2.438461974997402,2.2016501521002985,1.9667146270644447,1.7355769538584043,1.5100750339351539,1.291840664764966,1.0821581665284825,0.8818163912543626,0.690972447629315,0.5090516287113267,0.33471182071194405,0.16589805653954862,-3.254993027255773e-7,0.2047062194068362,0.4120266157343157,0.6242910718266331,0.8432566916087979,1.0698344332571037,1.3038806725202812,1.544119891061872,1.7882549916465977,2.0332883596247067,2.276031210355764,2.513732843332538,2.744722664810626,2.968930770006514,3.1881439176902027,3.4058750754339266,3.6267917794751456,3.8557662897992033,4.096752442387127,4.351795452102862,4.620471512609014,4.8999183483659,5.185420946072832,5.4713568607196885,5.752240828446843,6.0236315573149675,6.2827330633126195,6.528603177189339,6.761957797229771,6.984629153815516,7.1987980571339
2.6842367632297076e-7,0.5330114871603245,1.069362900669862,1.6122858781550102,2.164761269183844,2.7293199189278217,3.3077841999982023,3.9009701237613315,4.508388150492061,5.127990099233162,5.75600802827183,6.386920197039708,7.013563080010032,7.627391212302191,8.218871710627896,8.77798926506749,9.294830365603042,9.760211711379995,10.166315991159657,10.507297364686787,10.779818016635442,10.98347531364939,11.121075933642372,11.198709130652505,11.225567765593366,11.213467069874246,11.176024781735219,11.12750213482346,11.081370601565812,11.048759739770343,11.0370305418933,11.034163982783527,11.025573475257179,11.011286471617662,10.991348535702677,10.965823059112026,10.934790866384011,10.898349711576447,10.856613669404439,10.809712424782818,10.757790465309139,10.701006181907006,10.639530883522282,10.573547732428205,10.503250607341096,10.428842902176621,10.350536268878688,10.268549313323925,10.183106253838389,10.094435552348411,10.002768528616832,9.908337968378794,9.811376736474799,9.712116406271399,9.610785916750336,9.50761026861992,9.40280927064829,9.29659634712436,9.189177416910644,9.080749853952982,8.971501538357549,8.876410135119308,8.81278000512162,8.780861855692564,8.776899322995416,8.795410343419832,8.831295465254842,8.880687836779,8.940938298266124,9.010315399288151,9.087698393094504,9.172334578936342,9.263658581279545,9.36115718545528,9.464266887740324,9.572297263041326,9.684377549831792,9.799425921516827,9.916141155532635,10.033015493780349,10.14836610900857,10.260381337105382,10.367177076702024,10.46685862067179,10.557583591105654,10.637622407217739,10.705413608402443,10.759612207459522,10.799129954900598,10.82316691254788,10.83123406892896,10.834236845050762,10.842384773739486,10.853126973674948,10.862315319198544,10.864366163337898,10.852496089021573,10.819033255253446,10.755798841189215,10.654544787227207,10.50742649524574,10.307483857550052,10.049101585006316,9.728420199128784,9.343671674400571,8.895417831036513,8.386674481970617,7.822909443934663,7.21190736066928,6.5634984727786705,5.889151695139909,5.201434458153327,4.5133429161292264,3.837507364626199,3.185281894489754,2.5657405265383684,1.9846346036057807,1.4434298532592962,0.9386367356328895,0.46173715756593126,2.2372240188858616e-7,0.1861028682081192,0.3792683155819529,0.5855461980473606,0.8092567274150133,1.0527040686605238,1.316270459784826,1.5987478556283963,1.8977677759641782,2.2102359479593336,2.5327227576891715,2.861788971358575,3.194240903818571,3.527316203581055,3.858805079326466,4.187114208969021,4.51128229894558,4.830957104311764,5.146343310218846,5.458128838435343,5.767394116914754,6.075505350247551,6.383989936738522,6.694391066735315,7.008100074557888,7.326169467691694,7.649115942782507,7.976729464685896,8.307909542869025,8.64055136285851,8.97150153835755
-3.26300885427498e-7,0.5593476262971688,1.1221244889906306,1.6920981281704337,2.2735623899937525,2.8712607247384807,3.48999715537499,4.133971589003438,4.805955137866655,5.506469129339709,6.23313274880919,6.98030233705703,7.739060642989716,8.497551433324343,9.241610205281836,9.95561931849063,10.623510775989379,11.229844399123184,11.76089676304681,12.20570298150024,12.556997180253122,12.811997119406337,12.972972987141969,13.047529277711403,13.048512809208825,12.993444548595315,12.903371566817846,12.801072915416468,12.708660126665212,12.644802987262517,12.622042097251054,12.619738908042125,12.61283586661297,12.601352472206118,12.585320960490398,12.564785913927517,12.539803726064008,12.510441929160155,12.476778396751111,12.438900434572574,12.396903774729719,12.350891489019407,12.300972837923117,12.247262071986158,12.189877202116527,12.128938754826983,12.064568527670364,11.996888359166597,11.926018926479284,11.852078583073498,11.77518224767187,11.69544035511385,11.612957879283591,11.527833438139906,11.440158491050479,11.350016639033086,11.257483039015318,11.162623943658804,11.065496378438946,10.966147967317891,10.86461691735258,10.772103200074,10.697693523984592,10.642454556132929,10.605973037508994,10.586507484489418,10.58165375786427,10.589086103431432,10.607017306938056,10.63432207461558,10.67044109014315,10.715193106223962,10.768573836527617,10.830578260038493,10.901059688544356,10.979628552962778,11.065589620759358,11.1579144893525,11.255245128683148,11.35592348935272,11.458041699076466,11.559507191760007,11.658117274662114,11.751638102800845,11.837883709697145,11.914791532511037,11.98049166666483,12.033367813271278,12.072108496013477,12.095747605428707,12.1036936830583,12.122358754592996,12.17509552876476,12.25257956781688,12.340654586926963,12.422050217642198,12.47823041224927,12.491084896700379,12.444296902407283,12.324333662001322,12.121080502951317,11.828173558713004,11.44309300361408,10.967072165067325,10.40486727381126,9.764422654213089,9.056458353563487,8.294001477558938,7.49187812858769,6.66617895582682,5.833706986572059,5.011410516299031,4.215794852360842,3.46229226859533,2.7645462207250424,2.1335304974247156,1.5763810718139384,1.0948064731177791,0.6830927115664768,0.3262760831902709,-1.6955345684092782e-7,-0.19573015860850038,-0.37891426158172503,-0.536308572487832,-0.6527329608550486,-0.7081661441150379,-0.6688285801529333,-0.43759246143231895,0.5831537224065038,1.1046519151715746,1.5868756465532021,2.0728204584070538,2.570852169802217,3.0875204751495535,3.605607925003031,4.137389474513152,4.674556859240223,5.213086358094973,5.748736015807935,6.277209007350993,6.794360399929168,7.296416136942451,7.7801794113700335,8.243197865289728,8.683865181007372,9.101407757874822,9.501592306331904,9.869095481939718,10.220452612712288,10.552013868283892,10.864616917352578
-2.456543421585693e-7,-0.19368596172622343,-0.3804367230306185,-0.5529283033255472,-0.7029727814016103,-0.8208058634717907,-0.8937750730424598,-0.9033396110024128,-0.8159533936965967,-0.5340063581007616,0.6236681823816373,1.190014861909608,1.6876623391915835,2.173750101788061,2.6592219431085713,3.1452442082857535,3.6294597508352635,4.107932660359619,4.575974500490958,5.0285826184031075,5.460713115793046,5.867468761565399,6.244234329204275,6.586774034871533,6.891298916943339,7.154509560850601,7.373618939528383,7.546360153676056,7.670983947560383,7.746250750765862,7.771421515506476,7.774649670484182,7.78429214002297,7.800223862890979,7.822239450054157,7.850057628475216,7.883327221821821,7.921634451282061,7.964511308174629,8.011444735820612,8.061886360169556,8.115262524375423,8.170984408343726,8.228458046258515,8.287094089403785,8.346317194882591,8.405574950516451,8.464346270509825,8.52214921441319,8.578548193215102,8.633160531271486,8.685662351857848,8.73579374828505,8.783363192802641,8.828251123094642,8.870412632318622,8.909879174719558,8.946759186338147,8.98123751081114,9.013573515388048,9.044097783734298,9.058063723494463,9.040738342894194,8.990610371503514,8.907905867796925,8.794539645062864,8.653529072991168,8.488303869522282,8.302265752267598,8.098653502464238,7.880597466486305,7.651238927937338,7.413839087330858,7.171844616792067,6.92889955993192,6.6888030446096804,6.455416120434203,6.232523540314099,6.023659813947801,5.831914236396769,5.659736366786727,5.5087696983198144,5.379743968337311,5.272452644857636,5.185830362284395,5.11812752010267,5.067160962633063,5.030606360671494,5.006293121968133,4.992466230505034,4.987988384049043,4.974826620737116,4.935547084487301,4.870768206666448,4.781523657297002,4.669263591808013,4.53585047710556,4.383544407536938,4.214972267507354,4.033075031075837,3.8410280513011736,3.6421306134416294,3.439663630072813,3.2367185222688133,3.036006323402891,2.83966363312607,2.6490799890265238,2.4647768757282167,2.2863683280875127,2.112623921753427,1.9416369672322709,1.7710785651127228,1.5984996317435525,1.4216349274119318,1.2386675128228086,1.0484253501902145,0.850497470579407,0.6452690048553519,0.433876665972332,0.21807445322941593,-3.26300885427498e-7,0.35118204166370565,0.6916707664451542,1.011889277428638,1.3045639179236364,1.5656803385761064,1.7950642815544966,1.9964859572713107,2.1771520221225598,2.346504359651005,2.514426093987079,2.6892378008351243,2.876112429549315,3.0708291538987824,3.2868623252241367,3.5047579054742486,3.7242917899875203,3.9412328023300818,4.152918432160801,4.358575121446531,4.559070878060924,4.756275043336743,4.952250077964181,5.148520329604576,5.345621785318934,5.543037218752178,5.739493606227001,5.9334859029399025,6.123825578806672,6.310008024911134,6.492250086534545
-1.6955345684092782e-7,-0.19368596172642305,-0.38043672303058895,-0.5529283033256358,-0.7029727814016287,-0.8208058634718529,-0.893775073042491,-0.9033396110024688,-0.8159533936967089,-0.5340063581008732,0.6236681823815268,1.1900148619095325,1.687662339191511,2.1737501017880247,2.6592219431085344,3.1452442082857157,3.629459750835232,4.107932660359583,4.575974500490923,5.028582618403084,5.460713115793023,5.867468761565372,6.244234329204253,6.5867740348715085,6.891298916943316,7.154509560850572,7.373618939528362,7.5463601536760345,7.67098394756036,7.746250750765836,7.771421515506457,7.769217867651499,7.7626252460912335,7.751698250990594,7.736526669900542,7.717233682408763,7.693973394230636,7.666927748518163,7.636302875967831,7.602324959005875,7.56523569866728,7.525287485392331,7.482738386356347,7.437847071536448,7.39086780784272,7.342045654606719,7.2916119938627375,7.239780524601899,7.186743841118799,7.132670701528783,7.077704073623571,7.021960021887625,6.965527472473755,6.9084688632852655,6.850821655313531,6.792600650451407,6.733801031597611,6.6744020143559695,6.614370977216371,6.553667919731529,6.492250086534555,6.431727656450305,6.366804107829119,6.298335870156474,6.227125066209029,6.153919690636807,6.079415509726731,6.004259110438067,5.929051505739795,5.854351732906192,5.780679959116279,5.70851972648438,5.638319114680863,5.570490759571561,5.505410826122121,5.443417178890216,5.384807110633281,5.3298350675915085,5.278710840266791,5.231598666209636,5.188617616564049,5.149843516687368,5.115312494714921,5.085026077993364,5.058957589938952,5.03705947170841,5.019271105176088,5.005526779173145,4.995763588502985,4.989929109038711,4.987988384049101,4.978816230286794,4.951078913965861,4.904159587317153,4.837175143371467,4.7491696729527675,4.639343315932621,4.507285668511126,4.353184919265311,4.177988772194402,3.983499379151978,3.7723906857234097,3.5481420091723517,3.314886115762335,3.0771740363577247,2.8396636331261313,2.6067465687618796,2.3821411625836078,2.1684975516513085,1.967082950940049,1.777627525864413,1.5983990892446052,1.4265272862202887,1.2585260453266796,1.090900186620959,0.9207019871350594,0.7459334214005617,0.5657458365311644,0.38043488290588123,0.19124264135164132,-2.456543421585693e-7,0.44769348967011185,0.937017035468888,1.4992440715944721,2.150201374791564,2.8908134596201207,3.710282261741764,4.589517391389742,5.504007041781478,6.426126810555353,7.327069687586625,8.178543459701817,8.954309814616812,9.631583337589399,10.192272609313148,10.62402417261795,10.921017603444833,11.084451882234696,11.122656254796155,11.050750659681865,10.889772819241156,10.665190259432535,10.404748318293045,10.135706191644106,9.881715042235287,9.65989306018001,9.4729862068255,9.33635050319204,9.226099247837567,9.1336384924064,9.044097783734301
-5.888662424674125e-7,-0.18084360736545704,-0.3585360955148776,-0.5297020357801588,-0.6905213301952361,-0.8365088694736137,-0.9622722255072934,-1.0611892279082191,-1.1248677539998657,-1.1420417092222261,-1.0958760627934834,-0.9556156718722695,-0.6337041244283288,0.6061710190515581,1.190940504768433,1.6624559392591123,2.098204767332267,2.513592167124744,2.9119268082618923,3.2924540162137603,3.6527958033492425,3.9899482171190517,4.30076945466021,4.5822447360073095,4.831634877934191,5.046555751237974,5.225013362801975,5.365410174418016,5.466534194306897,5.527540138916073,5.547930204258333,5.5543675290879015,5.573562611113981,5.605169917820948,5.648630203423105,5.703193786049027,5.767950070311644,5.84186087783484,5.923795164448196,6.01256300315764,6.10694719095596,6.205731382496208,6.307724171753759,6.411778974010788,6.516809878258943,6.621803844160217,6.725829724026572,6.828044621954668,6.927698082843437,7.024134553802983,7.116794494926875,7.205214446240435,7.2890262894973565,7.367955880966555,7.4418211759495945,7.510529917743957,7.574076922715184,7.632540958424025,7.6860811827952755,7.734933088755647,7.779403880576248,7.778291641162909,7.681687277703394,7.54115886607453,7.387924206290129,7.229751920494796,7.068395250953803,6.904049816881135,6.736519930549693,6.565601063939971,6.391220243307507,6.213480859060242,6.032663618071274,5.849207821602541,5.663687149165115,5.476789265469834,5.289305380553226,5.102133320240992,4.916295330184925,4.7329695734038,4.553531985888962,4.379602744808639,4.21308901618804,4.0562129041381825,3.911510894796444,3.781789388785199,3.670021802941939,3.5791786616234513,3.5119953834003375,3.4707028672990003,3.4567679167370904,3.4556600433116595,3.4513959293474357,3.4413227478192048,3.421539570623661,3.3875503256131085,3.334976045925575,3.260215305807635,3.160981202215577,3.036682746286494,2.888645994757276,2.7201826721838325,2.5365124572930604,2.344530204236537,2.152380731623617,1.9687660760962837,1.8018905596739814,1.65802067588609,1.5398928673123846,1.445587864676215,1.3686140527985042,1.299401982353493,1.2275511418525726,1.1438545812903789,1.041545778447826,0.916768920004988,0.7685287083264496,0.59836511346308,0.4099040506385546,0.2083570359860087,-5.838279387247556e-7,0.319532974895358,0.619874732914253,0.8843031644014197,1.1009351626200659,1.264890109078487,1.3800675843131076,1.4600873237704166,1.5273213152353409,1.608368005173499,1.7255735289117071,1.8885437395904168,2.0919866042992874,2.320911520076774,2.558110001770024,2.7896135428870514,3.0072843919561176,3.209198194442455,3.3984613356158913,3.580933083593581,3.7624218465987305,3.946144947100099,4.1312597618619336,4.312905987708103,4.483604226720303,4.635400748532547,4.762043401726601,4.860639138765374,4.932483043763403,4.982942831731587,5.020427341142083
-5.838279387247556e-7,0.5148758597868357,1.029175358342777,1.5429880548199149,2.0575803782625055,2.5756156100456025,3.10099059741485,3.638269746095555,4.191791350615432,4.764612122796843,5.357507539105636,5.968234117207369,6.591190067762848,7.21751519803086,7.835587370278622,8.431823400094625,8.991677806362391,9.50074115383241,9.945856955350441,10.31619268179841,10.604211788251428,10.806498207973243,10.924381825662913,10.964302350763628,10.937829793482946,10.861235974768258,10.754495689767117,10.639615783186212,10.538286627224155,10.469054291815288,10.444490781175503,10.441307644918464,10.431768798564999,10.41590585880736,10.393771285427572,10.365438030980547,10.33099905382882,10.290566697999875,10.244271944318367,10.19226353823639,10.13470700074509,10.071783529693265,10.003688799761028,9.930631670231708,9.85283281056679,9.7705232546082,9.68394289500064,9.59333893013193,9.498964276519612,9.401075960113339,9.29993350041829,9.195797301660416,9.088927065391042,8.979580238949088,8.86801051404785,8.754466389412801,8.639189810854843,8.522414901407926,8.404366793186597,8.285260571423615,8.165300339739595,8.08782415493341,8.10524774706882,8.16705238237583,8.242997592781748,8.326220114221242,8.415788649539431,8.512224633686232,8.616307517238809,8.728661272152955,8.849585156175804,8.97898691311113,9.11637065635719,9.260858202891967,9.411231482665329,9.565987402124723,9.72339872017212,9.881576139757833,10.038528219142723,10.192216918494587,10.340607605042335,10.48171311942094,10.613632048028517,10.734581664776195,10.842926134939951,10.937200561927323,11.016131357163262,11.078653272663308,11.123923294142571,11.15133147600052,11.160508721675715,11.169141776444743,11.19248245568544,11.22321344247635,11.250246843094017,11.260120771918263,11.238532966891746,11.171775600208822,11.047917567255082,10.857666285638697,10.594904841252086,10.256936612323237,9.844484317087282,9.361492636402842,8.814780184210008,8.213581708629762,7.569016721710394,6.8935165869524075,6.20023808236385,5.502487008616182,4.813169908968728,4.1442848771195795,3.506453433149343,2.90848476535184,2.356952819474794,1.8557603154950784,1.405671925100247,1.003838771455968,0.6434250090499292,0.31357132781980146,-5.888662424674125e-7,0.4312801108677841,0.8813238016508708,1.3666685813507709,1.8996986232150983,2.487219913421801,3.129624976748938,3.8206589309985817,4.547766172694901,5.292977783799727,6.034273453952631,6.747317435530998,7.4074344402733,7.991666935450386,8.480744616322351,8.860800576506179,9.124684479366264,9.272746379696773,9.312990459709587,9.260522078832215,9.136236440425268,8.96473745415406,8.771561670642674,8.57994925515457,8.407647815615443,8.264453215799525,8.151188720529186,8.060464345971198,7.978966889461155,7.890561121125535,7.779403880576236
-5.231788418169366e-7,-0.18084360736549904,-0.3585360955148594,-0.5297020357801075,-0.6905213301952318,-0.8365088694736086,-0.9622722255072963,-1.0611892279082291,-1.1248677539998522,-1.1420417092222228,-1.09587606279348,-0.9556156718722635,-0.6337041244283633,0.6061710190515657,1.190940504768443,1.6624559392590974,2.0982047673322555,2.513592167124752,2.9119268082618937,3.2924540162137608,3.6527958033492487,3.9899482171190543,4.300769454660213,4.582244736007316,4.831634877934194,5.046555751237984,5.22501336280198,5.365410174418004,5.466534194306899,5.527540138916074,5.5479302042583285,5.546398396600813,5.541824385777332,5.5342721065476965,5.523847107850814,5.510695027995055,5.494999438994821,5.47697904310283,5.456884205403793,5.434992811315161,5.411605447746736,5.387039922074373,5.361625154253276,5.335694504174735,5.30957862803941,5.283597992692415,5.258055213423382,5.233227415860014,5.2093588528993235,5.186654029473294,5.165271597810838,5.145319280834334,5.126850059649743,5.109859822538559,5.094286619023249,5.0800115968013255,5.066861626434604,5.054613544313625,5.042999874418822,5.031715828969471,5.020427341142086,5.007304477905403,4.990729545131302,4.970553368203771,4.94649656904495,4.918188602112204,4.885212897322851,4.847154844046952,4.803649361358482,4.754425082246384,4.699342653083183,4.638425227748077,4.571879843011147,4.5001089439978035,4.423711855755109,4.34347646052173,4.260361747157274,4.175472264389391,4.090025848555795,4.005316317388748,3.92267311725951,3.8434201545291478,3.768836181800261,3.700119078946704,3.6383560967935016,3.58450157210092,3.539362784877639,3.5035936012172915,3.4776944975937516,3.46201672040602,3.456767916737082,3.4556600433116462,3.4513959293474468,3.441322747819195,3.4215395706236658,3.3875503256131045,3.3349760459255706,3.260215305807625,3.1609812022155754,3.0366827462864885,2.8886459947572645,2.7201826721838263,2.536512457293062,2.344530204236537,2.1523807316236354,1.9687660760962955,1.801890559673996,1.658020675886098,1.5398928673124084,1.445587864676235,1.3686140527985156,1.2994019823535055,1.2275511418525864,1.1438545812904035,1.0415457784478455,0.9167689200050015,0.7685287083264785,0.5983651134631064,0.40990405063859847,0.20835703598609218,-5.231788418169366e-7,-0.1903725954364402,-0.36892076304181565,-0.5235562209958322,-0.6413839949891537,-0.7073252045016546,-0.7001386148295393,-0.5767742040933631,0.11657268754049585,0.7613303487297914,1.176747194584129,1.5610194618151045,1.9323588702736556,2.2951874912558488,2.650731089394725,2.999520950155287,3.342168798745047,3.6795903653466646,4.013014592584012,4.343907678393839,4.673871209807726,5.004541064320584,5.337493806698277,5.674154449641514,6.015693378609135,6.362901303861546,6.716038482199193,7.074665724843153,7.437476289016973,7.8021559138145635,8.165300339739595
-1.9646408917780107e-7,0.6100981297472954,1.2155704568685086,1.8121589693585802,2.3962774058135077,2.965194427678212,3.5170534094010852,4.050708583335715,4.565386638374067,5.060215673244219,5.533693120777141,5.983182900690022,6.404533284891067,6.791889327134887,7.137741936270076,7.433218832236242,7.668590287419719,7.833941268127048,7.919953528100174,7.918745153087553,7.824728544277624,7.635469163854719,7.352556883346363,6.9825420383738415,6.538041929839334,6.039182597545155,5.515546571741485,5.008517085642052,4.572693232202602,4.272036883522201,4.163822835272545,4.157910150432481,4.140165141862468,4.11056618246039,4.069074620075282,4.015630658756082,3.950147144163981,3.8725007230054205,3.7825195555643862,3.679966316982821,3.5645145166958323,3.4357149941264247,3.2929474228837017,3.135347984604965,2.9616973513431897,2.770238784496617,2.558364484779064,2.322030856063105,2.0545465879052833,1.7436442834090293,1.3624056676028753,0.8218526753371652,-0.7038223372254739,-1.2845708014795514,-1.6682417981734818,-1.9719766064648168,-2.2275854879305403,-2.449256909594748,-2.6447750064001907,-2.818960727801469,-2.9750562830546183,-3.083241215097698,-3.1181852612225494,-3.086107118365094,-2.99018011314641,-2.830862641597208,-2.605267114411329,-2.3049036222313384,-1.9087784377837549,-1.3550752711568137,0.22973284460955387,1.403599748092664,1.9668243207138423,2.389559968435761,2.7329949254885992,3.0220937000761623,3.2708974937037474,3.4886595782717658,3.6818665160322244,3.8550664938871093,4.011321384689787,4.152534470688692,4.279725138336773,4.393265807595686,4.493082950428059,4.578823338751087,4.649988228775674,4.706039166012521,4.7464791737009255,4.770912590733409,4.779086085344969,4.767653202593806,4.733867844293355,4.67921608884853,4.6059991660342225,4.517083822976247,4.415582235824427,4.304494214698032,4.186355428171252,4.062942522903067,3.935084744104864,3.8026186193009157,3.664498032596753,3.5190423063510683,3.364278682823251,3.1983207570976813,3.0197239536078153,2.827770421514719,2.622652852216566,2.4055438733966272,2.178551240762032,1.944567993748842,1.7070318645455544,1.469611282885476,1.2358384716837048,1.0087157322089797,0.790331181430645,0.581535408198645,0.38174674331340064,0.18895855985805543,-1.9646408917780107e-7,0.5127804157908469,1.0330685887712125,1.5661677376380656,2.113598314426857,2.6724944279098883,3.2359571861647285,3.794089520954887,4.3353523385788835,4.847923035884174,5.320832740559108,5.744761981143259,6.112467393004495,6.418888349855833,6.661036906597337,6.837800139262655,6.949774917077003,6.999211169853222,6.99006954753986,6.928120085856278,6.820941784196064,6.677650929274326,6.508208478611777,6.322248937614092,6.127535443983342,5.928343287547387,5.724219609269408,5.509546804614298,5.274097110847005,5.004389329892405,4.685322527152503
-1.2370724828325844e-7,-0.1626050252291064,-0.3268693988361315,-0.49419822572805044,-0.6655280439276133,-0.8411814474860383,-1.0208028967675893,-1.203371927921113,-1.3872792575051782,-1.5704469081417205,-1.7504739349522696,-1.9247923109001734,-2.0908211864462247,-2.2461110567269653,-2.3884719983608598,-2.516082096193599,-2.6275736150059097,-2.722095527752635,-2.7993517851379166,-2.859615243444723,-2.9037174681886615,-2.933014708982324,-2.94933024296452,-2.954873139904405,-2.952133562585555,-2.943755360702225,-2.9323883849536583,-2.9205259517038504,-2.91033710370045,-2.903507875452958,-2.90110904105051,-2.8976156219866116,-2.88710549822713,-2.8694887548742445,-2.844614402735461,-2.8122683913842073,-2.7721702114815896,-2.7239673780398594,-2.667226721682221,-2.601420862829401,-2.5259073559474117,-2.4398964849130023,-2.3424009988634302,-2.2321559921833876,-2.1074868906109785,-1.9660812291132412,-1.8045665180094987,-1.6176511174438175,-1.3961120593651761,-1.1208913097856856,-0.7360644492379308,0.4373623921294465,0.969154978268585,1.303245921580552,1.5700661696222968,1.7987470150667153,2.0014774383319427,2.1846729129509375,2.35217540099459,2.5064927210182195,2.649370353959976,2.78240754445799,2.906997516881984,3.024120372169586,3.134682982878348,3.2395376115124566,3.3394843653239707,3.4352632870648674,3.5275404821291363,3.616891852365665,3.70378738631446,3.788578365197059,3.8714892097718643,3.9526150098349917,4.031925083906164,4.109272271129925,4.18440712159769,4.2569957714316295,4.326640087274691,4.392898637514873,4.45530716917935,4.513397500790199,4.566714038354201,4.614827441952693,4.657345278715198,4.693919767660853,4.724252935193887,4.748099647043636,4.765269059792878,4.775625044781937,4.779086085344971,4.767653202593805,4.733867844293357,4.679216088848531,4.605999166034225,4.517083822976248,4.415582235824431,4.3044942146980345,4.186355428171255,4.062942522903069,3.935084744104867,3.8026186193009206,3.6644980325967604,3.5190423063510723,3.364278682823254,3.1983207570976884,3.019723953607818,2.827770421514722,2.622652852216576,2.4055438733966357,2.1785512407620424,1.9445679937488534,1.7070318645455664,1.4696112828854864,1.2358384716837185,1.00871573220899,0.7903311814306698,0.5815354081986657,0.381746743313443,0.1889585598581556,-1.2370724828325844e-7,0.3259345870290505,0.6543248224833277,0.9860798111275146,1.31954858809397,1.650335023499883,1.9719220740040224,2.2768589541641613,2.5581761082940226,2.8107028266518608,3.032015471273466,3.222813539880098,3.3866105688359127,3.5287559827733723,3.654978331800472,3.7698208428938087,3.875433807899485,3.971100698502848,4.053606273701849,4.118235338443631,4.159987667385086,4.174584159591595,4.158978219264422,4.111282840846138,4.030206097199624,3.9142158601477073,3.760701561701805,3.5653417290809446,3.3217028396155612,3.0207602896848376,2.6493703539599713
-6.362957301645173e-8,-0.16260502522920067,-0.3268693988361071,-0.4941982257280251,-0.6655280439275867,-0.8411814474860156,-1.020802896767565,-1.2033719279210768,-1.3872792575051467,-1.5704469081416814,-1.7504739349522307,-1.9247923109001366,-2.0908211864461834,-2.2461110567269196,-2.3884719983608127,-2.5160820961935504,-2.627573615005855,-2.7220955277525802,-2.799351785137859,-2.8596152434446607,-2.903717468188594,-2.9330147089822534,-2.949330242964445,-2.9548731399043273,-2.9521335625854737,-2.943755360702141,-2.9323883849535717,-2.920525951703761,-2.910337103700359,-2.9035078754528665,-2.9011090410504186,-2.8914972372519188,-2.8625330213959654,-2.8138163676911527,-2.7446320069337196,-2.6538640529991864,-2.5398453989047574,-2.400091851710687,-2.230810436064898,-2.025910792620636,-1.774742700711485,-1.4557224657970163,-1.009691820955826,0.3766915458868613,1.1650306271079711,1.6182553900760719,1.9794200684858647,2.2906579953526363,2.5685704598906978,2.821580864440001,3.054591767815275,3.2707265219757566,3.472115347835989,3.660297093620326,3.8364436616649,4.001493947461771,4.15623783100617,4.301370752563932,4.437529964137581,4.565318771608597,4.685322527152512,4.795337188760521,4.893830354287442,4.982788254579167,5.064670371036696,5.142350958883533,5.219058176359144,5.2982901534919025,5.383688768034572,5.478852130609479,5.587072155899104,5.711002042642562,5.85229502010587,6.011300979164129,6.186929788169342,6.37675303532365,6.577323356062937,6.784602070720818,6.9943637612621705,7.202492906662021,7.405154677083834,7.598866713076107,7.780511773699507,7.947324482205853,8.09687287040962,8.227044610167217,8.336040819754627,8.422376648084473,8.484886341714114,8.522730227112987,8.535401367178187,8.520677880418067,8.47691440442489,8.405279204115809,8.307550075150731,8.185882176784,8.042525320306034,7.879529383884381,7.698481050341038,7.500313419909385,7.285221126892349,7.052697953117336,6.801694204020897,6.53087144471067,6.238916912584919,5.92487201230566,5.588429485310718,5.230160715788779,4.851645553307096,4.455489278799603,4.045222936513329,3.625093284471295,3.199757142458417,2.7739026784396996,2.3518281842564512,1.9370179010099104,1.5317641805642068,1.1368934101488997,0.7516546769597591,0.3738182114481971,-6.362957301645173e-8,-0.17311287869788342,-0.351719792469537,-0.5403622065137833,-0.7419376177628751,-0.9573971669628787,-1.1858026273714442,-1.4246272479135513,-1.6701800235593032,-1.9180669982372982,-2.163638724777441,-2.4023954952016906,-2.630331858840374,-2.844204226666482,-3.041704607885785,-3.221523073473406,-3.3832839206540237,-3.5273477973554885,-3.654485564146179,-3.765449014754086,-3.8604853863877318,-3.9388602008068268,-3.9984581009757485,-4.035517838127298,-4.044525053351063,-4.018240493270877,-3.9477876839646697,-3.8226581841085427,-3.6303791670461165,-3.3553033268999983,-2.975056283054618
-4.6085068252715184e-7,0.48239493114012383,0.9677185297266637,1.458963210643303,1.9591832720969529,2.4713793780070628,2.998252519696145,3.5418476898471005,4.1031405204632785,4.6816397803904914,5.275079953976758,5.879262542487869,6.4880788931928715,7.093719646589675,7.687052832550487,8.25813719647718,8.796829242391938,9.293439729807375,9.739395588367037,10.127864497180008,10.45430047285556,10.71686912075099,10.916710744747963,11.057999088645543,11.14775510005684,11.195382432426664,11.211909765144174,11.208960014193357,11.197520201785522,11.186651000963659,11.182331321917701,11.179333939099866,11.170349479864276,11.15540095970185,11.134526564302387,11.107779390813949,11.075227088503391,11.036951401703732,10.99304761873943,10.943623931312263,10.888800709602698,10.82870969909136,10.763493145825153,10.693302857538672,10.618299208686002,10.538650098034108,10.45452986800856,10.3661181954567,10.273598963893274,10.177159127609617,10.076987578250469,9.973274024580471,9.866207896169813,9.755977281612235,9.642767911644949,9.526762197159968,9.408138331577648,9.287069466393431,9.163722967908033,9.038259762216429,8.910833774466322,8.80645205719576,8.75957743509506,8.770415517544413,8.82385399591062,8.903915031728301,9.000372037451372,9.107758007020836,9.223316913224231,9.345674281035347,9.47410932730197,9.608159227294863,9.747396139242895,9.89129763234737,10.039171963176257,10.190118969171486,10.343016355931292,10.496525315073148,10.649111294539964,10.799076579625131,10.944601728263398,11.083793129523677,11.214734154138586,11.335537591773416,11.444397330017761,11.539637513327074,11.619757708624006,11.683472881540784,11.729747241674293,11.757821240763985,11.767231203583831,11.759690349702792,11.735961901384835,11.692856447185845,11.625465371019855,11.527705484855048,11.392967073263016,11.214784518708019,10.987459192975791,10.706583186531056,10.369433415668835,9.97522425009633,9.525220961413837,9.022725768185033,8.472953790593873,7.882818841771168,7.260649550287597,6.61585541818528,5.958560375171621,5.299218274738546,4.648220531680575,4.015500611510019,3.410133344568659,2.8399195007751734,2.3109394223917974,1.8270582734781318,1.3893791692757036,0.9956844260185442,0.6399924536450401,0.3124710703031675,-4.6085068252715184e-7,0.4200859970741435,0.8617245650551858,1.3427788533067369,1.8748922345983219,2.4625188260833575,3.1031749024705553,3.7883487806562326,4.504665293566108,5.235123024245017,5.9603559332562694,6.659913770585569,7.313549698975466,7.9024824556582995,8.410581359824453,8.825411749000866,9.139076520351617,9.348794217682162,9.457162302531328,9.47206266170115,9.406173230922095,9.276056596965104,9.100811581789937,8.900312829115272,8.693145135812657,8.494468914420452,8.314195804944138,8.155922642450081,8.01697253861067,7.889612037400042,7.7631756557129075
-4.33623177609359e-7,-0.13860756732762286,-0.27097959016186424,-0.39051241311320956,-0.4897366623376497,-0.5594473606800073,-0.5867901473541195,-0.5497130584985174,-0.3900023186242525,0.37631203659038687,0.7836254146350049,1.1392354734398997,1.4902971032898844,1.845226313211899,2.205086429478406,2.5683565367214216,2.932325099937933,3.293649919746712,3.6486421691603734,3.9934411548740756,4.3241394219080975,4.636882023593212,4.927950090560875,5.19383312335189,5.431291944741725,5.6374131677357635,5.809655599213639,5.945888855810529,6.044424444504635,6.1040395669545635,6.123993899988309,6.123193651050018,6.120798736670638,6.116826573794474,6.111305923030301,6.104276488112003,6.095788357178474,6.085901288402861,6.074683843898676,6.062212377673214,6.048569885724544,6.033844729182729,6.0181292446408285,6.00151825941729,5.984107533312753,5.965992152299009,5.947264903299248,5.928014662553058,5.908324832756202,5.888271865973955,5.867923910014609,5.847339615318704,5.826567137326741,5.8056433656613535,5.78459340630934,5.76343033641799,5.742155243518405,5.72075755223602,5.699215632188176,5.6774976712001655,5.655562788613255,5.63119839057945,5.602683621851884,5.570683055003828,5.535820690791408,5.498674952379794,5.459776245354336,5.419606901778431,5.378603174468831,5.337158825369035,5.295629771484776,5.254339221172372,5.213582755249044,5.173632878413237,5.134742678551362,5.09714837211355,5.061070667446654,5.0267150281676845,4.994271049289021,4.9639112560588465,4.935789689298488,4.910040646277518,4.886777903397658,4.866094662448573,4.84806434739253,4.832742248795119,4.820167885301056,4.8103678427453325,4.80335877575442,4.799150223690151,4.797746906444667,4.787790420928846,4.757878532412032,4.707903807367964,4.6377506097975605,4.547380926006609,4.43693742441949,4.306849809158657,4.157930208059466,3.991444617223664,3.8091498674511732,3.6132886995986486,3.406538943568618,3.1919162770961638,2.9726336025092137,2.751923931685432,2.5328381293572204,2.3180341363087553,2.1095800744784845,1.9087986274764603,1.7161817376862962,1.5313997086790936,1.353415084384012,1.1806905562828511,1.011457629192374,0.8439973617430191,0.676882434700332,0.5091412499320911,0.3403241361358138,0.17047162665396512,-2.0770237556617286e-7,0.2692320890896167,0.5335130804890622,0.7890531932498351,1.0341610032747404,1.2697356877707036,1.499131018050254,1.7273242482216078,1.9595388418363209,2.1997152705198184,2.449339820379016,2.707009381946972,2.9687970211323984,3.2291919412346255,3.48226355199104,3.7227350599384583,3.946759423763357,4.152300388393905,4.339110912890821,4.5083733256933956,4.662123393339687,4.802617808901627,4.931808107691183,5.051044534813639,5.16105723019785,5.262173361402576,5.354659011189338,5.439046620312288,5.516327292834136,5.58794058939812,5.655562788613257
-2.0770237556617286e-7,-0.13860756732729482,-0.2709795901617034,-0.39051241311311913,-0.4897366623376027,-0.5594473606799734,-0.5867901473540628,-0.5497130584984448,-0.3900023186242008,0.3763120365904793,0.7836254146350499,1.1392354734399222,1.4902971032899044,1.8452263132119093,2.205086429478417,2.56835653672143,2.932325099937943,3.293649919746726,3.648642169160376,3.9934411548740747,4.324139421908108,4.636882023593218,4.927950090560889,5.193833123351902,5.4312919447417265,5.637413167735767,5.809655599213643,5.945888855810534,6.044424444504639,6.104039566954572,6.12399389998831,6.1283621772124794,6.141396132972418,6.162885609627036,6.192488407267135,6.229741802188457,6.2740775963804545,6.324839781694928,6.381303834161662,6.442696680094282,6.508216477514743,6.577051508218248,6.648397650536543,6.721474077082508,6.795536978251924,6.869891240774819,6.94390010717725,7.0169929074267285,7.088670992123061,7.1585120126994015,7.226172693902511,7.291390232622439,7.353982439468313,7.4138467189816115,7.470957963849269,7.525365420031034,7.577188564899745,7.626612030451111,7.673879599193243,7.719287302040418,7.763175655712915,7.779745501350119,7.734630519240221,7.629493553282905,7.481337970206055,7.308049058155443,7.121764906768214,6.929848203129176,6.7369064720224685,6.546084298841327,6.359745503467591,6.179815841523007,6.007947550020626,5.845587860904128,5.69399361465074,5.554215533688753,5.427067308709649,5.313090783376142,5.212526416028141,5.125296434856582,5.051006011205102,4.988965185524673,4.938231402332326,4.897669784393586,4.866026178355256,4.842006859512993,4.824358658384568,4.811943979170708,4.803806378452809,4.799223697009378,4.797746906444655,4.787790420928839,4.757878532412025,4.70790380736796,4.637750609797554,4.547380926006601,4.436937424419479,4.30684980915865,4.15793020805946,3.991444617223659,3.8091498674511626,3.613288699598646,3.4065389435686138,3.1919162770961544,2.9726336025091977,2.751923931685427,2.5328381293572066,2.3180341363087598,2.10958007447847,1.9087986274764441,1.716181737686282,1.5313997086790778,1.353415084383989,1.1806905562828194,1.0114576291923407,0.8439973617429867,0.6768824347002894,0.5091412499320151,0.3403241361357406,0.1704716266537327,-4.33623177609359e-7,-0.14724684571443206,-0.2892232911535569,-0.4203925060321853,-0.5346090740108356,-0.6245772833648177,-0.6808267544089227,-0.6893704761855872,-0.6246777410558519,-0.41254707621005715,0.47479524726103495,0.915570853733927,1.307490059889691,1.6965917825251149,2.0929742587851825,2.499265563984118,2.9154466570886886,3.3403384268408027,3.772232311564751,4.209226026670598,4.649429445163255,5.091093810988585,5.532680145607575,5.972870337547221,6.410522430298464,6.844574773933979,7.273909349158284,7.697190773954528,8.112702533278739,8.518204382370715,8.910833774466322
-7.933488785643421e-7,0.5691222138292986,1.1306539575517363,1.6780024980728354,2.2064841163429763,2.714054424616981,3.2017517916655702,3.673743943133123,4.136888768871968,4.599785171542277,5.071403566703173,5.559520973753981,6.069280755645984,6.602189579536876,7.1557427420692665,7.723691106498558,8.29681314614818,8.863985445496732,9.413350948591043,9.933430821826963,10.414078469091377,10.847215059231548,11.227312025334376,11.551602072972852,11.820012711883455,12.034830599204179,12.20012445784426,12.320979828819535,12.402627915716053,12.449576978772873,12.464868934984214,12.46181658770935,12.452667620253715,12.437446202118572,12.41619243744355,12.388962098594384,12.355826255452193,12.316870802680423,12.272195887907202,12.221915244431662,12.16615543274215,12.105054995820593,12.038763533902339,11.967440705058971,11.891255158672173,11.810383409561592,11.725008661215757,11.635319587240856,11.54150908077987,11.443772982252106,11.34230879630607,11.237314409354521,11.12898681945062,11.017520890554348,10.90310814340869,10.785935595280852,10.666184660706232,10.544030125089211,10.419639202551018,10.293170688762045,10.16477421864936,10.046319776990925,9.958737290406964,9.914160294561414,9.9170742480627,9.962085187843625,10.03900800721149,10.138461826547067,10.253783208736413,10.380674954736286,10.51638082517434,10.659019911033399,10.807151545805413,10.959511644423559,11.114860624130152,11.271902311410265,11.429248470066113,11.58541298700634,11.738825231801101,11.887855356262046,12.030846356095163,12.16614913502986,12.292157869993,12.40734380265087,12.510286234700365,12.599700007816768,12.674459120654374,12.733616390660387,12.776419225714859,12.802321649373898,12.810992743327462,12.795537941046144,12.748256425156416,12.666522216297395,12.546357160951102,12.38296562800266,12.171372124266798,11.907080421999142,11.586680244202018,11.208344069620455,10.772176783978114,10.280400413339972,9.737372550910388,9.149449496093748,8.524713788767277,7.872591439265554,7.203387497792141,6.527770332248646,5.8562355809120294,5.198580551023545,4.563419033986592,3.957765103577463,3.386712167272352,2.853229648343323,2.35809305085721,1.899952569389504,1.4755304476251359,1.0799197698869885,0.7069422313087421,0.34951674741129024,-7.6745234966703e-7,-0.15280883992845515,-0.29834764709243233,-0.42868620727945617,-0.5343498913599471,-0.602744201076342,-0.6143916905027638,-0.5296458317222359,-0.13516661070718952,0.6841935901256807,1.1133211151137883,1.5347461091170083,1.9674623727128875,2.4150734362784387,2.876795756056127,3.350095314146804,3.8316917838981364,4.318083308828328,4.805885672655434,5.292073024356324,5.774144052658004,6.250215980743239,6.71904268152597,7.179954466747386,7.6327225913642724,8.077359456973559,8.513874202423365,8.942010935448193,9.361001372352726,9.769363664145043,10.164774218649372
-7.6745234966703e-7,-0.1443633194811042,-0.28384997527950545,-0.4133765711282162,-0.5273987660410648,-0.6195320387595744,-0.6818762299513565,-0.70357856736968,-0.6670213782805079,-0.5331314682321483,0.1313962070772646,0.6985206971201109,1.0735500468647634,1.4249012844613371,1.7702320697658567,2.1133987852201326,2.454139717625746,2.7904916511322515,3.119674327207731,3.4385035838849998,3.743624017436205,4.03166041950943,4.299326963749279,4.543511036713678,4.76133967054878,4.950232693059718,5.1079450120486,5.232599689570906,5.322713101687963,5.37721326701966,5.395452241767753,5.402529457600506,5.4236528188469935,5.458502193903178,5.506559306670492,5.567129058693164,5.639366490800295,5.722307102214402,5.814898278432026,5.916029880874886,6.024562516906241,6.139352528885294,6.259273226869328,6.38323228573594,6.510185511110439,6.639147351995076,6.769198618975053,6.899491879008244,7.029254964592368,7.1577929763869275,7.2844890890809575,7.408804400597558,7.530277000813471,7.648520381113398,7.76322126157635,7.874136878463903,7.981091750335343,8.083973925632474,8.182730706943737,8.277363846379986,8.367924211632838,8.437588757130325,8.461260136389507,8.428285718776538,8.335765711680402,8.190784246942375,8.005314636804004,7.790611421394319,7.5552791234086945,7.305601036413744,7.046338883194984,6.781370599334902,6.514095807887894,6.24766780261106,5.985110753660443,5.729360921665376,5.483255209738287,5.2494815469583465,5.030501782405504,4.828457431300492,4.645070506288245,4.481554449159841,4.338552172154374,4.216117581831232,4.1137523574498545,4.030501219494601,3.965098256858321,3.916147093668854,3.8823115864210638,3.862492626101675,3.8559698314360333,3.8488974767868145,3.827615307190536,3.791951747807,3.7416962595934438,3.6767001016298946,3.5969948367204143,3.502910442674345,3.3951746661410778,3.2749769893742555,3.1439836698507304,3.0042943016480175,2.8583351604972016,2.7086906228898116,2.557881896016605,2.40811264544692,2.261013169890222,2.1174255979235395,1.9772767511859188,1.8395769151741799,1.7025596202917441,1.5639450544287885,1.4212799218435552,1.272291392395545,1.1151966848796324,0.9489278670802705,0.7732539983824299,0.5888016875704795,0.39698700812538035,0.1998770022812672,-7.933488785643421e-7,0.3244520841638452,0.639939700785355,0.9384249902619366,1.2136721415025387,1.4620067256808933,1.6828666174059306,1.8790159421791726,2.056267009964714,2.222581074273791,2.3865539194180925,2.55555009573095,2.734016106965933,2.9225567802778465,3.118081980224025,3.3148870420073098,3.5062209152207657,3.6858557404790635,3.8493071237172556,3.994518762561186,4.1219509437408135,4.234108794978948,4.334641588412709,4.42724440149154,4.5146664179469855,4.598123376811443,4.6772939474704796,4.750880462892064,4.8175162428144604,4.87668657577662,4.929330966837352
-3.9554782222760284e-7,-0.14436331947957864,-0.28384997527874306,-0.4133765711276867,-0.5273987660406501,-0.619532038759226,-0.6818762299510284,-0.7035785673693782,-0.6670213782802074,-0.5331314682317196,0.13139620707909191,0.6985206971204339,1.0735500468649875,1.424901284461515,1.7702320697660086,2.1133987852202556,2.4541397176258632,2.790491651132359,3.119674327207825,3.438503583885095,3.7436240174362925,4.031660419509503,4.299326963749349,4.543511036713751,4.761339670548856,4.950232693059787,5.107945012048673,5.232599689570978,5.322713101688032,5.377213267019723,5.395452241767826,5.394246394442586,5.390647894660341,5.384713384763917,5.376535664634529,5.36624132116381,5.353987481034789,5.339957759360097,5.324357498542917,5.307408413716943,5.289342782657,5.270397338184197,5.250807038565339,5.230798904752619,5.210586120936765,5.1903625952768175,5.170298169564734,5.1505346492061435,5.131182798140893,5.112320407872171,5.093991507140248,5.076206731238707,5.058944820369388,5.04215516789808,5.02576129499851,5.009665090683925,4.993751627713555,4.977894346603431,4.961960392371903,4.945815891302707,4.929330966837346,4.909911588621899,4.885311095731848,4.855935828172319,4.822204936223598,4.784550599083518,4.743417863357232,4.699263953892125,4.652556956742502,4.603773826663909,4.553397725630404,4.501914750671961,4.449810155380631,4.397564206765754,4.345647845437855,4.29451833083156,4.244615053682998,4.196355685526354,4.1501328107742115,4.106311153080553,4.06522546696606,4.027179121436883,3.9924433580931415,3.961257165416711,3.9338276765212603,3.9103309718714145,3.8909131526629515,3.875691545074466,3.8647558999635248,3.858169465629929,3.855969831436076,3.8488974767868567,3.8276153071905794,3.7919517478070413,3.741696259593487,3.676700101629945,3.596994836720459,3.5029104426743927,3.3951746661411133,3.2749769893743004,3.143983669850781,3.004294301648064,2.8583351604972527,2.708690622889863,2.557881896016652,2.408112645446981,2.261013169890284,2.1174255979236043,1.9772767511860003,1.8395769151742667,1.7025596202918412,1.563945054428894,1.4212799218436614,1.272291392395663,1.1151966848797719,0.9489278670804343,0.7732539983826195,0.5888016875707678,0.39698700812576765,0.19987700228204597,-3.9554782222760284e-7,0.478684709249121,0.9649760122616373,1.465880156454048,1.98721116318059,2.533026093349355,3.1051212504757393,3.702635670476718,4.32181254863697,4.955963415827179,5.595665362733555,6.229201433259836,6.843231439238488,7.423657162262452,7.956623852285354,8.429580441173046,8.832305226345976,9.157793281496755,9.402898117141262,9.568625394704616,9.659994272673154,9.68541728075894,9.655608138918913,9.582111115892525,9.475647257919565,9.344565795082255,9.193729742026434,9.024111652030475,8.833222043029902,8.61628772169101,8.36792421163283
-2.2680282532946347e-7,-0.18823511660825076,-0.38281514792975807,-0.5891853374087717,-0.8112226603894533,-1.050912625308126,-1.3083461133819658,-1.5819328384775064,-1.8687226715254253,-2.164757874754295,-2.465414339694433,-2.7657139309311036,-3.060602511805257,-3.345193206432335,-3.6149756860140703,-3.865992052331442,-4.094979334361102,-4.299478128293393,-4.47790657726923,-4.629598659349678,-4.754805569507873,-4.85465883147929,-4.931093740335445,-4.986732027255454,-5.02472360234252,-5.048549308813981,-5.061790201115569,-5.067874021079787,-5.069815741222094,-5.0699748773147,-5.069855648448773,-5.0664479817838455,-5.056221687897421,-5.039166946798483,-5.015267590038479,-4.98450137209571,-4.946840298496362,-4.902250958820173,-4.850694797636361,-4.792128240660364,-4.72650257633528,-4.653763473540882,-4.5738499925508425,-4.486692916166437,-4.392212187313947,-4.290313182422596,-4.1808814674381685,-4.063775560792508,-3.93881704123906,-3.8057770482015107,-3.664357758840012,-3.514166664807864,-3.3546801794011376,-3.1851908250850154,-3.004728035316066,-2.811934363279851,-2.604861640425432,-2.3806122961800513,-2.134650890750402,-1.8593147710898499,-1.5399650830997573,-1.1373610165885866,-0.4824886081478252,0.8985989499915932,1.3505438925806394,1.6773106546785643,1.9424821882506014,2.1679747444650386,2.36463833264483,2.5386842369823013,2.6940733123445604,2.833518069852674,2.9589816211574336,3.071952015083982,3.173604492016924,3.2649027638413637,3.346664706189305,3.419605996542479,3.484369334777445,3.5415437629414304,3.591676873859361,3.6352817169063125,3.6728396496018796,3.704800070222266,3.731577797603512,3.7535487771428304,3.7710447463802255,3.784347462435968,3.7936830584279564,3.7992170443169826,3.801050392162356,3.7962379676765217,3.7815889102883578,3.756499431945414,3.720063622952653,3.6712083083861913,3.608853852520525,3.5320798679730383,3.440276170369267,3.333263101005624,3.211370284300332,3.0754679513982017,2.926949501120003,2.767667739437085,2.59983028183721,2.4258621063551202,2.2482454199464565,2.0693491275700144,1.8912634930781715,1.7156648548455538,1.5437498966831498,1.376233294002296,1.2133029880319153,1.0546140849942363,0.8994595759368754,0.7469769276026843,0.5963072736577727,0.4467139374182422,0.2976550118158849,0.1488011660906096,-9.881543920048274e-8,0.27920708610024236,0.555866785650551,0.8275608275643653,1.0921609667766905,1.34803068521074,1.5942397832340585,1.830729909960653,2.058356203403161,2.2787381506455153,2.493863755021609,2.7054375267221085,2.9140974980344083,3.1187497441582654,3.3162441293546556,3.501482730009993,3.667914851833043,3.8082767629647782,3.915392291878241,3.982856450401624,4.005460184986696,3.9792614963392636,3.901252950903015,3.7686047346113725,3.5774481593532093,3.3210299956895986,2.9865642176077305,2.548190276061369,1.9435127311406917,0.8977218977979277,-1.5399650830997638
-2.1801708376645435e-7,0.5066066416001451,1.0065363750377152,1.4938098149775645,1.9637743070259452,2.4135949446334393,2.842537083720294,3.251976274885775,3.6450921679886537,4.026244904554603,4.400095809951053,4.770605399184971,5.140093833472348,5.508553611258716,5.873351289118478,6.229363263593837,6.569497595486887,6.885491887636178,7.168856939191519,7.411847457396871,7.608366648422325,7.754736178729393,7.850278972775982,7.897667719082235,7.902988796422057,7.875464977596871,7.826780892533317,7.769979240658464,7.717962484396083,7.6817525051866875,7.668802989561487,7.663496306681327,7.647584826768331,7.621094140341038,7.5840665113518915,7.536560291953207,7.478649093107283,7.4104207001835265,7.331975718369514,7.243425927353454,7.144892317893389,7.036502774010338,6.9183893528491325,6.790685098646152,6.653520306158149,6.507018120057583,6.351289316806345,6.186426059287754,6.012494334181203,5.829524665437304,5.6375005245748415,5.436343597524747,5.225894663789725,5.005888202773351,4.775917828867618,4.5353871132809,4.2834409851491895,4.018856964141896,3.739879752967603,3.4439420160384073,3.1271675825855287,2.7987387765245617,2.4768050546581484,2.1764421755662196,1.9139552449068788,1.7077821258772001,1.5759313484155457,1.5298021187701776,1.5662258838901222,1.6681636815489462,1.8132307291426548,1.9816616265743763,2.1591590881657554,2.336444685123094,2.5079076244672667,2.670372639375146,2.822195965254988,2.9626507768436996,3.0915269687241818,3.2088822240739936,3.314896926051107,3.4097973983654954,3.4938209909966815,3.5672038296085105,3.6301781412539444,3.682971082259145,3.7258009471868694,3.758869565577755,3.7823516685941114,3.7963831317925494,3.801050392162369,3.796079109622441,3.7809683362037765,3.7551574848083424,3.7178083029513767,3.6679339557291795,3.604552998236622,3.52684800113733,3.4343097823674578,3.326851705763008,3.2048831913670783,3.069336461848625,2.9216450070578603,2.7636760433679837,2.5976224144874167,2.4258621063551136,2.250796030154181,2.0746772192376075,1.8994482464695024,1.7266129089852185,1.5571807204659276,1.3916749830200414,1.230106840381435,1.071996154061167,0.9165557078992064,0.7629023613397277,0.61021770744726,0.45786246153597865,0.30543985844328675,0.15280164164142823,-2.1801708376645435e-7,0.3941678340004097,0.7787578545441162,1.1457337294008763,1.4900633362137299,1.8109722331147644,2.112755987339038,2.404797855908939,2.700399073259487,3.014259334571601,3.359047255163416,3.7421549768912072,4.163797401852294,4.616938888152969,5.08870463320446,5.562544872647031,6.020505585385896,6.44522727656233,6.821508565150096,7.137377147767814,7.3846468979254105,7.5589550300062465,7.659295812149406,7.687107314751021,7.645022773877786,7.535455582812995,7.359224049797755,7.114409992530788,6.79555688114375,6.393126659673924,5.892804490566727
-9.881543920048274e-8,-0.1882351166082813,-0.38281514792978427,-0.5891853374087878,-0.8112226603894663,-1.050912625308149,-1.308346113381981,-1.5819328384775257,-1.8687226715254415,-2.1647578747543146,-2.465414339694451,-2.7657139309311205,-3.060602511805274,-3.34519320643235,-3.614975686014085,-3.865992052331456,-4.094979334361117,-4.299478128293407,-4.477906577269242,-4.629598659349687,-4.7548055695078855,-4.854658831479297,-4.9310937403354576,-4.986732027255468,-5.024723602342539,-5.048549308813992,-5.061790201115583,-5.067874021079795,-5.069815741222102,-5.069974877314716,-5.0698556484487876,-5.058725580478836,-5.025273229824961,-4.969306896937032,-4.890488833592083,-4.788305172940422,-4.662017700166959,-4.510589279448034,-4.332568408125265,-4.125906295610791,-3.887655096126584,-3.6134405549305892,-3.2964645779123205,-2.9253982965006133,-2.4791397580443078,-1.909667105031699,-1.037178519716217,1.245599026506259,2.0541596890499614,2.6293462505600442,3.101414070769644,3.5102357528041095,3.874205723716574,4.203552146199698,4.504641435160548,4.781759138340708,5.037964454201613,5.2755495198681714,5.496299815151845,5.701653998924788,5.892804490566714,6.0773670926763605,6.259469905135286,6.437936787669143,6.613538429514269,6.788005276197139,6.963500254063808,7.1422745643831655,7.32640125564777,7.517553115939249,7.716824279627228,7.924608622677617,8.140548737959184,8.363560550285444,8.591925295999603,8.823428652757483,9.055520968703773,9.28547411981003,9.510517475032561,9.727944227553806,9.93518695716664,10.129866259571731,10.309818550961703,10.473109424969499,10.618038058991083,10.743136829699651,10.847168943603567,10.929125743054428,10.988224492647792,11.023906885687536,11.035838196308747,10.995584256530057,10.875204577671639,10.67587420124989,10.399642857494488,10.049558284624133,9.629813519299736,9.145897079634185,8.604724217395887,8.014729388466481,7.385904335110272,6.729771876224971,6.059291352878461,5.388695356219244,4.733254195125445,4.108944680906455,3.5319440673656386,3.0177512791880248,2.579558514799768,2.22543318897083,1.9544892146974036,1.754063637654907,1.601239058969219,1.469101258721418,1.3337305877876107,1.1783215887886036,0.9940195674608596,0.7788929200287732,0.536339003967374,0.27352367513772474,-2.2680282532946347e-7,-0.19751668953880486,-0.40463803620742017,-0.6292253650655698,-0.8762405327579449,-1.147380901668522,-1.441328465155044,-1.7543134347654064,-2.0807650790141197,-2.413934334357584,-2.7464462228111652,-3.0707717076564705,-3.3796169530707747,-3.6662275205904056,-3.9246024187097612,-4.149610506806636,-4.337000666017402,-4.483297952880814,-4.585580422501383,-4.641134106572621,-4.646983683916771,-4.599287340350697,-4.492552670327447,-4.318544354116969,-4.064525602437543,-3.709807146906612,-3.2171913517988484,-2.5037892782936955,-1.234675373004177,1.9618734540160971,3.1271675825855123
3.152426775983426e-7,-0.23434673893507663,-0.4661948897012262,-0.6928425644288613,-0.9111929248965598,-1.117581950200302,-1.3076257244470837,-1.4760755082717991,-1.616650651120552,-1.721787728084145,-1.7821785930544531,-1.785807421516247,-1.7157131055856603,-1.5438770759317448,-1.2083804911105054,-0.3701763414550749,1.2674160300482595,1.9418989384799958,2.517177005774857,3.042790643791389,3.5316381770042717,3.9864505455659307,4.406063252236561,4.787652196793287,5.1277416689525,5.422738766950395,5.669251676101433,5.864294731411654,6.005426428932381,6.0908429841841905,6.11943920954649,6.123294542979719,6.134848007057397,6.154061582406113,6.180870577595062,6.215181787590027,6.2568711956521925,6.305781467051475,6.361719512566758,6.424454404666479,6.493715910066709,6.569193861997945,6.650538538813412,6.737362148567366,6.829241448294017,6.925721457953183,7.026320167396636,7.130534083861329,7.2378444294756985,7.34772377366956,7.459642873599922,7.573077495284804,7.687514997137016,7.802460473927316,7.917442280905812,8.03201678316151,8.145772202904448,8.25833146605499,8.369353978091466,8.47853628515971,8.585611591743783,8.644311869805827,8.578059150599591,8.407312738989345,8.188296989053189,7.952221788143137,7.712683587532602,7.476415407100017,7.247376655808662,7.028211786813017,6.820820953333931,6.626606780792419,6.446589366329935,6.28146202059735,6.131618733610853,5.997168879410978,5.877948458572346,5.773534191810353,5.683264706874739,5.606271074694778,5.541516916907867,5.4878464273723795,5.44403722726964,5.408854241517083,5.381100814926184,5.359663973052366,5.343551839469181,5.33192246363135,5.324104431513513,5.319610435247275,5.318145364836914,5.30548316114011,5.267655565044175,5.205133340090226,5.1186807632149485,5.0093272040542285,4.878331270731414,4.727140976887227,4.5573537187731015,4.370679758491532,4.168912372812704,3.953906879811758,3.727569485332811,3.491855433836367,3.2487744711779056,3.000400304027926,2.7488797219468912,2.496436433632482,2.2453644948503593,1.998006450698848,1.756711931146077,1.5237734043139852,1.3013371561767075,1.0912893856113552,0.8951192665829639,0.7137615305251964,0.5474185626926776,0.3953600214829943,0.2557178723781396,0.1253605882399098,4.34242076287736e-7,0.290907647966576,0.5810380244115126,0.8692992000933418,1.1543360615064686,1.434872464763377,1.7101388427134196,1.9802474379016444,2.246368411369382,2.5105566932538914,2.7751684050465535,3.0419717975747855,3.311224382704385,3.581058697156191,3.8474393871402564,4.104758572504458,4.346923200333932,4.568643787957672,4.766585698075175,4.940074834102611,5.091139393867532,5.223820064877023,5.343042799731169,5.451336457579188,5.552137439554438,5.643176714253508,5.720947747812395,5.780917415359572,5.819565843639311,5.8362888102178445,5.834636628198666
3.5752985101222707e-7,0.5034991324034696,1.0029145308066552,1.494997990794003,1.978068738562663,2.4525359198830623,2.9211086730247957,3.3886113389276393,3.861373141341095,4.3462479346461125,4.849421515531133,5.375240234187016,5.925302830956733,6.497986070672583,7.088456028315968,7.689104515736515,8.290283036684677,8.881191117088873,9.450794560612223,9.988680145127217,10.485781967151558,10.934935867427479,11.331232977339877,11.67215463964143,11.957482189765162,12.188988967764192,12.369939841028563,12.504445094990178,12.596738194947827,12.650465681928353,12.668085905185226,12.664003570509362,12.651767043498399,12.631407689674788,12.602977566990115,12.566549100714006,12.522214631806285,12.47008584228146,12.41029306205024,12.342984462678713,12.26832514443482,12.186496123890045,12.097693230205318,12.002125919046382,11.900016013838988,11.791596384779574,11.677109576654244,11.556806397077004,11.4309444772292,11.299786817553768,11.163600331120612,11.022654397522587,10.877219440178175,10.72756553980095,10.573961096552207,10.416671553042253,10.255958189956488,10.092077005843814,9.925277693096394,9.755802725332327,9.583886585233978,9.454400696444692,9.444597706740328,9.537060817176481,9.678496060320171,9.840458185365367,10.011896890441356,10.188357121880044,10.367844562460574,10.549328840669745,10.732142306459496,10.915710754040543,11.099424138388688,11.282574868547107,11.46433301143336,11.643743579977448,11.819737608567712,11.991151722661035,12.15675254099124,12.315263326771731,12.46539112368538,12.605853260543702,12.735402598768546,12.852851228015583,12.957092495331265,13.047121305935892,13.122052595828372,13.18113779103627,13.223778977326266,13.2495404415526,13.258157233365278,13.222141849509343,13.114252562543928,12.934990194156903,12.685286103567101,12.366633379008457,11.981244853552548,11.532216430678302,11.023673111113144,10.460876558226333,9.850276602303373,9.199494144830927,8.517228800915555,7.813090675121214,7.097361378727836,6.380694377618989,5.673768757848844,4.986913376870982,4.329720097570541,3.710665429055315,3.1367595513182396,2.6132405949789868,2.143330509540727,1.728067405343685,1.3662288154596949,1.0543623966400368,0.7869459553467245,0.5567007601260509,0.35505704124290555,0.17269472513370107,3.5752985101222707e-7,0.3291774862983456,0.6679995071276486,1.0260665664676036,1.4125744285069077,1.8357191515437472,2.302020789118936,2.8156083375215086,3.3775150844449113,3.9850885377606455,4.631638805561633,5.3064284236767705,5.995061937515665,6.68027946446165,7.343104426799217,7.964247532535489,8.52563077422119,9.011869618417112,9.411541156073897,9.718073212495241,9.930116982905615,10.051316698857626,10.089466538714785,10.055146150347618,9.960041043911133,9.815256665063252,9.629984155850899,9.410830483974475,9.16197342820735,8.8860248093383,8.585611591743783
4.34242076287736e-7,-0.2343467389349915,-0.46619488970114586,-0.6928425644288084,-0.9111929248965357,-1.1175819502002742,-1.307625724447055,-1.47607550827177,-1.61665065112052,-1.7217877280841098,-1.7821785930544143,-1.7858074215162074,-1.7157131055856143,-1.5438770759316875,-1.2083804911104392,-0.3701763414548476,1.2674160300483197,1.9418989384800338,2.5171770057748852,3.0427906437914083,3.5316381770042953,3.9864505455659462,4.40606325223657,4.787652196793295,5.127741668952488,5.422738766950388,5.669251676101426,5.864294731411645,6.00542642893237,6.090842984184181,6.119439209546481,6.117531835185969,6.11185602532508,6.102549588867602,6.089838447256536,6.074031028234727,6.055510491538317,6.034724876166387,6.0121753049406506,5.988402441045013,5.96397146292602,5.939455906010971,5.915420807277107,5.892405674210355,5.8709078731729765,5.851367082219738,5.834151468560203,5.8195462217864415,5.807744995458398,5.798844682372248,5.792843780336173,5.789644409422218,5.789057836915814,5.790813172736861,5.794568734585469,5.799925462591691,5.806441695505498,5.813648605151414,5.821065617510475,5.828215217496502,5.834636628198654,5.837417685819212,5.834259880602376,5.825653156482817,5.812107274617957,5.7941575541077395,5.772367655825913,5.74732897451339,5.7196564766293765,5.689981103940976,5.658939137629443,5.627159167020402,5.595247513393457,5.563773106071859,5.533252880724574,5.50413875830827,5.476807163652803,5.451551860317965,5.428580627731011,5.4080160116206075,5.389900069842176,5.374202745605603,5.360833258773235,5.349653735405034,5.340494206720381,5.333168098638414,5.327487387289801,5.323276691059988,5.32038568065068,5.318699296743733,5.318145364836923,5.305755938067728,5.268724555207294,5.207456802813743,5.122612213842286,5.015081547641258,4.885958649306225,4.736510045191907,4.568145651756591,4.3823937700638425,4.180882910374869,3.965331995928023,3.737549239440264,3.4994386173708607,3.253011551703653,3.0004003040279126,2.7438688107633333,2.4858162972064606,2.228768979213173,1.9753553907882184,1.7282611872882763,1.4901594435363839,1.2636122788097262,1.0509390245068646,0.8540454949384361,0.6742097512030757,0.5118258251414006,0.3661249926319515,0.23493147858650068,0.11456111817503646,3.152426775983426e-7,-0.24618400224765613,-0.4870457844772379,-0.7173629960433843,-0.9320795349673286,-1.1263062510426338,-1.2952250520769315,-1.433862929198641,-1.5366870205451908,-1.5969218705729928,-1.6053448050094203,-1.5478647385571689,-1.3994840448062091,-1.102727581984378,-0.3440849206152454,1.1763676168747699,1.827183649163685,2.4063722097364235,2.9631248468380793,3.5130626429589196,4.06244326238786,4.613824552604153,5.167838573495839,5.72569910843791,6.28489734937489,6.845336254801279,7.405292527211762,7.96252234871088,8.514051152202327,9.056109508619395,9.58388658523398
3.2003408134524456e-7,0.575267660372677,1.1500048666938185,1.723985702897057,2.297516815728999,2.871524494990937,3.4474603368633034,4.027019148779656,4.6117022106331165,5.202295387097393,5.798354968149054,6.397797162499513,6.996668951473681,7.589144779635411,8.167755707628796,8.723824911789949,9.248061312063056,9.731252291021715,10.164994270985002,10.542402571375046,10.858746187721556,11.111956812305387,11.302963761143616,11.43580803124672,11.517491593074801,11.55752624045379,11.567165746665143,11.558341954519891,11.542382354911767,11.52865641554591,11.523358686568889,11.519864884790563,11.50939492822288,11.491983086567174,11.467686221052563,11.436583403415783,11.398775385264063,11.35438392064386,11.303550945486268,11.246437618480945,11.183223228845975,11.114103977418319,11.039291638488693,10.95901211084822,10.873503867600881,10.783016315420166,10.68780807508493,10.588145196305694,10.484299321035106,10.376545810623732,10.265161853311339,10.150424569604867,10.032609134052475,9.91198693274075,9.788823776476747,9.663378190023034,9.535899797887863,9.406627826988734,9.275789745964778,9.143600059978697,9.010259278492848,8.9034703863373,8.867349883685744,8.903292534336106,8.98733963882533,9.097693190514335,9.222726634212869,9.3571399083857,9.498626054756143,9.646201501373705,9.799413354438187,9.957944213014084,10.121403727753314,10.289216834265796,10.460568381723215,10.634384496666321,10.809339722667886,10.983882739180604,11.156275198683106,11.324639176647805,11.487009429488094,11.64138729941105,11.785793740564365,11.91831955470115,12.037171485828862,12.140713304451307,12.227501396999973,12.296314661120226,12.346178698637395,12.37638440755569,12.38650111768609,12.376358001494497,12.345077075783438,12.290202001296265,12.207952445755504,12.093647428950982,11.942215022266142,11.74872711142241,11.508903127498936,11.219538720990993,10.878830297989623,10.48658089298102,10.044285067892678,9.555099680303812,9.023713556320095,8.456132824894222,7.859400489607317,7.24126922525306,6.609845771622148,5.973223955704172,5.339121584448916,4.7145345320723235,4.105419700311705,3.516417636093504,2.9506259112871946,2.4094361222448595,1.8924501588226854,1.397493819128434,0.9207453827147775,0.45699040832502014,3.2003408134524456e-7,0.573483819652584,1.157119393706331,1.7593792306528602,2.385707594651906,3.037709528713862,3.712916168868813,4.405033424818197,5.104525692878197,5.799393283748351,6.476038531311041,7.120154273941663,7.717596694750557,8.255219800303607,8.721653273145913,9.108002409618805,9.408441457759901,9.620662463012938,9.74613291450121,9.790109334906541,9.761353489575415,9.67150769421039,9.53411236314636,9.363299698808769,9.172275128424163,8.971792118820053,8.768904223621869,8.566292126245182,8.362375570925943,8.152241121623359,7.929215919214116
3.572383221935658e-7,0.20799043985133223,0.4147153730905152,0.6190719187971505,0.8202685117851998,1.0179455933658075,1.2122543899383647,1.403881074531367,1.5940068719868012,1.784200840760534,1.9762512309863396,2.1719521890491826,2.3728723616124285,2.580137187559947,2.794254891494545,3.0150074721655127,3.2414151265299544,3.4717697329936468,3.7037237155066287,3.9344162927979247,4.160619249807463,4.378887325894592,4.585702384153258,4.777604489647691,4.951306269163519,5.103789291341088,5.232382775352146,5.334825871592857,5.409315217972727,5.454539585031859,5.469703273273827,5.469407460245681,5.4685179037228515,5.467028281753864,5.464928160077381,5.462203149399781,5.458835132807587,5.454802569723836,5.4500808835367724,5.444642940000695,5.438459622658296,5.431500509828558,5.4237346551628685,5.415131470453294,5.405661705385766,5.395298514405295,5.384018595965863,5.3718033843656965,5.358640269316582,5.3445238135732875,5.329456934560043,5.31345201217852,5.296531882056862,5.278730671586641,5.260094435365435,5.240681547278732,5.22056280856346,5.199821234929341,5.178551491281691,5.156858949867161,5.134858356780747,5.111519998676719,5.086355192031149,5.060279371311155,5.0341681493646835,5.008836464462685,4.985019352191644,4.963355156084153,4.944371941010309,4.9284777534948,4.915955184929435,4.906960450168778,4.901526918935628,4.899572761715132,4.900912127918934,4.9052690900204405,4.912293481319924,4.921577732687967,4.932673868388449,4.945109936604177,4.958405304891544,4.972084421851643,4.985688813885546,4.99878723497036,5.010984008582048,5.021925690098553,5.031306235300432,5.038870888816642,5.044419009944848,5.04780603714284,5.048944761422063,5.039468223682794,5.011060194122252,4.963795554342214,4.897831278353675,4.81344932450149,4.7111067229366865,4.591484543599234,4.455527072166669,4.304463203901945,4.139803665128675,3.9633100156081795,3.776934295034286,3.5827314907242873,3.382750552645805,3.178913230675482,2.9728931736134316,2.766009919321715,2.559152855736386,2.352748194722762,2.1467770925154688,1.9408456440261646,1.7342988837881987,1.526363145155764,1.3162961760072784,1.1035235135692865,0.8877427629568516,0.6689834577131752,0.44761742498484064,0.22432149391977918,4.104602010746971e-7,0.3007564019683791,0.5983016929670611,0.8898523869238074,1.173424018400394,1.4480886023608281,1.7140619392416458,1.9725767510261765,2.225528282824781,2.47492969559007,2.7222744042453355,2.967947893390481,3.210837400414678,3.448245178423913,3.6761355743078616,3.8896684593455704,4.083917146570955,4.254645965130922,4.399024389677477,4.5161696306486645,4.607430168315757,4.676347896591024,4.728271167329021,4.769642043460795,4.807050652152404,4.846225695958891,4.891181752457161,4.943731710206676,5.003478858102683,5.068257332419792,5.134858356780752
4.104602010746971e-7,0.20799043985165272,0.4147153730905969,0.6190719187972454,0.8202685117852163,1.0179455933658277,1.2122543899383782,1.4038810745313899,1.5940068719868197,1.784200840760555,1.9762512309863463,2.171952189049192,2.372872361612454,2.5801371875599495,2.794254891494549,3.0150074721655202,3.2414151265299624,3.471769732993654,3.7037237155066354,3.9344162927979394,4.1606192498074694,4.3788873258945955,4.585702384153257,4.7776044896476915,4.9513062691635294,5.103789291341096,5.232382775352155,5.33482587159287,5.409315217972737,5.454539585031874,5.469703273273826,5.475578864198541,5.493115775877514,5.522048059983692,5.561944263678183,5.612224046310983,5.672179469341614,5.74099935291625,5.817795059146995,5.9016262112393285,5.991525132590951,6.086519125617332,6.185650047996903,6.287990942076544,6.392659707963193,6.498829975520371,6.605739430032081,6.712695892243926,6.8190814597238845,6.924354996340903,7.028053221371003,7.129790607901108,7.229258257849562,7.326221881962242,7.4205189798467,7.512055288598337,7.60080054922185,7.686783627759175,7.770087022423168,7.850840788556152,7.929215919214126,7.974304043840184,7.939491247978674,7.825032044815273,7.656807773095416,7.458808803575554,7.245105211085146,7.0236573721500655,6.7995988684344875,6.576839504877185,6.3587749838228635,6.148582416360508,5.949312181367781,5.763866751297396,5.594909548435095,5.4447303254341355,5.315090438847564,5.207073354995654,5.12096747929182,5.056206074216059,5.011380764232155,4.984331948254019,4.9723050666111535,4.972150709513869,4.980542116923747,4.994185929022102,5.010008849797763,5.025311037378733,5.037884005221263,5.046095365071967,5.048944761422041,5.03946822368278,5.011060194122243,4.963795554342206,4.89783127835367,4.813449324501478,4.711106722936682,4.591484543599226,4.4555270721666655,4.304463203901933,4.139803665128664,3.9633100156081706,3.7769342950342732,3.58273149072428,3.3827505526457995,3.178913230675471,2.972893173613419,2.7660099193216885,2.5591528557363703,2.352748194722754,2.146777092515456,1.9408456440261546,1.7342988837881723,1.5263631451557507,1.316296176007249,1.1035235135692467,0.8877427629568184,0.6689834577131037,0.44761742498472024,0.2243214939195393,3.572383221935658e-7,0.22019834857193593,0.4367390166391854,0.6463748272655124,0.8466741255165491,1.0364077221717116,1.215890160934064,1.3872247878155817,1.5543758867787034,1.722976280555609,1.8998014720767828,2.091925316259743,2.305704862209525,2.5458519153796675,2.8148465744362743,3.1128170319940893,3.437836958416654,3.78648273025321,4.154480478522917,4.537318971499659,4.930758303015599,5.331201206185625,5.735912653410572,6.143082825631922,6.5517366526948,6.961504283800848,7.372281517030722,7.783824819451182,8.195337689448637,8.605109231333008,9.01025927849286
3.0620117589492483e-7,-0.18955635907469268,-0.3700571079870807,-0.531893825102686,-0.6641390900421267,-0.7531539606753662,-0.7793646913169817,-0.7071206822361852,-0.42261488913487255,0.6519782780032212,1.1736752441408074,1.655206577912683,2.1361921173268756,2.6242929794358485,3.1197095931852337,3.6198180696910875,4.120643155973281,4.617482348812363,5.105235790986199,5.578616075628787,6.032302256289389,6.461064283651351,6.859869144492008,7.223973618913465,7.549005755072066,7.8310359221183266,8.066637797966308,8.252939484543578,8.387664922361788,8.469165796662088,8.496444137725602,8.493195344689802,8.483471800554938,8.467341667584607,8.444917412695558,8.416354120820118,8.381847170940912,8.34162931218737,8.29596718810311,8.245157367851636,8.189521953608526,8.129403843515384,8.065161739095544,7.997164994623979,7.925788413191311,7.851407099604684,7.7743914832596035,7.6951026240777125,7.613887910912576,7.53107725391121,7.4469798597554115,7.361881661308964,7.276043451142823,7.189699742340256,7.103058351081096,7.016300665492046,6.929582536296978,6.843035699306314,6.756769620053188,6.6708736387526,6.585419290240449,6.498346952814339,6.408416262206841,6.3168708667862505,6.224878687618934,6.133513246307324,6.043737162257552,5.956388640439926,5.872171737058401,5.791651066099722,5.71525139325,5.6432622708774325,5.575847531110212,5.513059117489556,5.454854445042335,5.4011162691681704,5.351673929682868,5.306324807615541,5.264854862442533,5.227057180939313,5.1927475593838714,5.161776277332748,5.134035435458574,5.109461542267986,5.088033432885462,5.069766039872512,5.0547009432773145,5.042894939397476,5.034408040101951,5.029292328831313,5.027582961125117,5.016088657086996,4.981779859534442,4.925167625685984,4.847067307873038,4.7485480809043965,4.630870200936722,4.495417057191767,4.343629857745322,4.1769526712881095,3.99679443515302,3.804512473226148,3.601419244882507,3.388810823882684,3.1680124445451305,2.9404338234608933,2.7076252455704837,2.4713247896761477,2.2334875383887303,1.9962889509203798,1.7620964190693764,1.533404967491378,1.3127347074276225,1.102488702138385,0.9047702595960546,0.7211588737052161,0.5524464774910977,0.3983469699235094,0.2572241047293242,0.1259424098921291,3.0620117589492483e-7,0.48865748069201004,1.0012575968507738,1.557703782660808,2.1710647959772515,2.846553810004913,3.5819673699394485,4.368887135044705,5.194065583765185,6.04070417799216,6.889551906272909,7.719860605368129,8.510267471273604,9.239671235973658,9.888146795487273,10.437913389529955,10.874339470657832,11.186937612989686,11.37027874276113,11.424738698382217,11.356981674904068,11.180082419117118,10.913189012477066,10.580629575075664,10.210376139304847,9.831820589608338,9.472933706453519,9.157111073581222,8.90005576582523,8.709110020482989,8.5813341726972
4.650339936614586e-7,0.5850654161453344,1.169640652332057,1.7539553331086333,2.339520062052604,2.9293889456486415,3.528026334095581,4.140752532496375,4.772837722393296,5.428406659087196,6.109374199353087,6.814627340025788,7.539604569008882,8.276327220205667,9.013848264130226,9.739026637593517,10.437513828952985,11.094843461155454,11.697530032133322,12.234099401519575,12.695985965859887,13.078238587416427,13.379980257944057,13.604567475937209,13.75939800189228,13.855325513143,13.905664179317265,13.924813043588323,13.926602322284118,13.922551854416794,13.920308313019772,13.915577338742096,13.901394480849039,13.877789900541973,13.844813754541711,13.802536027560816,13.75104629855205,13.690453441514313,13.620885261853036,13.542488069501976,13.45542619021656,13.35988141664498,13.256052400971118,13.144153991102597,13.024416512547917,12.897084998288047,12.762418369100574,12.620688566938469,12.472179644101507,12.317186811067373,12.156015445972539,11.988980068851186,11.816403283859366,11.638614692830709,11.45594978364145,11.26874879701472,11.077355575591968,10.882116399391046,10.683378812265287,10.48149044494481,10.276797842420976,10.110194892986264,10.036634338785285,10.054848945294761,10.140531888066572,10.268739601472886,10.423168987619738,10.594459970852926,10.777223255739878,10.968171082921039,11.165118411497682,11.366454287297715,11.570851214181223,11.777097005989264,11.983993000718836,12.190291163749043,12.394656476419277,12.595647786961353,12.791713556415544,12.981200359416368,13.162372462317451,13.333440780686757,13.492599305020146,13.638066855291505,13.768131881311584,13.88119800843968,13.975828137629206,14.050785121035657,14.105067315176877,14.137937629319104,14.148945011192128,14.129874332003322,14.072098854102833,13.97399576445776,13.833077211558447,13.646288433583791,13.410375959621808,13.122287073768677,12.779562275659652,12.380687529177113,11.925380945908465,11.414797453485914,10.851643560548931,10.240201663757393,9.586269026210694,8.897020497545071,8.180806328951114,7.446897204931328,6.705187994521528,5.965869794964831,5.239076636672094,4.534508804170041,3.8610293852775026,3.2262253235714793,2.6359213674418913,2.093640206301683,1.6000240680354372,1.1522832932872058,0.7438176565245622,0.36423584522591557,4.650339936614586e-7,0.2638537354592782,0.5279143965021483,0.7915907630926436,1.053140275954706,1.3098390303877407,1.558504386120508,1.7961835844276195,2.0208481131043285,2.2319316104146125,2.430558116718953,2.6193613443212334,2.801900847893454,2.981818036865181,3.161992776483892,3.3439912971315287,3.52799998403115,3.7132525896434494,3.898773066793788,4.084155445222047,4.270125521545792,4.458570293699768,4.652457849431893,4.854913968812516,5.068600951083178,5.295054286319097,5.534397389694696,5.785442824735577,6.046069214665149,6.313663940435271,6.585419290240446
5.191220149301962e-7,-0.18955635907419224,-0.3700571079868376,-0.5318938251024323,-0.6641390900419712,-0.7531539606751632,-0.7793646913168064,-0.7071206822359387,-0.4226148891344174,0.6519782780035506,1.173675244141028,1.6552065779128562,2.1361921173270444,2.6242929794359937,3.119709593185374,3.6198180696912208,4.120643155973411,4.61748234881249,5.10523579098632,5.578616075628909,6.0323022562895074,6.461064283651466,6.859869144492123,7.223973618913579,7.549005755072178,7.831035922118438,8.066637797966424,8.25293948454369,8.3876649223619,8.469165796662198,8.496444137725712,8.496270508243727,8.495747322332482,8.494867962854181,8.49362231424379,8.491998116095107,8.489982826142981,8.487565960102504,8.484741865822372,8.48151287869957,8.477892794204855,8.473910581638796,8.469614250881667,8.46507477100045,8.460389926324423,8.455687982332206,8.451131020932012,8.446917793205824,8.443285928424242,8.440513332372912,8.438918607245332,8.43886033118212,8.440735049630915,8.444973854547687,8.452037462142505,8.462409745805648,8.476589737536937,8.495082177036567,8.518386759762803,8.546986309594057,8.581334172697195,8.582158451160732,8.497713461637977,8.332216511416362,8.11262867688351,7.866210392426977,7.611205319669634,7.358502601374904,7.1145789735346,6.883344562471362,6.667126851265248,6.467195154591383,6.284059812559864,6.117663188272996,5.967519231805351,5.832828435370084,5.71257968868817,5.605642472629274,5.51084873699354,5.427062180047344,5.353232625361847,5.288434133761625,5.231886849506217,5.18296392822722,5.141185951576926,5.106205883599579,5.077787876975702,5.055783173766252,5.040106062356925,5.030712431700277,5.027582961125129,5.014919343809615,4.977205338594223,4.91525376727097,4.830361652177114,4.724228492093612,4.598851289605085,4.456405332083958,4.299121488363063,4.129171682561705,3.9485739104630673,3.7591264186807813,3.5623774212468318,3.359632236983187,3.151994585644024,2.940433823460905,2.725866022679552,2.5092347020941443,2.291577004394585,2.0740630557180992,1.8579996579098594,1.6447937497168692,1.435875720110705,1.2325874065656035,1.0360444804344615,0.8469880545982544,0.6656456634232558,0.4916264307201018,0.32387721696093996,0.16072271093561655,5.191220149301962e-7,-0.19645813098481568,-0.38798857625412697,-0.5696273702526193,-0.73631196341323,-0.8827663469376211,-1.0032952427641977,-1.0914098412825373,-1.1391060719832145,-1.1353286490764498,-1.0621368862106244,-0.881942561577413,-0.4481961416020846,0.8001552812985986,1.3358475550175843,1.8092884031889696,2.2701186298840863,2.73429536622112,3.209650008890323,3.700996561289541,4.211601436303482,4.7437196594705675,5.29840734698756,5.875697611387432,6.474331237224516,7.091705744587311,7.723845541560508,8.365438394676596,9.010195676518418,9.649940816173578,10.276797842420978
-2.5998516712901427e-7,-0.2971691715748243,-0.5943615898219662,-0.8913258280014579,-1.1872985916736596,-1.4808350640894241,-1.7697244328378114,-2.050994462969423,-2.320997133045609,-2.5755593035661195,-2.8101784553805182,-3.020242975042036,-3.201258142879512,-3.349061866263391,-3.460017575931489,-3.5311751686057926,-3.560394272725864,-3.546427419441448,-3.488963989181536,-3.388639228971251,-3.2470165015908883,-3.0665558853414816,-2.8505897676514054,-2.603339650589068,-2.3300365739933087,-2.037272294462316,-1.733867344194351,-1.4329402429440905,-1.1567277513481158,-0.9459250643369139,-0.8629366691828985,-0.8076997509288589,-0.6133351127562214,0.28638467701569414,0.8479620881659272,1.2371412065384424,1.5845948505850125,1.9114745580221697,2.225164926697452,2.5289133378699282,2.8243047103306234,3.1121420979847123,3.3928239974043115,3.666527207478326,3.933303581571115,4.193134623976415,4.445963775296399,4.691716126421924,4.930310678636855,5.161667999833212,5.385714948023417,5.602387489204589,5.81163226841297,6.01340737290721,6.207682588961503,6.394439363399684,6.573670618219452,6.7453805204034,6.909584272990154,7.066307964110874,7.215588486019307,7.303024522145117,7.224670643973544,7.022928245386191,6.773301472897922,6.5055505652842776,6.231421642783877,5.957578744589223,5.6890807199374605,5.430396007339091,5.185695114218774,4.958874284844091,4.753449603109538,4.572377677241515,4.417841875760525,4.291046919638285,4.192070708224217,4.1198184966704074,4.072105116084845,4.045859546686951,4.037415008140444,4.042829941189198,4.058186382931077,4.079827998797829,4.1045210280582625,4.129539513480228,4.152687754826374,4.172278135889874,4.187083234330609,4.196279364085012,4.199395685184283,4.200595876216042,4.202621486061305,4.201039759689249,4.189353173469621,4.160085763329233,4.105925682252813,4.0207397466552806,3.9003607830524927,3.743122107893644,3.5501578882556735,3.325505608043117,3.0760450109725763,2.8112894056833992,2.543002742535939,2.2845325271198265,2.0496184037601144,1.8503429622827505,1.6941410097141893,1.5807514499877942,1.5011343280526968,1.4397812872924056,1.379246767664543,1.3042440776131163,1.2038374055815035,1.071953794270673,0.9069983222977004,0.7111411520643484,0.4895353062170376,0.249545676503073,2.729811824361507e-8,0.24958473213179672,0.49432748318005776,0.7356024088490558,0.9854130616496334,1.2663588408981645,1.6052782117254485,2.023178831828138,2.5278725846634535,3.1127967673752623,3.760125852074539,4.445056303619241,5.139734863354997,5.8165210012032444,6.450602910382832,7.021958028054352,7.516591470791805,7.926982030059383,8.251715273013735,8.494372379087721,8.661854427278103,8.762430073214482,8.803863984148956,8.791975014021384,8.729866403138935,8.617886249463485,8.454179210321962,8.23555671850446,7.958389138081672,7.619301801732501,7.215588486019304
2.729811824361507e-8,0.5009451416409604,0.996930275399559,1.483773307549538,1.9587593697847676,2.421150741509339,2.8724273891748493,3.316181717465121,3.757629097460497,4.202764052561616,4.657280731561689,5.125455066933341,5.609215488256119,6.107587139656816,6.616596087039009,7.129608943903333,7.638002768966771,8.13202772486297,8.601732106490472,9.03784584003605,9.432547373812929,9.780061580710557,10.077051641970431,10.32277850169562,10.51901130219742,10.669685187354023,10.780322211249327,10.857258273326714,10.906752192019741,10.93408569091813,10.942784182422526,10.939281872618714,10.928780103701193,10.911294321580565,10.886850151238121,10.855483220702425,10.81723891716194,10.772172077719109,10.720346617950238,10.661835102051528,10.596718258914693,10.525084448977116,10.44702908711993,10.362654027235081,10.27206691433751,10.175380510253003,10.072711998955342,9.964182277548325,9.849915238680309,9.730037049829983,9.60467543440305,9.473958958918237,9.33801632972776,9.196975701694882,9.050964000027092,8.900106255012888,8.744524947708877,8.584339362635209,8.419664941211952,8.250612626941505,8.077288190121118,7.949634303374583,7.969463781133557,8.098338228564426,8.26509635632557,8.444606773421341,8.629921621116052,8.819211439018305,9.012144470927208,9.208721399923654,9.408826995585052,9.612044096766562,9.817589579927992,10.024319533344709,10.230777804634666,10.435271051004717,10.635957011980755,10.83093501134135,11.01832993305532,11.196363340716074,11.363407898499014,11.5180235948002,11.65897628222169,11.78524060478241,11.895990425966248,11.990580400384914,12.068522400691435,12.129460215449926,12.173145395834274,12.199416479123073,12.208183168554577,12.182603813306601,12.104869690799344,11.972159250846488,11.780298334892091,11.52446517175701,11.20002374519429,10.803374038299316,10.332719028110992,9.788671812085772,9.174654186485526,8.497064462046497,7.765214037476998,6.991048194259574,6.18867686039162,5.373745990011742,4.562679006410442,3.771806715453346,3.016370241656026,2.309278015888537,1.659119650028475,1.0650288950803315,0.4866686808967966,-0.41113802583473136,-0.5285790940395109,-0.4935766070338877,-0.4008424937724665,-0.28997039426001203,-0.1821714749074598,-0.08623401021294562,1.4183085914495461e-7,-0.3147101661452202,-0.6269092130248323,-0.9341284728273965,-1.2339663066183022,-1.524079719018802,-1.8021331137384315,-2.0657010841646137,-2.3121292380148684,-2.5383627573639207,-2.740754710091924,-2.9148629923451104,-3.0552339696720408,-3.1551490547238417,-3.2062699967677046,-3.1980384896570304,-3.116502033930331,-2.941733033344016,-2.641272537081748,-2.1487296845354513,-1.2363625845387824,1.5222794302364426,2.632087206376558,3.505438409985339,4.284984941069457,5.008895350427322,5.6916193453451225,6.338943866100816,6.952703410499154,7.532646874170675,8.077288190121116
1.4183085914495461e-7,-0.29716917157465855,-0.5943615898218905,-0.8913258280014114,-1.1872985916736338,-1.4808350640894015,-1.7697244328377795,-2.05099446296939,-2.320997133045579,-2.5755593035660893,-2.810178455380488,-3.020242975042004,-3.2012581428794795,-3.349061866263355,-3.46001757593145,-3.5311751686057558,-3.5603942727258233,-3.5464274194414074,-3.4889639891814928,-3.388639228971206,-3.24701650159084,-3.0665558853414305,-2.8505897676513507,-2.6033396505890076,-2.330036573993244,-2.0372722944622437,-1.733867344194268,-1.4329402429439928,-1.1567277513479988,-0.9459250643367683,-0.8629366691827421,-0.8617551678943779,-0.8581271968436464,-0.8517995537688314,-0.8423401136932275,-0.8291196467697188,-0.8112792969134521,-0.7876734231101077,-0.756767249042823,-0.7164448656193213,-0.6636195943421553,-0.593337797949004,-0.49624260492728606,-0.34780848719072976,0.16071191709352847,0.4428160068304138,0.6257927720467176,0.7836098656642035,0.9299167232664425,1.069947740398477,1.2061853577643225,1.3398997061924212,1.4717285095051547,1.6019413846708848,1.7305773925544607,1.857524403071515,1.982569033520958,2.1054305537022553,2.2257855053092857,2.343286642489996,2.4575782066592837,2.5702507504079097,2.6831505451531057,2.7959497402927656,2.9079550569294197,3.0182413354992628,3.1257736311117457,3.2295127269600092,3.328500962918219,3.421927142913534,3.5091706786566768,3.5898260443478285,3.663709190084467,3.730847948929538,3.7914587988198534,3.8459126755940627,3.8946928898980886,3.9383485407178855,3.977447066529907,4.012529637734778,4.044072883225165,4.072459904563366,4.097962664089585,4.120736705964801,4.140827909211354,4.158189741935497,4.172708448381259,4.184232882560648,4.1926053736862645,4.197690076980821,4.19939568518428,4.200595876216052,4.202621486061313,4.201039759689261,4.189353173469614,4.160085763329239,4.1059256822528205,4.020739746655285,3.900360783052495,3.7431221078936514,3.5501578882556664,3.3255056080431085,3.0760450109725697,2.8112894056833944,2.5430027425359336,2.284532527119819,2.049618403760109,1.8503429622827436,1.694141009714183,1.5807514499877802,1.5011343280526843,1.439781287292386,1.3792467676645326,1.3042440776130961,1.2038374055814907,1.0719537942706534,0.9069983222976848,0.7111411520643182,0.4895353062169618,0.2495456765029508,-2.5998516712901427e-7,0.40596655510819946,0.788447132983971,1.127241799568848,1.4085666473258585,1.6278267025983926,1.7916586683143847,1.9184257411268726,2.035661202390858,2.1729694670965567,2.351549194903097,2.5760260055709208,2.834201136798957,3.1036967104938356,3.3600417524802246,3.5825626927406393,3.7575326194051444,3.879205150900066,3.9492890218384664,3.97517713152647,3.9672054951669304,3.935404557760737,3.886493176495831,3.82200354774436,3.738157514351042,3.62745742422333,3.481291004916039,3.2925918448188507,3.057799696071292,2.777765716955673,2.4575782066592775
-2.512826378360074e-7,0.5303658576987608,1.0611085021931872,1.5930254531690529,2.1276486807646746,2.667360978547085,3.215258839691343,3.7747559151007617,4.348979843259128,4.940067711506,5.548494461366611,6.172563437607933,6.808151513052796,7.448747510181744,8.085770498824582,8.709117105418981,9.307868034649799,9.871080062268245,10.388594448468425,10.851800404254027,11.254299461667594,11.592422022817015,11.865551231137063,12.076213028098339,12.22989732884307,12.334587285057165,12.399995918459352,12.43654546880881,12.454174123091054,12.46110913921832,12.4627871423501,12.459157840390912,12.44827772682673,12.430170146854989,12.404873903520203,12.372443099953168,12.332946919830404,12.286469347359084,12.233108828439592,12.172977874984626,12.106202614677677,12.032922288730981,11.953288700450743,11.867465617632888,11.775628131993882,11.67796197898694,11.574662821462534,11.465935500704836,11.351993258410895,11.23305693318051,11.109354135051356,10.981118401550727,10.848588338644547,10.712006749850035,10.571619756645884,10.42767591316855,10.280425318030751,10.13011872594505,9.977006661688693,9.821338538812446,9.663361785382964,9.538603015281673,9.499401547245144,9.537408075098522,9.621160170463106,9.728749540186598,9.849736677378194,9.979412947084509,10.115551081482808,10.256982120158,10.402967245007948,10.552903989118755,10.706181406940825,10.862106719542112,11.019868787239917,11.178521912678798,11.336981851070119,11.494030108285216,11.648324823510581,11.798417650921142,11.942776479665094,12.079813798267658,12.207920198160489,12.325502077294555,12.431022178199806,12.523041268130985,12.600259092197122,12.661552714063747,12.706010484006367,12.732960106042555,12.741989576727814,12.72865610155494,12.687964375992792,12.617914758608121,12.515412634574414,12.37659462864746,12.197229768977763,11.973152923751275,11.700689615217144,11.377037962950116,11.000582735573099,10.571126198072697,10.090029154317863,9.560262534217257,8.986374858312379,8.374384063383845,7.731603760152242,7.066414287094272,6.387988121759921,5.705977424485635,5.030168767374565,4.370106505453047,3.734682031061921,3.1316821513876456,2.5672882111828454,2.0455230368434014,1.5676635691593195,1.1316835184789207,0.731865523426045,0.3588004723760608,-1.633119760214489e-7,0.2158670284235103,0.42455809448260884,0.620689231468805,0.8021523459680482,0.9709292890965038,1.1328413303747642,1.295999786051385,1.468244148162484,1.654552826917291,1.8556379538916976,2.0682902915012673,2.2870659622798506,2.5064172258833017,2.722480996038687,2.9340643452289257,3.1426463809701266,3.351449215779344,3.5638781331572176,3.781859852399558,4.004685317218643,4.228785237587533,4.448495084897103,4.657504972873987,4.8505076858039295,5.024573147862543,5.179906248849597,5.319809563583014,5.449848157692114,5.576402941805376,5.7049822236424745
-1.633119760214489e-7,-0.25120019781505376,-0.49658746466646553,-0.7302185789103753,-0.9458761238607072,-1.1368899919286342,-1.2958844601426887,-1.4143679267494493,-1.4819774039787041,-1.4848966649942479,-1.401965369989354,-1.19228537969987,-0.724280237651669,0.8731173681867682,1.568944334478574,2.139756883799123,2.6645957224342487,3.161299421632445,3.634404317122781,4.0837999177747815,4.50744536363693,4.902487105691398,5.2658043890155435,5.59430666842479,5.885106190108956,6.135619849650808,6.343627497974417,6.507302355651885,6.625223815828286,6.696380044228823,6.720165890798314,6.71857828381314,6.713820308285908,6.705906652617364,6.694862294683795,6.680723213568296,6.663537319145505,6.643365535717405,6.620282961885327,6.594380017789928,6.5657634832147505,6.534557326195927,6.500903221985151,6.464960666666635,6.426906598539816,6.386934453571435,6.345252598724591,6.3020821085998024,6.257653876237952,6.212205077605045,6.1659750404278935,6.119200600617752,6.072111062123331,6.02492290700692,5.977834429876696,5.931020492418181,5.884627607530442,5.838769566587335,5.7935238161791025,5.748928771613033,5.704982223642474,5.6597181360786815,5.611727156860269,5.561687242450151,5.5101041328646785,5.457311294839904,5.403480045479193,5.34863916955294,5.292702630856016,5.23550341449647,5.176831184124357,5.1164713200500955,5.054243006449046,4.990034312754004,4.923832602126367,4.8557490309424525,4.786036318021136,4.7150993172792015,4.6434981986153545,4.571944225145807,4.501288225341115,4.432501927803029,4.3666523997798095,4.304869962075229,4.248310196337785,4.1981110544239035,4.155346627813277,4.120979787945899,4.095816550938063,4.080465482758203,4.075305558331923,4.067288664697186,4.0430169758474,4.001867977037753,3.9429330456687763,3.865190727884148,3.7677136227086714,3.6498820030411574,3.5115790299175367,3.35334718875779,3.1764917935786428,2.983123673724065,2.776138539439048,2.5591345345766388,2.336271974737096,2.1120803050310566,1.891217201510547,1.6781842935836597,1.4770050895791504,1.290877017275447,1.1218262616405708,0.9704242423673318,0.835659120925431,0.7150643739981525,0.6051504691750643,0.5020651302797957,0.4022942539777657,0.30319771719097544,0.20326092638514176,0.10205860457577288,1.1851005599547819e-7,-0.2658851837047442,-0.5224387358371444,-0.7603875208892923,-0.9705291538149031,-1.1436360418703366,-1.2701446963627014,-1.3394055553582653,-1.3379173122810677,-1.2446823042468145,-1.0150187394188122,-0.45103295737959,0.9746580679279119,1.5619991410549279,2.066574699705026,2.5388224661666174,2.9949709115661527,3.4430190233793323,3.8881784835771946,4.334479834576261,4.785240924224408,5.243117875596212,5.709999699785615,6.18686448792943,6.673656810986897,7.169215180711691,7.671259356174911,8.176435445060829,8.680410488229183,9.178006156584742,9.663361785382968
1.1851005599547819e-7,-0.25120019781516295,-0.49658746466641346,-0.730218578910353,-0.9458761238606798,-1.1368899919285815,-1.2958844601426571,-1.4143679267494118,-1.4819774039786393,-1.4848966649941588,-1.4019653699892685,-1.1922853796996946,-0.7242802376514134,0.8731173681869955,1.5689443344787535,2.139756883799248,2.6645957224343566,3.161299421632556,3.6344043171228826,4.083799917774878,4.507445363637021,4.902487105691495,5.265804389015622,5.594306668424872,5.885106190109043,6.135619849650883,6.343627497974498,6.507302355651967,6.625223815828355,6.696380044228905,6.720165890798394,6.725461923269071,6.741258760123793,6.767286117153327,6.803104910786633,6.848123442616565,6.90161838382906,6.962759154756306,7.030634214398383,7.10427784443399,7.182696196875185,7.264891628936749,7.3498846282331955,7.436732899586699,7.524547416887302,7.612505427021929,7.699860525287726,7.785950007211721,7.870199748393956,7.952126881268643,8.031340534558593,8.107540885399906,8.180516751682603,8.250141927483984,8.316370440516094,8.379230889074242,8.438819998010576,8.49529551911602,8.54886859092546,8.5997956660524,8.648370110239732,8.65822878712514,8.577611749497525,8.41747206569101,8.211728689598951,7.984553404281318,7.748414852888328,7.509780883434409,7.272339091691204,7.038398038039064,6.809501024933942,6.586713350325499,6.370769113393448,6.16215608522235,5.9611745876432485,5.767988143558638,5.58267480525191,5.405282875163246,5.235891101880027,5.074670659182295,4.921944136399674,4.7782353930670665,4.644303490731558,4.5211540404058965,4.410022271852966,4.312324110238684,4.229574771207027,4.16327898508119,4.114802641524667,4.085241373095304,4.075305558331908,4.067288664697174,4.043016975847394,4.001867977037747,3.9429330456687834,3.8651907278841358,3.767713622708656,3.6498820030411427,3.5115790299175123,3.3533471887577786,3.1764917935786263,2.983123673724053,2.776138539439032,2.559134534576625,2.3362719747370844,2.1120803050310357,1.8912172015105155,1.6781842935836322,1.4770050895791285,1.2908770172754223,1.1218262616405457,0.9704242423673005,0.8356591209253943,0.7150643739981024,0.6051504691750242,0.5020651302797391,0.4022942539776855,0.3031977171908927,0.203260926384968,0.10205860457541577,-2.512826378360074e-7,0.4741652109924012,0.9660420783160287,1.4908406148526878,2.0592818733149048,2.676401996765721,3.3411459829908585,4.046598209940407,4.780683148135751,5.527212901743292,6.267192112644634,6.980296493914483,7.6464286307253495,8.247239404620501,8.767496597339527,9.196188833816217,9.52727319507974,9.760005705887517,9.898830901760071,9.952844570431417,9.934877736392904,9.860276907274056,9.745475376394689,9.606466235253533,9.45730470903689,9.308787676517513,9.167475327979883,9.035217212749439,8.909304015240803,8.783283099866903,8.648370110239728
-3.0582378351745865e-7,0.09177250937918857,0.1894377420869229,0.29824981945367934,0.42240797610569225,0.564927279361443,0.7277116118954947,0.9117067956940366,1.1170523018174803,1.3432005861279936,1.5890035316439985,1.85277670094944,2.1323530256853296,2.42513473076267,2.728148850628336,3.03810876706098,3.3514820295682055,3.6645632573097617,3.973550041666154,4.274619350212841,4.564001873621232,4.838051970787191,5.093311278714294,5.326564592791449,5.534887224258814,5.715683642595683,5.86671775425225,5.986135606626043,6.072481600022781,6.124709417964675,6.142188842375347,6.145808553084027,6.156608175055755,6.174411181240401,6.198929913740584,6.229774994382297,6.266467708440821,6.3084546764207685,6.3551240632764845,6.40582257537091,6.4598725523602685,6.516588558182916,6.575292994732037,6.635330387181661,6.69608010822528,6.756967410844053,6.8174727210081185,6.877139201813942,6.935578640401538,6.992475731573229,7.047590841088895,7.100761331018336,7.151901522930512,7.201001365301949,7.248123862041641,7.293401311665971,7.337030403149248,7.3792662160978475,7.420415180458539,7.460827064783361,7.500886081888736,7.516698031008234,7.47867698389639,7.389874269236103,7.267091873884156,7.126265489099515,6.977211264526472,6.825254211354269,6.673272940997226,6.52289741714065,6.375127428224488,6.2306524659421605,6.090022261033438,5.953739383287744,5.822307967820026,5.696255260526066,5.576134635140646,5.462515192032374,5.355961769163231,5.257009027333908,5.166133523739227,5.083727893839296,5.010081108658437,4.945368094627492,4.889650779884887,4.84289099719962,4.804973881980213,4.775738770002327,4.755013426792868,4.742646941284571,4.7385368518863045,4.728398629848048,4.698214358009393,4.648657250368095,4.580791008757578,4.495987799817858,4.395824123902732,4.281964668107995,4.15604602339914,4.0195728177306504,3.873837993688083,3.719876420575639,3.558456871312745,3.390112114649079,3.215201337968045,3.0339943574817503,2.8467639991148226,2.653872165511831,2.455836455671762,2.2533673451183067,2.047370195200851,1.8389110547876555,1.6291498071809936,1.41924835243604,1.2102649823562983,1.0030486845283808,0.7981484595697638,0.5957523605772185,0.3956684145758648,0.19735480170245773,-1.5740095221284027e-7,0.29808514581821094,0.5939678973312464,0.8853681207717866,1.1699145095056334,1.4452205647331884,1.709047687591886,1.9595419288245974,2.1955156704414196,2.4167250461898013,2.6240766856377182,2.819690332057793,3.0067535036616975,3.1891372756853738,3.3708006696870187,3.5550853064654273,3.7440725492236204,3.93841554081581,4.134590836465569,4.3326848181444,4.526877166651544,4.713032888208772,4.887253685661416,5.046627634108126,5.189606378672085,5.3161057129915426,5.427338844806104,5.525430584018582,5.61290274432091,5.6921472800614366,5.765000768036352
-1.862273719789324e-7,0.09177250937939943,0.18943774208702194,0.298249819453785,0.42240797610576253,0.5649272793614794,0.7277116118955353,0.9117067956940703,1.1170523018175136,1.343200586128021,1.5890035316440247,1.8527767009494596,2.132353025685349,2.4251347307626885,2.728148850628351,3.038108767060995,3.3514820295682224,3.6645632573097764,3.9735500416661655,4.274619350212853,4.564001873621242,4.838051970787203,5.093311278714303,5.32656459279146,5.5348872242588225,5.715683642595691,5.866717754252258,5.986135606626051,6.072481600022789,6.1247094179646835,6.142188842375355,6.141695197359734,6.140214790644182,6.137749256166304,6.134301477196145,6.129875815659393,6.124478412172897,6.118117536828088,6.110803966515298,6.102551361360625,6.093376610800678,6.083300119057116,6.072346000361628,6.060542156245891,6.047920210524286,6.03451528219261,6.0203655822215625,6.00551182697531,5.989996468515701,5.973862750096262,5.957153603394427,5.939910412118951,5.92217167416988,5.903971601108898,5.885338698907639,5.866294377401697,5.846851637283528,5.827013882627759,5.806773903831552,5.786113070643787,5.765000768036347,5.740059872636784,5.710816455892065,5.677926224375612,5.642012902060197,5.60365567767592,5.563378978956359,5.521645193832322,5.478850831148951,5.435326436694398,5.391340362245304,5.34710623895196,5.3027937493803,5.258542045959895,5.214474949534893,5.17071690021563,5.1274085387825155,5.084720778502856,5.042866285161329,5.002107412513721,4.9627598334488034,4.925191355775812,4.889815708681495,4.85708142478079,4.827456313779127,4.801408409463244,4.779384640084826,4.761788772814674,4.748960351625282,4.741156327290939,4.7385368518863,4.727384497183127,4.69424899330351,4.6400715933395835,4.566344460988633,4.475001098586257,4.368273756219246,4.248528875933695,4.118094700998597,3.9790975053662487,3.833323718745934,3.682123757031006,3.5263691297856474,3.366467554130906,3.202432380470795,3.033994357481747,2.860737538270966,2.682238360699306,2.4981880373097898,2.3084827425599066,2.113272396984368,1.9129656940372268,1.7081952551643713,1.4997517412368746,1.28849908503151,1.07528463210512,0.8608578222624443,0.6458090984975328,0.43053733633642716,0.2152503439997903,-1.862273719789324e-7,0.10698750985568796,0.21632636737255204,0.33077227052954095,0.4537302618130666,0.5892209039587749,0.7415423348750501,0.9147264140368114,1.1119687948150507,1.335200478543343,1.5848837762476176,1.860026121310657,2.15835703699652,2.476607023050256,2.8108399723661557,3.1568039156857783,3.5102634126799295,3.867053546924342,4.226012792733398,4.581683659437672,4.934522779574875,5.28405141432638,5.630929308090293,5.976579525925364,6.322856531865233,6.671645224833256,7.024427082698707,7.381866464261551,7.742427552950806,8.107470789317034,8.470485015292713
-1.5740095221284027e-7,0.5118571896444196,1.0254622116847458,1.5427824577267175,2.0661332939493264,2.598144080050589,3.1415277725338173,3.698668212261405,4.271087141166551,4.858887369959031,5.460278929192949,6.071279344816732,6.685644669546625,7.295047190937645,7.889480450212178,8.457848631240575,8.988685981475596,9.470949549190609,9.894831023132129,10.25253736045906,10.538992836034977,10.752415726261878,10.894720308932254,10.971689249558008,10.992854345245899,10.97101970803966,10.921370403485735,10.860145993553644,10.802936858978718,10.762781968916773,10.748377885177764,10.745211762054103,10.735723410942757,10.719942832365877,10.697919846481783,10.669723822522725,10.635443301027736,10.595185509910978,10.549075775732511,10.497256831887485,10.43988802580702,10.377144427674482,10.309215843611007,10.236305736779604,10.158630060402798,10.07641600729066,9.98990068113898,9.899329695582386,9.804955707779625,9.707036894164975,9.605835376918069,9.501615610679895,9.394642740062391,9.285180939549795,9.1734917484499,9.059832414598958,8.944454261521594,8.82760109466124,8.709507663084851,8.590398193683736,8.470485015292702,8.374920858578744,8.336405519436246,8.353319165575103,8.410113196817674,8.491940928617435,8.58992637872772,8.699549371618835,8.81860902624629,8.946026852863415,9.081221124504749,9.223772694522266,9.373235076185738,9.529020178810196,9.690328629698596,9.856110700831993,10.025051333672709,10.195575670544802,10.365872283984189,10.533931193201195,10.697593433147619,10.8546087276151,11.002697836531372,11.139616396596503,11.263217487485115,11.371510648731997,11.462715570773202,11.535309135823884,11.5880648631798,11.620084111989053,11.630818618894034,11.625992945077009,11.61059813165667,11.581961600297815,11.535888192060112,11.467015624459655,11.369253355748345,11.236261205958735,11.06192728496692,10.840812498358178,10.568538290481728,10.242103097781865,9.860119989687542,9.42297284998094,8.932891462352679,8.393947508124276,7.811974246066092,7.19441286315896,6.5500883134666,5.888916876039384,5.221546504811847,4.558929111179131,3.911821160116362,3.2902059170600433,2.702629449454879,2.155448419153506,1.6520114892272881,1.1918533491904653,0.7700802111243206,0.3772400936203965,-3.0582378351745865e-7,0.48589882950481433,0.9938273435555897,1.541382509787336,2.1387727982844784,2.7878799697927428,3.482920451870704,4.2119530219299515,4.958643872818428,5.70398065338121,6.427820758208864,7.110248637361462,7.732744981773161,8.279173706133458,8.736589297050173,9.095864030117363,9.352132799808789,9.5050516123851,9.558862236645421,9.52224827887573,9.407956198251048,9.232140138227974,9.013378617828787,8.771318938164253,8.524954754121083,8.290654951614396,8.080230432135696,7.89948289566015,7.74874749963306,7.618296819369464,7.500886081888727
